{
  "type": "minecraft:crafting_shaped",
  "pattern": [
    "iti",
    "gbg",
    "iri"
  ],
  "key": {
    "i": {
      "item": "minecraft:iron_block"
    },
    "t": {
      "item": "minecraft:turtle_helmet"
    },
    "b": {
      "item": "minecraft:bell"
    },
    "g": {
      "item": "minecraft:gold_block"
    },
    "r": {
      "item": "minecraft:redstone"
    }
  },
  "result": {
    "id": "minecraft:armor_stand",
    "components": {
      "minecraft:custom_model_data": 6901,
      "minecraft:max_stack_size": 1,
      "minecraft:entity_data": {
        "id": "minecraft:armor_stand",
        "NoGravity": true,
        "Invulnerable": true,
        "Tags": [
          "slot_machine"
        ],
        "Invisible": true,
        "NoBasePlate": true,
        "Small": true,
        "DisabledSlots": 4144959
      },
      "minecraft:item_name": "{\"text\": \"Slot Machine\", \"color\": \"gold\"}",
      "minecraft:lore": [
        "{\"text\": \"Can be placed\", \"color\": \"green\", \"italic\": false}",
        "{\"text\": \"Time to get rich!\", \"color\": \"gray\", \"italic\": false}"
      ]
    }
  }
}