{

  "type": "minecraft:crafting_shaped",
  "category": "misc",
  "key": {
    "A": {
      "item": "cobblemon:fairy_gem"
     },
    "B": {
      "item": "cobblemon:electric_gem"
     },
    "C": {
      "item": "cobblemon:ground_gem"
     },
    "D": {
      "item": "cobblemon:flying_gem"
     },
    "O": {
      "item": "minecraft:glass_pane"
     },
    "I": {
      "item": "minecraft:quartz"
     }
  },

  "pattern": [
    "ICI",
    "DOB",
    "IAI"
  ],

  "result": {
    "count": 1,
    "id": "mega_showdown:reveal_glass"
  }
}