{
  "infiniteStamina": "true",
  "gravity": "0",
  "deccelRate": "0.005",
  "minSpeedFactor": "0.50",
  "handlingYawExpr": "q.get_ride_stats('SKILL', 'AIR', 50.0, 25.0)",
  "handlingExpr": "q.get_ride_stats('SKILL', 'AIR', 90.0, 10.0)",
  "speedExpr": "q.get_ride_stats('SPEED', 'AIR', 24.0, 4.0)",
  "accelerationExpr": "q.get_ride_stats('ACCELERATION', 'AIR', 2.0, 8.0)",
  "jumpExpr": "q.get_ride_stats('JUMP', 'AIR', 2.0, 1.0)",
  "staminaExpr": "q.get_ride_stats('STAMINA', 'AIR', 60.0, 4.0)",
  "maxDownwardForceSeconds": "7.0"
}