{
	"format_version": "1.12.0",
	"minecraft:geometry": [
		{
			"description": {
				"identifier": "geometry.unknown",
				"texture_width": 64,
				"texture_height": 184,
				"visible_bounds_width": 9,
				"visible_bounds_height": 2.5,
				"visible_bounds_offset": [0, 0.75, 0]
			},
			"bones": [
				{
					"name": "dedenne",
					"pivot": [0, 0, 0]
				},
				{
					"name": "body",
					"parent": "dedenne",
					"pivot": [0, 0, 0]
				},
				{
					"name": "torso",
					"parent": "body",
					"pivot": [0, 5, 0.5],
					"cubes": [
						{"origin": [-6.5, 1, -5], "size": [13, 8, 11], "uv": [0, 0]}
					]
				},
				{
					"name": "head",
					"parent": "torso",
					"pivot": [0, 8, -1],
					"cubes": [
						{"origin": [-5.5, 7.5, -6], "size": [11, 8, 10], "uv": [0, 19]},
						{"origin": [3.25, 8.25, -5.75], "size": [2, 2, 2], "inflate": 0.26, "uv": [24, 44]},
						{"origin": [-5.25, 8.25, -5.75], "size": [2, 2, 2], "inflate": 0.26, "uv": [16, 44]},
						{"origin": [-0.5, 9, -6], "size": [1, 1, 0], "inflate": 0.03, "pivot": [0, 9.5, -1.5], "rotation": [0, 0, 45], "uv": [42, 35]},
						{"origin": [-0.5, 10, -6], "size": [1, 1, 0], "inflate": 0.01, "uv": [37, 9]},
						{"origin": [-1, 9.5, -6], "size": [2, 1, 0], "inflate": 0.02, "uv": [6, 28]}
					]
				},
				{
					"name": "hat",
					"parent": "head",
					"pivot": [0, 0, 0],
					"cubes": [
						{"origin": [-7.5, 14.75, -8.5], "size": [15, 1, 15], "uv": [0, 88]},
						{"origin": [-7.5, 14.75, -8.5], "size": [15, 1, 15], "inflate": 0.2, "uv": [0, 66]},
						{"origin": [-5, 14.5076, -5.83682], "size": [10, 4, 10], "pivot": [-0.5, 16.5076, -0.83682], "rotation": [-10, 0, 0], "uv": [2, 110]},
						{"origin": [-5, 14.5076, -5.83682], "size": [10, 4, 10], "inflate": 0.2, "pivot": [-0.5, 16.5076, -0.83682], "rotation": [-10, 0, 0], "uv": [0, 50]},
						{"origin": [-0.91161, 16.71339, -7.25], "size": [2, 2, 1], "pivot": [0, 17.625, -7.05339], "rotation": [20.20848, 19.05681, 138.42663], "uv": [33, 55]},
						{"origin": [-0.91161, 18.71339, -6.75], "size": [2, 2, 0], "pivot": [0, 17.625, -7.05339], "rotation": [20.20848, 19.05681, 138.42663], "uv": [35, 50]},
						{"origin": [-2.9283, 16.72739, -6.75], "size": [2, 2, 0], "pivot": [0, 17.625, -7.05339], "rotation": [23.09454, 15.35793, 148.15593], "uv": [42, 58]},
						{"origin": [-0.91421, 15.10049, -6.68315], "size": [2, 2, 0], "pivot": [0, 17.625, -7.05339], "rotation": [25, 0, -180], "uv": [40, 53]},
						{"origin": [-0.89761, 14.6967, -6.75], "size": [2, 2, 0], "pivot": [0, 17.625, -7.05339], "rotation": [16.62484, 22.22485, 128.28761], "uv": [4, 55]},
						{"origin": [1.08839, 16.71339, -6.75], "size": [2, 2, 0], "pivot": [0, 17.625, -7.05339], "rotation": [20.20848, 19.05681, 138.42663], "uv": [4, 50]},
						{"origin": [3.16955, 15.94373, -6.26315], "size": [2, 2, 0], "pivot": [4.16955, 16.94373, -6.26315], "rotation": [-7.44128, 10.80084, -57.41584], "uv": [7, 67]},
						{"origin": [-5.16955, 15.94373, -6.26315], "size": [2, 2, 0], "pivot": [-4.16955, 16.94373, -6.26315], "rotation": [-7.44128, -10.80084, 57.41584], "uv": [51, 21], "mirror": true}
					]
				},
				{
					"name": "bone3",
					"parent": "hat",
					"pivot": [3.25, 16.66226, -6.98296],
					"rotation": [-38.28308, -32.20376, 25.07176],
					"cubes": [
						{"origin": [2.75, 16.12059, -6.98296], "size": [1, 1, 0], "inflate": 0.001, "uv": [4, 88]},
						{"origin": [2.75, 16.87059, -6.98296], "size": [1, 1, 0], "uv": [1, 76]},
						{"origin": [3.5, 16.37059, -6.98296], "size": [1, 1, 0], "pivot": [4, 16.87059, -6.98296], "rotation": [0, 0, 50], "uv": [52, 57]},
						{"origin": [3.25, 15.62059, -6.98296], "size": [1, 1, 0], "pivot": [3.75, 16.12059, -6.98296], "rotation": [0, 0, 65], "uv": [48, 73]},
						{"origin": [2.25, 15.62059, -6.98296], "size": [1, 1, 0], "pivot": [2.75, 16.12059, -6.98296], "rotation": [0, 0, -65], "uv": [4, 97], "mirror": true},
						{"origin": [2, 16.37059, -6.98296], "size": [1, 1, 0], "pivot": [2.5, 16.87059, -6.98296], "rotation": [0, 0, -50], "uv": [1, 67], "mirror": true}
					]
				},
				{
					"name": "bone2",
					"parent": "hat",
					"pivot": [-3.25, 16.66226, -6.98296],
					"rotation": [-38.28308, 32.20376, -25.07176],
					"cubes": [
						{"origin": [-3.75, 16.12059, -6.98296], "size": [1, 1, 0], "inflate": 0.001, "uv": [38, 109], "mirror": true},
						{"origin": [-3.75, 16.87059, -6.98296], "size": [1, 1, 0], "uv": [55, 66], "mirror": true},
						{"origin": [-4.5, 16.37059, -6.98296], "size": [1, 1, 0], "pivot": [-4, 16.87059, -6.98296], "rotation": [0, 0, -50], "uv": [52, 94], "mirror": true},
						{"origin": [-4.25, 15.62059, -6.98296], "size": [1, 1, 0], "pivot": [-3.75, 16.12059, -6.98296], "rotation": [0, 0, -65], "uv": [48, 119], "mirror": true},
						{"origin": [-3.25, 15.62059, -6.98296], "size": [1, 1, 0], "pivot": [-2.75, 16.12059, -6.98296], "rotation": [0, 0, 65], "uv": [5, 111]},
						{"origin": [-3, 16.37059, -6.98296], "size": [1, 1, 0], "pivot": [-2.5, 16.87059, -6.98296], "rotation": [0, 0, 50], "uv": [52, 87]}
					]
				},
				{
					"name": "mouth_open",
					"parent": "head",
					"pivot": [0, 9.5, -1.4],
					"cubes": [
						{"origin": [-1, 8, -5.9], "size": [2, 1, 0], "inflate": 0.01, "uv": [0, 28]},
						{"origin": [-2, 9, -5.9], "size": [4, 1, 0], "inflate": 0.01, "uv": [0, 10]}
					]
				},
				{
					"name": "right_eye",
					"parent": "head",
					"pivot": [-2.75, 10.75, -6],
					"rotation": [0, 0, 5],
					"cubes": [
						{"origin": [-3, 11.5, -6], "size": [1, 1, 0], "inflate": 0.03, "uv": [24, 44]},
						{"origin": [-3.75, 9.75, -6], "size": [2, 3, 0], "inflate": 0.02, "uv": [44, 44]}
					]
				},
				{
					"name": "left_eye",
					"parent": "head",
					"pivot": [2.75, 10.75, -6],
					"rotation": [0, 0, -5],
					"cubes": [
						{"origin": [2, 11.5, -6], "size": [1, 1, 0], "inflate": 0.03, "uv": [22, 44]},
						{"origin": [1.75, 9.75, -6], "size": [2, 3, 0], "inflate": 0.02, "uv": [40, 44]}
					]
				},
				{
					"name": "right_eye_closed",
					"parent": "head",
					"pivot": [-2.75, 10.75, -5.9],
					"rotation": [0, 0, 5],
					"cubes": [
						{"origin": [-3.75, 9.75, -5.9], "size": [2, 3, 0], "inflate": 0.04, "uv": [36, 44]}
					]
				},
				{
					"name": "left_eye_closed",
					"parent": "head",
					"pivot": [2.75, 10.75, -5.9],
					"rotation": [0, 0, -5],
					"cubes": [
						{"origin": [1.75, 9.75, -5.9], "size": [2, 3, 0], "inflate": 0.04, "uv": [32, 44]}
					]
				},
				{
					"name": "right_ear_rotate",
					"parent": "head",
					"pivot": [-4, 15, -3.5]
				},
				{
					"name": "right_ear",
					"parent": "right_ear_rotate",
					"pivot": [-4, 15, -3.5],
					"rotation": [-10, 20, 22.5],
					"cubes": [
						{"origin": [-10, 15, -3.5], "size": [6, 6, 1], "uv": [10, 37]},
						{"origin": [-9.5, 16.5, -3.5], "size": [4, 4, 0], "inflate": 0.01, "uv": [8, 44]},
						{"origin": [-9, 16, -2.5], "size": [4, 4, 1], "uv": [0, 5]}
					]
				},
				{
					"name": "left_ear_rotate",
					"parent": "head",
					"pivot": [4, 15, -3.5]
				},
				{
					"name": "left_ear",
					"parent": "left_ear_rotate",
					"pivot": [4, 15, -3.5],
					"rotation": [-10, -20, -22.5],
					"cubes": [
						{"origin": [4, 15, -3.5], "size": [6, 6, 1], "uv": [37, 0]},
						{"origin": [5.5, 16.5, -3.5], "size": [4, 4, 0], "inflate": 0.01, "uv": [0, 44]},
						{"origin": [5, 16, -2.5], "size": [4, 4, 1], "uv": [0, 0]}
					]
				},
				{
					"name": "right_whiskers",
					"parent": "head",
					"pivot": [-5.5, 9.25, -5.5],
					"rotation": [0, 25, 0]
				},
				{
					"name": "right_top_whisker",
					"parent": "right_whiskers",
					"pivot": [-5.5, 9.25, -5.5],
					"rotation": [0, 0, 22.5],
					"cubes": [
						{"origin": [-8.5, 8.75, -5.49], "size": [1, 2, 0], "inflate": 0.01, "uv": [16, 44]},
						{"origin": [-11.5, 9.25, -5.49], "size": [6, 1, 0], "uv": [36, 43]},
						{"origin": [-10, 8.25, -5.49], "size": [1, 3, 0], "inflate": 0.01, "uv": [42, 29]}
					]
				},
				{
					"name": "right_bottom_whisker",
					"parent": "right_whiskers",
					"pivot": [-5.5, 9.25, -5.5],
					"rotation": [0, 0, -22.5],
					"cubes": [
						{"origin": [-9.5, 8.25, -5.49], "size": [4, 1, 0], "uv": [0, 27]}
					]
				},
				{
					"name": "left_whiskers",
					"parent": "head",
					"pivot": [5.5, 9.25, -5.5],
					"rotation": [0, -25, 0]
				},
				{
					"name": "left_top_whisker",
					"parent": "left_whiskers",
					"pivot": [5.5, 9.25, -5.5],
					"rotation": [0, 0, -22.5],
					"cubes": [
						{"origin": [7.5, 8.75, -5.49], "size": [1, 2, 0], "inflate": 0.01, "uv": [42, 33]},
						{"origin": [5.5, 9.25, -5.49], "size": [6, 1, 0], "uv": [24, 43]},
						{"origin": [9, 8.25, -5.49], "size": [1, 3, 0], "inflate": 0.01, "uv": [36, 39]}
					]
				},
				{
					"name": "left_bottom_whisker",
					"parent": "left_whiskers",
					"pivot": [5.5, 9.25, -5.5],
					"rotation": [0, 0, 22.5],
					"cubes": [
						{"origin": [5.5, 8.25, -5.49], "size": [4, 1, 0], "uv": [0, 26]}
					]
				},
				{
					"name": "arm_left",
					"parent": "torso",
					"pivot": [5, 7, -4.5],
					"cubes": [
						{"origin": [4, 6.5, -7], "size": [2, 1, 3], "uv": [42, 33]}
					]
				},
				{
					"name": "hand_left",
					"parent": "arm_left",
					"pivot": [5, 7, -7],
					"cubes": [
						{"origin": [4.5, 7, -8.5], "size": [1, 0, 2], "uv": [35, 7]},
						{"origin": [5.5, 7, -8], "size": [1, 0, 1], "uv": [3, 28]},
						{"origin": [3.5, 7, -8], "size": [1, 0, 1], "uv": [7, 10]}
					]
				},
				{
					"name": "arm_right",
					"parent": "torso",
					"pivot": [-5, 7, -4.5],
					"cubes": [
						{"origin": [-6, 6.5, -7], "size": [2, 1, 3], "uv": [42, 29]}
					]
				},
				{
					"name": "hand_right",
					"parent": "arm_right",
					"pivot": [-5, 7, -7],
					"cubes": [
						{"origin": [-5.5, 7, -8.5], "size": [1, 0, 2], "uv": [6, 26]},
						{"origin": [-6.5, 7, -8], "size": [1, 0, 1], "uv": [8, 5]},
						{"origin": [-4.5, 7, -8], "size": [1, 0, 1], "uv": [8, 0]}
					]
				},
				{
					"name": "tail_base",
					"parent": "torso",
					"pivot": [0, 2, 6],
					"cubes": [
						{"origin": [0, 1.5, 6], "size": [0, 1, 6], "uv": [36, 32]}
					]
				},
				{
					"name": "tail_base_bend",
					"parent": "tail_base",
					"pivot": [0, 2, 12],
					"cubes": [
						{"origin": [0, 1.5, 12], "size": [0, 1, 6], "uv": [24, 36]}
					]
				},
				{
					"name": "tail_base_mid_bend",
					"parent": "tail_base_bend",
					"pivot": [0, 2, 18],
					"cubes": [
						{"origin": [0, 1.5, 18], "size": [0, 1, 6], "uv": [35, 31]}
					]
				},
				{
					"name": "tail_mid",
					"parent": "tail_base_mid_bend",
					"pivot": [0, 2, 24],
					"cubes": [
						{"origin": [0, 1.5, 24], "size": [0, 1, 6], "uv": [24, 35]}
					]
				},
				{
					"name": "tail_mid_bend",
					"parent": "tail_mid",
					"pivot": [0, 2, 30],
					"cubes": [
						{"origin": [0, 1.5, 30], "size": [0, 1, 6], "uv": [24, 34]}
					]
				},
				{
					"name": "tail_mid_end_bend",
					"parent": "tail_mid_bend",
					"pivot": [0, 2, 36],
					"cubes": [
						{"origin": [0, 1.5, 36], "size": [0, 1, 6], "uv": [24, 33]}
					]
				},
				{
					"name": "tail_end_bend",
					"parent": "tail_mid_end_bend",
					"pivot": [0, 2, 42],
					"cubes": [
						{"origin": [0, 1.5, 42], "size": [0, 1, 6], "uv": [24, 32]}
					]
				},
				{
					"name": "tail_end",
					"parent": "tail_end_bend",
					"pivot": [0, 2, 48],
					"cubes": [
						{"origin": [0, 1.5, 48], "size": [0, 1, 6], "uv": [23, 31]}
					]
				},
				{
					"name": "tail_tip",
					"parent": "tail_end",
					"pivot": [0, 2, 54],
					"cubes": [
						{"origin": [0, -1.5, 54], "size": [0, 7, 5], "uv": [0, 32]},
						{"origin": [-3.5, 2, 54], "size": [7, 0, 5], "uv": [27, 24]},
						{"origin": [-3.5, 2, 54], "size": [7, 0, 5], "pivot": [0, 2, 54], "rotation": [0, 0, -45], "uv": [27, 19]},
						{"origin": [0, -1.5, 54], "size": [0, 7, 5], "pivot": [0, 2, 54], "rotation": [0, 0, -45], "uv": [0, 14]}
					]
				},
				{
					"name": "foot_right",
					"parent": "body",
					"pivot": [-3, 1, 0],
					"cubes": [
						{"origin": [-4.5, 0, -1], "size": [3, 1, 2], "inflate": 0.01, "uv": [38, 8]}
					]
				},
				{
					"name": "foot_right2",
					"parent": "foot_right",
					"pivot": [-3, 1, -1],
					"cubes": [
						{"origin": [-4.5, 0, -3], "size": [3, 1, 2], "uv": [48, 14]}
					]
				},
				{
					"name": "foot_left",
					"parent": "body",
					"pivot": [3, 1, 0],
					"cubes": [
						{"origin": [1.5, 0, -1], "size": [3, 1, 2], "inflate": 0.01, "uv": [37, 40]}
					]
				},
				{
					"name": "foot_left2",
					"parent": "foot_left",
					"pivot": [3, 1, -1],
					"cubes": [
						{"origin": [1.5, 0, -3], "size": [3, 1, 2], "uv": [47, 46]}
					]
				}
			]
		}
	]
}