{
	"format_version": "1.8.0",
	"animations": {
		"animation.arctozolt.ground_idle": {
			"loop": true,
			"animation_length": 4,
			"bones": {
				"torso": {
					"rotation": ["12.5-math.sin(q.anim_time*90*1-60)*1", 0, "-math.cos(q.anim_time*90*1-120)*0.5"],
					"position": [0, "-1+math.sin(q.anim_time*90*1)*0.2", -1.25]
				},
				"arm_left": {
					"rotation": [2.52154, -7.49282, -0.32902]
				},
				"hand_left": {
					"rotation": [0, 0, "32.5+math.sin(q.anim_time*90*20)*0.6"]
				},
				"claw_inner_left": {
					"rotation": [0, 0, 17.5]
				},
				"claw_inner_left2": {
					"rotation": [0, 0, 32.5]
				},
				"claw_inner_left3": {
					"rotation": [0, 0, 32.5]
				},
				"claw_middle_left": {
					"rotation": [0, 0, 22.5]
				},
				"claw_middle_left2": {
					"rotation": [-0.86704, -0.79538, 32.21188]
				},
				"claw_middle_left3": {
					"rotation": [0, 0, 45]
				},
				"claw_outer_left": {
					"rotation": [0, 0, 17.5]
				},
				"claw_outer_left2": {
					"rotation": [0, 0, "40+math.sin(q.anim_time*90*2-190)*6"]
				},
				"claw_outer_left3": {
					"rotation": [0, 0, 45]
				},
				"arm_right": {
					"rotation": [7.61435, 9.91358, 1.31845]
				},
				"hand_right": {
					"rotation": [0, 0, "-32.5+math.sin(q.anim_time*90*20)*0.6"]
				},
				"claw_inner_right": {
					"rotation": [0, 0, -30]
				},
				"claw_inner_right2": {
					"rotation": [0, 0, -32.5]
				},
				"claw_inner_right3": {
					"rotation": [0, 0, -17.5]
				},
				"claw_middle_right": {
					"rotation": [0, 0, -17.5]
				},
				"claw_middle_right2": {
					"rotation": [0, 0, -35]
				},
				"claw_middle_right3": {
					"rotation": [0, 0, -42.5]
				},
				"claw_outer_right": {
					"rotation": [0, 0, -15]
				},
				"claw_outer_right2": {
					"rotation": [0, 0, "-40+math.sin(q.anim_time*90*2-190)*6"]
				},
				"claw_outer_right3": {
					"rotation": [0, 0, -45]
				},
				"head": {
					"rotation": [7.5, 0, 0]
				},
				"jaw": {
					"rotation": ["43.5+math.sin(q.anim_time*90*20)*1+math.sin(q.anim_time*90*3-20)*3", 0, 0]
				},
				"jaw2": {
					"rotation": [-7.5, 0, 0]
				},
				"muzzle": {
					"rotation": [-5, 0, 0]
				},
				"muzzle2": {
					"rotation": [-10, 0, 0]
				},
				"tail": {
					"rotation": [-59.5, "math.cos(q.anim_time*90*1-60)*1", 0]
				},
				"tail2": {
					"rotation": [10, "math.cos(q.anim_time*90*1-120)*1", 0]
				},
				"tail3": {
					"rotation": [10, "math.cos(q.anim_time*90*1-160)*1", 0]
				},
				"tail4": {
					"rotation": [5, "math.cos(q.anim_time*90*1-200)*3", 0]
				},
				"tail5": {
					"rotation": [15, "math.cos(q.anim_time*90*1-240)*6", 0]
				},
				"tail_fin": {
					"rotation": [-7.5, 0, 0]
				},
				"leg_left": {
					"rotation": [1.08763, 44.0458, 0.79683],
					"position": [0, 0.3, -3]
				},
				"leg_right": {
					"rotation": [1.08763, -44.0458, -0.79683],
					"position": [0, 0.3, -3]
				},
				"mucus": {
					"rotation": [-5, "math.sin(q.anim_time*90*3+290)*2", 0],
					"scale": [1, 1, "1+math.sin(q.anim_time*90*3+290)*-0.05"]
				},
				"mucus2": {
					"rotation": ["-math.sin(q.anim_time*90*3+200)*4", "math.sin(q.anim_time*90*3+240)*2", 0]
				},
				"mucus3": {
					"rotation": ["math.cos(q.anim_time*90*3+200)*2", "math.sin(q.anim_time*90*3+200)*4", 0],
					"scale": [1, 1, "1+math.sin(q.anim_time*90*3+250)*-0.05"]
				},
				"tongue": {
					"rotation": ["-20+math.sin(q.anim_time*90*2)*2", 0, "math.sin(q.anim_time*90*1)*2"]
				},
				"tongue_bend": {
					"rotation": ["20+math.sin(q.anim_time*90*2-60)*10", 0, 0]
				},
				"body": {
					"position": [0, -1, 0]
				},
				"leg_left2": {
					"rotation": [0, 0, -7.5],
					"position": [0, 1, 0]
				},
				"leg_right2": {
					"rotation": [0, 0, 7.5],
					"position": [0, 1, 0]
				},
				"leg_left3_rot": {
					"rotation": [-0.74089, -4.94494, -76.46801]
				},
				"leg_right3_rot": {
					"rotation": [-0.74089, 4.94494, 76.46801]
				},
				"chest": {
					"rotation": [-4, 0, 0]
				},
				"arm_rotation_left": {
					"rotation": ["90.8963+math.sin(q.anim_time*90*1)*2", -17.35118, 88.61019],
					"position": [0, -1, 0]
				},
				"arm_rotation_right": {
					"rotation": ["90.8963+math.sin(q.anim_time*90*1)*2", 17.35118, -88.61019],
					"position": [0, -1, 0]
				},
				"neck_rotation": {
					"rotation": ["20+math.sin(q.anim_time*90*20-60)*0.2", 0, 0]
				},
				"neck2": {
					"rotation": ["-3.5+math.sin(q.anim_time*90*3-190)*3", 0, 0]
				},
				"neck3": {
					"rotation": ["math.sin(q.anim_time*90*3-250)*1", 0, 0]
				},
				"head_rotation": {
					"rotation": ["-12.5+math.sin(q.anim_time*90*3+290)*2", 0, "math.sin(q.anim_time*90*3-250)*1+math.sin(q.anim_time*90*20)*0.2"]
				},
				"head_fur_top2": {
					"rotation": ["-math.sin(q.anim_time*90*3+290)*2", 0, 0]
				},
				"head_fur_left2": {
					"rotation": [0, 0, "math.sin(q.anim_time*90*3+290)*2"]
				},
				"head_fur_right2": {
					"rotation": [0, 0, "-(math.sin(q.anim_time*90*3+290)*2)"]
				},
				"head_fur_top_left2": {
					"rotation": [0, 0, "math.sin(q.anim_time*90*3+290)*2"]
				},
				"head_fur_top_right2": {
					"rotation": [0, 0, "-(math.sin(q.anim_time*90*3+290)*2)"]
				},
				"head_fur_bottom_left2": {
					"rotation": [0, 0, "math.sin(q.anim_time*90*3+290)*2"]
				},
				"head_fur_bottom_right2": {
					"rotation": [0, 0, "-(math.sin(q.anim_time*90*3+290)*2)"]
				}
			}
		},
		"animation.arctozolt.ground_walk": {
			"loop": true,
			"animation_length": 4,
			"bones": {
				"torso": {
					"rotation": ["22.5-math.cos(q.anim_time*90*4)*1", "-math.cos(q.anim_time*90*2)*7", "-math.cos(q.anim_time*90*2-60)*8-math.cos(q.anim_time*90*6-60)*0.5"],
					"position": [0, "-1+math.cos(q.anim_time*90*4+60)*0.8", -1.25]
				},
				"arm_left": {
					"rotation": [2.52154, -7.49282, -0.32902]
				},
				"hand_left": {
					"rotation": [0, 0, "47.5+math.sin(q.anim_time*90*20)*0.6"]
				},
				"claw_inner_left": {
					"rotation": [0, 0, 17.5]
				},
				"claw_inner_left2": {
					"rotation": [0, 0, 32.5]
				},
				"claw_inner_left3": {
					"rotation": [0, 0, 32.5]
				},
				"claw_middle_left": {
					"rotation": [0, 0, 22.5]
				},
				"claw_middle_left2": {
					"rotation": [-0.86704, -0.79538, 32.21188]
				},
				"claw_middle_left3": {
					"rotation": [0, 0, 45]
				},
				"claw_outer_left": {
					"rotation": [0, 0, 17.5]
				},
				"claw_outer_left2": {
					"rotation": [0, 0, "40+math.sin(q.anim_time*90*2-190)*6"]
				},
				"claw_outer_left3": {
					"rotation": [0, 0, 45]
				},
				"arm_right": {
					"rotation": [7.61435, 9.91358, 1.31845]
				},
				"hand_right": {
					"rotation": [0, 0, "-47.5+math.sin(q.anim_time*90*20)*0.6"]
				},
				"claw_inner_right": {
					"rotation": [0, 0, -30]
				},
				"claw_inner_right2": {
					"rotation": [0, 0, -32.5]
				},
				"claw_inner_right3": {
					"rotation": [0, 0, -17.5]
				},
				"claw_middle_right": {
					"rotation": [0, 0, -17.5]
				},
				"claw_middle_right2": {
					"rotation": [0, 0, -35]
				},
				"claw_middle_right3": {
					"rotation": [0, 0, -42.5]
				},
				"claw_outer_right": {
					"rotation": [0, 0, -15]
				},
				"claw_outer_right2": {
					"rotation": [0, 0, "-40+math.sin(q.anim_time*90*2-190)*6"]
				},
				"claw_outer_right3": {
					"rotation": [0, 0, -45]
				},
				"head": {
					"rotation": [7.5, 0, 0]
				},
				"jaw": {
					"rotation": ["32.5+math.sin(q.anim_time*90*20)*1-math.sin(q.anim_time*90*4-120)*4", 0, 0]
				},
				"jaw2": {
					"rotation": [-7.5, 0, 0]
				},
				"muzzle": {
					"rotation": [-5, 0, 0]
				},
				"muzzle2": {
					"rotation": [-10, 0, 0]
				},
				"tail": {
					"rotation": ["-47.5-math.cos(q.anim_time*90*4-60)*1", "-math.cos(q.anim_time*90*2-120)*9", 0]
				},
				"tail2": {
					"rotation": ["2.5-math.cos(q.anim_time*90*4-120)*2", "-math.cos(q.anim_time*90*2-160)*9", 0]
				},
				"tail3": {
					"rotation": ["10-math.cos(q.anim_time*90*4-180)*2", "-math.cos(q.anim_time*90*1-200)*3", 0]
				},
				"tail4": {
					"rotation": [5, "-math.cos(q.anim_time*90*2-240)*6", 0]
				},
				"tail5": {
					"rotation": [15, "-math.cos(q.anim_time*90*2-280)*12", 0]
				},
				"tail_fin": {
					"rotation": [-7.5, 0, 0]
				},
				"leg_left": {
					"rotation": {
						"0.0": [11.28133, 24.98104, 16.71257],
						"0.2917": {
							"pre": [9.88008, 3.1159, -13.71349],
							"post": [9.88008, 3.1159, -13.71349],
							"lerp_mode": "catmullrom"
						},
						"0.625": {
							"post": [38.79723, 17.57021, -31.24267],
							"lerp_mode": "catmullrom"
						},
						"1.0": [1.09, 54.05, 0.8],
						"1.5": [5.23, 40.13, 9.94],
						"2.0": [11.28133, 24.98104, 16.71257],
						"2.2917": {
							"pre": [9.88008, 3.1159, -13.71349],
							"post": [9.88008, 3.1159, -13.71349],
							"lerp_mode": "catmullrom"
						},
						"2.625": {
							"post": [38.79723, 17.57021, -31.24267],
							"lerp_mode": "catmullrom"
						},
						"3.0": [1.09, 54.05, 0.8],
						"3.5": [5.23, 40.13, 9.94],
						"4.0": [11.28133, 24.98104, 16.71257]
					},
					"position": {
						"0.0": [0, 0.3, 3],
						"0.25": [0, 1.32, 2.28],
						"0.625": [0, 1.6, -0.29],
						"1.0": [0, 0.3, -4],
						"2.0": [0, 0.3, 3],
						"2.25": [0, 1.32, 2.28],
						"2.625": [0, 1.6, -0.29],
						"3.0": [0, 0.3, -4],
						"4.0": [0, 0.3, 3]
					}
				},
				"leg_right": {
					"rotation": {
						"0.0": [1.09, -54.05, -0.8],
						"0.5": [5.23, -40.13, -9.94],
						"1.0": [11.28133, -24.98104, -16.71257],
						"1.2917": {
							"pre": [9.88008, -3.1159, 13.71349],
							"post": [9.88008, -3.1159, 13.71349],
							"lerp_mode": "catmullrom"
						},
						"1.625": {
							"post": [38.79723, -17.57021, 31.24267],
							"lerp_mode": "catmullrom"
						},
						"2.0": [1.09, -54.05, -0.8],
						"2.5": [5.23, -40.13, -9.94],
						"3.0": [11.28133, -24.98104, -16.71257],
						"3.2917": {
							"pre": [9.88008, -3.1159, 13.71349],
							"post": [9.88008, -3.1159, 13.71349],
							"lerp_mode": "catmullrom"
						},
						"3.625": {
							"post": [38.79723, -17.57021, 31.24267],
							"lerp_mode": "catmullrom"
						},
						"4.0": [1.09, -54.05, -0.8]
					},
					"position": {
						"0.0": [0, 0.3, -4],
						"1.0": [0, 0.3, 3],
						"1.25": [0, 1.32, 2.28],
						"1.625": [0, 1.6, -0.29],
						"2.0": [0, 0.3, -4],
						"3.0": [0, 0.3, 3],
						"3.25": [0, 1.32, 2.28],
						"3.625": [0, 1.6, -0.29],
						"4.0": [0, 0.3, -4]
					}
				},
				"mucus": {
					"rotation": [-5, "-math.sin(q.anim_time*90*2+190)*25", 0],
					"scale": [1, 1, "1+math.sin(q.anim_time*90*3+290)*-0.05"]
				},
				"mucus2": {
					"rotation": [17.5, "-math.sin(q.anim_time*90*2+140)*20", 0]
				},
				"mucus3": {
					"rotation": ["17.5+math.cos(q.anim_time*90*5+100)*9", "-math.sin(q.anim_time*90*2+100)*14", 0],
					"scale": [1, 1, "1+math.sin(q.anim_time*90*3+250)*-0.05"]
				},
				"tongue": {
					"rotation": ["-20+math.sin(q.anim_time*90*2)*2", 0, "math.sin(q.anim_time*90*1)*2"]
				},
				"tongue_bend": {
					"rotation": ["20+math.sin(q.anim_time*90*2-60)*10", 0, 0]
				},
				"body": {
					"position": [0, -1, 0]
				},
				"leg_left2": {
					"rotation": {
						"0.0": {
							"post": [5, 0, -7.5],
							"lerp_mode": "catmullrom"
						},
						"0.4583": {
							"post": [7.24721, -1.93597, 32.37739],
							"lerp_mode": "catmullrom"
						},
						"0.8333": {
							"post": [0, 0, -35],
							"lerp_mode": "catmullrom"
						},
						"1.0": {
							"post": [0, 0, -7.5],
							"lerp_mode": "catmullrom"
						},
						"2.0": {
							"post": [5, 0, -7.5],
							"lerp_mode": "catmullrom"
						},
						"2.5417": {
							"post": [7.24721, -1.93597, 32.37739],
							"lerp_mode": "catmullrom"
						},
						"2.8333": {
							"post": [0, 0, -35],
							"lerp_mode": "catmullrom"
						},
						"3.0": {
							"post": [0, 0, -7.5],
							"lerp_mode": "catmullrom"
						},
						"4.0": {
							"post": [5, 0, -7.5],
							"lerp_mode": "catmullrom"
						}
					},
					"position": {
						"0.0": [0, 1, 0],
						"2.0": [0, 1, 0],
						"4.0": [0, 1, 0]
					}
				},
				"leg_right2": {
					"rotation": {
						"0.0": {
							"post": [0, 0, 7.5],
							"lerp_mode": "catmullrom"
						},
						"1.0": {
							"post": [5, 0, 7.5],
							"lerp_mode": "catmullrom"
						},
						"1.4583": {
							"post": [7.24721, 1.93597, -32.37739],
							"lerp_mode": "catmullrom"
						},
						"1.8333": {
							"post": [0, 0, 35],
							"lerp_mode": "catmullrom"
						},
						"2.0": {
							"post": [0, 0, 7.5],
							"lerp_mode": "catmullrom"
						},
						"3.0": {
							"post": [5, 0, 7.5],
							"lerp_mode": "catmullrom"
						},
						"3.5417": {
							"post": [7.24721, 1.93597, -32.37739],
							"lerp_mode": "catmullrom"
						},
						"3.8333": {
							"post": [0, 0, 35],
							"lerp_mode": "catmullrom"
						},
						"4.0": {
							"post": [0, 0, 7.5],
							"lerp_mode": "catmullrom"
						}
					},
					"position": {
						"1.0": [0, 1, 0],
						"3.0": [0, 1, 0]
					}
				},
				"leg_left3_rot": {
					"rotation": {
						"0.0": {
							"post": [0.13123, -4.99326, -86.50764],
							"lerp_mode": "catmullrom"
						},
						"0.5": {
							"post": [-1.14269, -4.83347, -73.56527],
							"lerp_mode": "catmullrom"
						},
						"0.7083": {
							"post": [-3.26734, -3.72005, -46.53789],
							"lerp_mode": "catmullrom"
						},
						"0.875": {
							"post": [-0.04356, -4.99479, -87.62002],
							"lerp_mode": "catmullrom"
						},
						"1.0417": {
							"post": [-0.74, -4.94, -76.47],
							"lerp_mode": "catmullrom"
						},
						"1.1667": {
							"post": [-0.38474, -4.96592, -79.77865],
							"lerp_mode": "catmullrom"
						},
						"1.5": {
							"post": [0.09345, -4.97847, -83.83198],
							"lerp_mode": "catmullrom"
						},
						"2.0": {
							"post": [0.13123, -4.99326, -86.50764],
							"lerp_mode": "catmullrom"
						},
						"2.5": {
							"post": [-1.14269, -4.83347, -73.56527],
							"lerp_mode": "catmullrom"
						},
						"2.7083": {
							"post": [-3.26734, -3.72005, -46.53789],
							"lerp_mode": "catmullrom"
						},
						"2.875": {
							"post": [-0.04356, -4.99479, -87.62002],
							"lerp_mode": "catmullrom"
						},
						"3.0417": {
							"post": [-0.74, -4.94, -76.47],
							"lerp_mode": "catmullrom"
						},
						"3.1667": {
							"post": [-0.38474, -4.96592, -79.77865],
							"lerp_mode": "catmullrom"
						},
						"3.5": {
							"post": [0.09345, -4.97847, -83.83198],
							"lerp_mode": "catmullrom"
						},
						"4.0": {
							"post": [0.13123, -4.99326, -86.50764],
							"lerp_mode": "catmullrom"
						}
					}
				},
				"leg_right3_rot": {
					"rotation": {
						"0.0": {
							"post": [-0.55, 4.98, 79.47],
							"lerp_mode": "catmullrom"
						},
						"0.0417": {
							"post": [-0.74, 4.94, 76.47],
							"lerp_mode": "catmullrom"
						},
						"0.1667": {
							"post": [-0.38474, 4.96592, 79.77865],
							"lerp_mode": "catmullrom"
						},
						"0.5": {
							"post": [0.09345, 4.97847, 83.83198],
							"lerp_mode": "catmullrom"
						},
						"1.0": {
							"post": [0.13123, 4.99326, 86.50764],
							"lerp_mode": "catmullrom"
						},
						"1.5": {
							"post": [-1.14269, 4.83347, 73.56527],
							"lerp_mode": "catmullrom"
						},
						"1.7083": {
							"post": [-3.26734, 3.72005, 46.53789],
							"lerp_mode": "catmullrom"
						},
						"1.875": {
							"post": [-0.04356, 4.99479, 87.62002],
							"lerp_mode": "catmullrom"
						},
						"2.0417": {
							"post": [-0.74, 4.94, 76.47],
							"lerp_mode": "catmullrom"
						},
						"2.1667": {
							"post": [-0.38474, 4.96592, 79.77865],
							"lerp_mode": "catmullrom"
						},
						"2.5": {
							"post": [0.09345, 4.97847, 83.83198],
							"lerp_mode": "catmullrom"
						},
						"3.0": {
							"post": [0.13123, 4.99326, 86.50764],
							"lerp_mode": "catmullrom"
						},
						"3.5": {
							"post": [-1.14269, 4.83347, 73.56527],
							"lerp_mode": "catmullrom"
						},
						"3.7083": {
							"post": [-3.26734, 3.72005, 46.53789],
							"lerp_mode": "catmullrom"
						},
						"3.875": {
							"post": [-0.04356, 4.99479, 87.62002],
							"lerp_mode": "catmullrom"
						},
						"4.0": {
							"post": [-0.55, 4.98, 79.47],
							"lerp_mode": "catmullrom"
						}
					}
				},
				"chest": {
					"rotation": [-4, 0, 0]
				},
				"arm_rotation_left": {
					"rotation": ["68.3963-math.sin(q.anim_time*90*2)*10", -24.85118, 93.61019],
					"position": [0, -1, 0]
				},
				"arm_rotation_right": {
					"rotation": ["68.3963+math.sin(q.anim_time*90*2)*10", 24.85118, -93.61019],
					"position": [0, -1, 0]
				},
				"neck_rotation": {
					"rotation": ["20+math.sin(q.anim_time*90*20-60)*0.2-math.sin(q.anim_time*90*4-60)*5", "-math.sin(q.anim_time*90*2-60)*10", 0]
				},
				"neck2": {
					"rotation": ["-3.5-math.sin(q.anim_time*90*4-190)*9", 0, 0]
				},
				"neck3": {
					"rotation": ["math.sin(q.anim_time*90*4-250)*1", 0, 0]
				},
				"head_rotation": {
					"rotation": ["-25+math.sin(q.anim_time*90*4+290)*2", 0, "math.sin(q.anim_time*90*4-250)*1+math.sin(q.anim_time*90*20)*0.2"]
				},
				"head_fur_top2": {
					"rotation": ["-math.sin(q.anim_time*90*4+290)*5", 0, 0]
				},
				"head_fur_left2": {
					"rotation": [0, 0, "math.sin(q.anim_time*90*4+290)*4"]
				},
				"head_fur_right2": {
					"rotation": [0, 0, "-(math.sin(q.anim_time*90*4+290)*4)"]
				},
				"head_fur_top_left2": {
					"rotation": [0, 0, "math.sin(q.anim_time*90*4+290)*5"]
				},
				"head_fur_top_right2": {
					"rotation": [0, 0, "-(math.sin(q.anim_time*90*4+290)*5)"]
				},
				"head_fur_bottom_left2": {
					"rotation": [0, 0, "math.sin(q.anim_time*90*4+290)*2"]
				},
				"head_fur_bottom_right2": {
					"rotation": [0, 0, "-(math.sin(q.anim_time*90*4+290)*2)"]
				},
				"leg_left4": {
					"rotation": {
						"0.0": {
							"post": [0, 0, 0],
							"lerp_mode": "catmullrom"
						},
						"0.3333": {
							"post": [0, 0, 0],
							"lerp_mode": "catmullrom"
						},
						"0.625": {
							"post": [0, 0, 17.5],
							"lerp_mode": "catmullrom"
						},
						"0.9167": {
							"post": [0, 0, -20],
							"lerp_mode": "catmullrom"
						},
						"1.0417": {
							"post": [0, 0, 0],
							"lerp_mode": "catmullrom"
						},
						"2.0": {
							"post": [0, 0, 0],
							"lerp_mode": "catmullrom"
						},
						"2.3333": {
							"post": [0, 0, 0],
							"lerp_mode": "catmullrom"
						},
						"2.625": {
							"post": [0, 0, 17.5],
							"lerp_mode": "catmullrom"
						},
						"2.9167": {
							"post": [0, 0, -20],
							"lerp_mode": "catmullrom"
						},
						"3.0417": {
							"post": [0, 0, 0],
							"lerp_mode": "catmullrom"
						},
						"4.0": {
							"post": [0, 0, 0],
							"lerp_mode": "catmullrom"
						}
					}
				},
				"leg_right4": {
					"rotation": {
						"0.0": {
							"post": [0, 0, 7.31],
							"lerp_mode": "catmullrom"
						},
						"0.0417": {
							"post": [0, 0, 0],
							"lerp_mode": "catmullrom"
						},
						"1.0": {
							"post": [0, 0, 0],
							"lerp_mode": "catmullrom"
						},
						"1.3333": {
							"post": [0, 0, 0],
							"lerp_mode": "catmullrom"
						},
						"1.625": {
							"post": [0, 0, -17.5],
							"lerp_mode": "catmullrom"
						},
						"1.9167": {
							"post": [0, 0, 20],
							"lerp_mode": "catmullrom"
						},
						"2.0417": {
							"post": [0, 0, 0],
							"lerp_mode": "catmullrom"
						},
						"3.0": {
							"post": [0, 0, 0],
							"lerp_mode": "catmullrom"
						},
						"3.3333": {
							"post": [0, 0, 0],
							"lerp_mode": "catmullrom"
						},
						"3.625": {
							"post": [0, 0, -17.5],
							"lerp_mode": "catmullrom"
						},
						"3.9167": {
							"post": [0, 0, 20],
							"lerp_mode": "catmullrom"
						},
						"4.0": {
							"post": [0, 0, 7.31],
							"lerp_mode": "catmullrom"
						}
					}
				}
			}
		},
		"animation.arctozolt.battle_idle": {
			"loop": true,
			"animation_length": 4,
			"bones": {
				"torso": {
					"rotation": ["25-math.sin(q.anim_time*90*1-60)*3", 0, "0-math.cos(q.anim_time*90*1-120)*0.5"],
					"position": [0, "-1+math.sin(q.anim_time*90*1)*0.5", -1.25]
				},
				"arm_left": {
					"rotation": [2.52154, -7.49282, -0.32902]
				},
				"hand_left": {
					"rotation": [0, 0, "47.5+math.sin(q.anim_time*90*20)*0.6"]
				},
				"claw_inner_left": {
					"rotation": [0, 0, 17.5]
				},
				"claw_inner_left2": {
					"rotation": [0, 0, 32.5]
				},
				"claw_inner_left3": {
					"rotation": [0, 0, 32.5]
				},
				"claw_middle_left": {
					"rotation": [0, 0, 22.5]
				},
				"claw_middle_left2": {
					"rotation": [-0.86704, -0.79538, 9.71188]
				},
				"claw_middle_left3": {
					"rotation": [0, 0, 45]
				},
				"claw_outer_left": {
					"rotation": [0, 0, 5]
				},
				"claw_outer_left2": {
					"rotation": [0, 0, "17.5+math.sin(q.anim_time*90*2-190)*6"]
				},
				"claw_outer_left3": {
					"rotation": [0, 0, 45]
				},
				"arm_right": {
					"rotation": [7.61435, 9.91358, 1.31845]
				},
				"hand_right": {
					"rotation": [0, 0, "-47.5+math.sin(q.anim_time*90*20)*0.6"]
				},
				"claw_inner_right": {
					"rotation": [0, 0, -30]
				},
				"claw_inner_right2": {
					"rotation": [0, 0, -32.5]
				},
				"claw_inner_right3": {
					"rotation": [0, 0, -17.5]
				},
				"claw_middle_right": {
					"rotation": [0, 0, -17.5]
				},
				"claw_middle_right2": {
					"rotation": [0, 0, -12.5]
				},
				"claw_middle_right3": {
					"rotation": [0, 0, -42.5]
				},
				"claw_outer_right": {
					"rotation": [0, 0, -5]
				},
				"claw_outer_right2": {
					"rotation": [0, 0, "-17.5+math.sin(q.anim_time*90*2-190)*6"]
				},
				"claw_outer_right3": {
					"rotation": [0, 0, -45]
				},
				"head": {
					"rotation": [7.5, 0, 0]
				},
				"jaw": {
					"rotation": ["43.5+math.sin(q.anim_time*90*20)*1+math.sin(q.anim_time*90*3-20)*3", 0, 0]
				},
				"jaw2": {
					"rotation": [-7.5, 0, 0]
				},
				"muzzle": {
					"rotation": [-5, 0, 0]
				},
				"muzzle2": {
					"rotation": [-10, 0, 0]
				},
				"tail": {
					"rotation": ["-47.5-math.cos(q.anim_time*90*2-60)*1", "math.cos(q.anim_time*90*1-30)*2", 0]
				},
				"tail2": {
					"rotation": ["10-math.cos(q.anim_time*90*2-120)*2", "math.cos(q.anim_time*90*1-120)*1", 0]
				},
				"tail3": {
					"rotation": ["10-math.cos(q.anim_time*90*2-180)*2", "math.cos(q.anim_time*90*1-160)*3", 0]
				},
				"tail4": {
					"rotation": [5, "math.cos(q.anim_time*90*1-200)*6", 0]
				},
				"tail5": {
					"rotation": [15, "math.cos(q.anim_time*90*1-240)*12", 0]
				},
				"tail_fin": {
					"rotation": [-7.5, 0, 0]
				},
				"leg_left": {
					"rotation": [2.84526, 31.11975, 1.87572],
					"position": [0, 0.3, -3]
				},
				"leg_right": {
					"rotation": [2.84526, -31.11975, -1.87572],
					"position": [0, 0.3, -3]
				},
				"mucus": {
					"rotation": [-5, "math.sin(q.anim_time*90*3+290)*5", 0],
					"scale": [1, 1, "1+math.sin(q.anim_time*90*3+290)*-0.05"]
				},
				"mucus2": {
					"rotation": [10, "math.sin(q.anim_time*90*3+240)*2", 0]
				},
				"mucus3": {
					"rotation": ["math.cos(q.anim_time*90*3+200)*2", "math.sin(q.anim_time*90*3+200)*4", 0],
					"scale": [1, 1, "1+math.sin(q.anim_time*90*3+250)*-0.05"]
				},
				"tongue": {
					"rotation": ["-27+math.sin(q.anim_time*90*2)*2", 0, "0+math.sin(q.anim_time*90*1)*2"]
				},
				"tongue_bend": {
					"rotation": ["3+math.sin(q.anim_time*90*2-60)*10", 0, 0]
				},
				"body": {
					"position": [0, -1, 0]
				},
				"leg_left2": {
					"rotation": [0, 0, -7.5],
					"position": [0, 1, 0]
				},
				"leg_right2": {
					"rotation": [0, 0, 7.5],
					"position": [0, 1, 0]
				},
				"leg_left3_rot": {
					"rotation": [-0.74089, -4.94494, -76.46801]
				},
				"leg_right3_rot": {
					"rotation": [-0.74089, 4.94494, 76.46801]
				},
				"chest": {
					"rotation": [-4, 0, 0]
				},
				"arm_rotation_left": {
					"rotation": ["269.3711+math.sin(q.anim_time*90*1)*2", -25.15214, 267.18544],
					"position": [0, -1, 0]
				},
				"arm_rotation_right": {
					"rotation": ["269.3711+math.sin(q.anim_time*90*1)*2", 25.15214, -267.18544],
					"position": [0, -1, 0]
				},
				"neck_rotation": {
					"rotation": ["20+math.sin(q.anim_time*90*20-60)*0.2", 0, "math.sin(q.anim_time*90*1-60)*5"]
				},
				"neck2": {
					"rotation": ["-8.5+math.sin(q.anim_time*90*3-190)*3", 0, 0]
				},
				"neck3": {
					"rotation": ["-10+math.sin(q.anim_time*90*3-250)*1", 0, 0]
				},
				"head_rotation": {
					"rotation": [
						"-22.5+math.sin(q.anim_time*90*3+290)*2+math.sin(q.anim_time*90*1-60)*4",
						0,
						"math.sin(q.anim_time*90*3-250)*1+math.sin(q.anim_time*90*20)*0.2"
					]
				},
				"head_fur_top2": {
					"rotation": ["-math.sin(q.anim_time*90*3+290)*2", 0, 0]
				},
				"head_fur_left2": {
					"rotation": [0, 0, "math.sin(q.anim_time*90*3+290)*2"]
				},
				"head_fur_right2": {
					"rotation": [0, 0, "-(math.sin(q.anim_time*90*3+290)*2)"]
				},
				"head_fur_top_left2": {
					"rotation": [0, 0, "math.sin(q.anim_time*90*3+290)*2"]
				},
				"head_fur_top_right2": {
					"rotation": [0, 0, "-(math.sin(q.anim_time*90*3+290)*2)"]
				},
				"head_fur_bottom_left2": {
					"rotation": [0, 0, "math.sin(q.anim_time*90*3+290)*2"]
				},
				"head_fur_bottom_right2": {
					"rotation": [0, 0, "-(math.sin(q.anim_time*90*3+290)*2)"]
				}
			}
		},
		"animation.arctozolt.water_idle": {
			"loop": true,
			"animation_length": 16,
			"bones": {
				"body": {
					"rotation": ["34.5+math.sin(q.anim_time*90*1-70)*4", "math.sin(q.anim_time*90*0.25-80)*1", "math.sin(q.anim_time*90*0.25-100)*-3"],
					"position": ["math.sin(q.anim_time*90*0.5)*2", "math.sin(q.anim_time*90*1)*3", "math.sin(q.anim_time*90*1-160)*1"]
				},
				"arm_left": {
					"rotation": [7.61435, -9.91358, -1.31845]
				},
				"hand_left": {
					"rotation": [0, 0, "22.5+math.sin(q.anim_time*90*5-180)*15+math.sin(q.anim_time*90*20)*0.6"]
				},
				"claw_inner_left": {
					"rotation": [0, 0, 30]
				},
				"claw_inner_left2": {
					"rotation": [0, 0, "32.5+math.sin(q.anim_time*90*5-250)*15"]
				},
				"claw_inner_left3": {
					"rotation": [0, 0, 17.5]
				},
				"claw_middle_left": {
					"rotation": [0, 0, 17.5]
				},
				"claw_middle_left2": {
					"rotation": [0, 0, "35+math.sin(q.anim_time*90*5-250)*15"]
				},
				"claw_middle_left3": {
					"rotation": [0, 0, 42.5]
				},
				"claw_outer_left": {
					"rotation": [0, 0, 15]
				},
				"claw_outer_left2": {
					"rotation": [0, 0, "40+math.sin(q.anim_time*90*5-250)*15"]
				},
				"claw_outer_left3": {
					"rotation": [0, 0, 45]
				},
				"arm_right": {
					"rotation": [7.61435, 9.91358, 1.31845]
				},
				"hand_right": {
					"rotation": [0, 0, "-22.5+math.sin(q.anim_time*90*5-180)*15+math.sin(q.anim_time*90*20)*0.6"]
				},
				"claw_inner_right": {
					"rotation": [0, 0, -30]
				},
				"claw_inner_right2": {
					"rotation": [0, 0, "-32.5+math.sin(q.anim_time*90*5-250)*15"]
				},
				"claw_inner_right3": {
					"rotation": [0, 0, -17.5]
				},
				"claw_middle_right": {
					"rotation": [0, 0, -17.5]
				},
				"claw_middle_right2": {
					"rotation": [0, 0, "-35+math.sin(q.anim_time*90*5-250)*15"]
				},
				"claw_middle_right3": {
					"rotation": [0, 0, -42.5]
				},
				"claw_outer_right": {
					"rotation": [0, 0, -15]
				},
				"claw_outer_right2": {
					"rotation": [0, 0, "-40+math.sin(q.anim_time*90*5-250)*15"]
				},
				"claw_outer_right3": {
					"rotation": [0, 0, -45]
				},
				"head_rotation": {
					"rotation": [
						"-25+math.sin(q.anim_time*90*2+290)*8",
						"math.sin(q.anim_time*90*5-180)*3",
						"math.sin(q.anim_time*90*3-250)*1+math.sin(q.anim_time*90*20)*0.2+math.sin(q.anim_time*90*3-180)*16"
					]
				},
				"tail": {
					"rotation": ["-41.8431+math.sin(q.anim_time*90*1-100)*5", "0+math.sin(q.anim_time*90*0.5-110)*7.8928", 0],
					"position": [0, -1.15485, -0.47835]
				},
				"tail2": {
					"rotation": ["7.5+math.sin(q.anim_time*90*1-130)*8", "math.sin(q.anim_time*90*0.5-150)*9", 0]
				},
				"tail3": {
					"rotation": ["7.5+math.sin(q.anim_time*90*1-160)*10", "math.sin(q.anim_time*90*0.5-190)*12", 0]
				},
				"tail_fin": {
					"rotation": ["2.5+math.sin(q.anim_time*90*1-170)*4", "math.sin(q.anim_time*90*0.5-200)*2", "math.sin(q.anim_time*90*0.5-200)*4"]
				},
				"tail4": {
					"rotation": ["5+math.sin(q.anim_time*90*1-190)*12", "math.sin(q.anim_time*90*0.5-210)*15", 0]
				},
				"tail5": {
					"rotation": ["10+math.sin(q.anim_time*90*1-210)*16", "math.sin(q.anim_time*90*0.5-240)*18", 0]
				},
				"leg_left": {
					"rotation": [-25, 0, "-40+math.sin(q.anim_time*90*1-100)*-12"]
				},
				"leg_left2": {
					"rotation": [4.98107, -0.43523, "4.9811-(math.sin(q.anim_time*90*1-150)*16)"],
					"position": [0, 1.5, 0]
				},
				"leg_left3": {
					"rotation": [0, 0, "math.sin(q.anim_time*90*1-180)*-8"],
					"position": [0, 1, 0]
				},
				"leg_left4": {
					"rotation": [0, 0, "math.sin(q.anim_time*90*1-220)*-8"],
					"position": [0.5, 0, 0]
				},
				"leg_right": {
					"rotation": [-25, 0, "40+math.sin(q.anim_time*90*1-100)*12"]
				},
				"leg_right2": {
					"rotation": [4.98107, 0.43523, "-4.9811+math.sin(q.anim_time*90*1-150)*16"],
					"position": [0, 1.5, 0]
				},
				"leg_right3": {
					"rotation": [0, 0, "-(math.sin(q.anim_time*90*1-180)*-8)"],
					"position": [0, 1, 0]
				},
				"leg_right4": {
					"rotation": [0, 0, "-(math.sin(q.anim_time*90*1-220)*-8)"],
					"position": [-0.5, 0, 0]
				},
				"arm_rotation_left": {
					"rotation": [-10, -12.5, "-(NaN-math.sin(q.anim_time*90*2-190)*15)"]
				},
				"arm_rotation_right": {
					"rotation": [-10, 12.5, "NaN-math.sin(q.anim_time*90*2-190)*15"]
				},
				"neck_rotation": {
					"rotation": ["20+math.sin(q.anim_time*90*20-60)*0.2+math.sin(q.anim_time*90*1-60)*20", 0, "math.sin(q.anim_time*90*3-60)*8"]
				},
				"neck2": {
					"rotation": ["-13.5+math.sin(q.anim_time*90*3-190)*8", 0, "math.sin(q.anim_time*90*3-100)*2"]
				},
				"neck3": {
					"rotation": ["-25+math.sin(q.anim_time*90*3-250)*1", 0, "math.sin(q.anim_time*90*3-140)*8"]
				},
				"head_fur_top2": {
					"rotation": ["-math.sin(q.anim_time*90*6+290)*4", 0, 0]
				},
				"head_fur_left2": {
					"rotation": [0, 0, "-math.sin(q.anim_time*90*6+290)*9"]
				},
				"head_fur_right2": {
					"rotation": [0, 0, "-(math.sin(q.anim_time*90*6+250)*9)"]
				},
				"head_fur_top_left2": {
					"rotation": [0, 0, "math.sin(q.anim_time*90*6+220)*4"]
				},
				"head_fur_top_right2": {
					"rotation": [0, 0, "-(math.sin(q.anim_time*90*6+290)*4)"]
				},
				"head_fur_bottom_left2": {
					"rotation": [0, 0, "-math.sin(q.anim_time*90*6+250)*9"]
				},
				"head_fur_bottom_right2": {
					"rotation": [0, 0, "-(math.sin(q.anim_time*90*6+290)*9)"]
				},
				"jaw": {
					"rotation": ["43.5+math.sin(q.anim_time*90*20)*1+math.sin(q.anim_time*90*3-20)*16", 0, 0]
				},
				"mucus": {
					"rotation": ["-28-math.sin(q.anim_time*90*1+290)*19", "math.sin(q.anim_time*90*3+290)*9", 0]
				},
				"mucus2": {
					"rotation": ["-math.sin(q.anim_time*90*3+200)*4", "math.sin(q.anim_time*90*3+250)*9", 0]
				},
				"mucus3": {
					"rotation": ["math.cos(q.anim_time*90*1+200)*9+math.cos(q.anim_time*90*4+200)*9", "math.sin(q.anim_time*90*3+210)*5", 0]
				},
				"tongue": {
					"rotation": ["-20+math.sin(q.anim_time*90*2)*2", 0, "math.sin(q.anim_time*90*1)*2"]
				},
				"tongue_bend": {
					"rotation": ["20+math.sin(q.anim_time*90*2-60)*10", 0, 0]
				}
			}
		},
		"animation.arctozolt.water_swim": {
			"loop": true,
			"bones": {
				"body": {
					"rotation": ["52+math.sin(q.anim_time*90*2-70)*5", "math.sin(q.anim_time*90*1-80)*3", "math.sin(q.anim_time*90*1-100)*-6"],
					"position": ["math.sin(q.anim_time*90*1)*4", "math.sin(q.anim_time*90*2)*2", "-6+math.sin(q.anim_time*90*2-160)*2"]
				},
				"torso": {
					"rotation": [0, 0, 0]
				},
				"chest": {
					"rotation": ["-2+math.sin(q.anim_time*90*2-100)*-3", 0, 0]
				},
				"arm_left": {
					"rotation": [7.61435, -9.91358, -1.31845]
				},
				"hand_left": {
					"rotation": [0, 0, "50+math.sin(q.anim_time*90*5-180)*5"]
				},
				"claw_inner_left": {
					"rotation": [0, 0, 30]
				},
				"claw_inner_left2": {
					"rotation": [0, 0, "32.5+math.sin(q.anim_time*90*5-250)*15"]
				},
				"claw_inner_left3": {
					"rotation": [0, 0, 17.5]
				},
				"claw_middle_left": {
					"rotation": [0, 0, 17.5]
				},
				"claw_middle_left2": {
					"rotation": [0, 0, "35+math.sin(q.anim_time*90*5-250)*15"]
				},
				"claw_middle_left3": {
					"rotation": [0, 0, 42.5]
				},
				"claw_outer_left": {
					"rotation": [0, 0, 15]
				},
				"claw_outer_left2": {
					"rotation": [0, 0, "40+math.sin(q.anim_time*90*5-250)*15"]
				},
				"claw_outer_left3": {
					"rotation": [0, 0, 45]
				},
				"arm_right": {
					"rotation": [7.61435, 9.91358, 1.31845]
				},
				"hand_right": {
					"rotation": [0, 0, "-50+math.sin(q.anim_time*90*5-180)*5"]
				},
				"claw_inner_right": {
					"rotation": [0, 0, -30]
				},
				"claw_inner_right2": {
					"rotation": [0, 0, "-32.5+math.sin(q.anim_time*90*5-250)*15"]
				},
				"claw_inner_right3": {
					"rotation": [0, 0, -17.5]
				},
				"claw_middle_right": {
					"rotation": [0, 0, -17.5]
				},
				"claw_middle_right2": {
					"rotation": [0, 0, "-35+math.sin(q.anim_time*90*5-250)*15"]
				},
				"claw_middle_right3": {
					"rotation": [0, 0, -42.5]
				},
				"claw_outer_right": {
					"rotation": [0, 0, -15]
				},
				"claw_outer_right2": {
					"rotation": [0, 0, "-40+math.sin(q.anim_time*90*5-250)*15"]
				},
				"claw_outer_right3": {
					"rotation": [0, 0, -45]
				},
				"head_rotation": {
					"rotation": [
						"-25+math.sin(q.anim_time*90*2+290)*8-math.sin(q.anim_time*90*1-60)*15",
						"math.sin(q.anim_time*90*5-180)*3",
						"math.sin(q.anim_time*90*3-250)*1+math.sin(q.anim_time*90*20)*0.2+math.sin(q.anim_time*90*3-180)*2"
					]
				},
				"jaw": {
					"rotation": ["43.5+math.sin(q.anim_time*90*20)*1+math.sin(q.anim_time*90*3-20)*16", 0, 0]
				},
				"tail": {
					"rotation": ["-50+math.sin(q.anim_time*90*2-100)*2", 0, "math.sin(q.anim_time*90*1-110)*-9"],
					"position": [0, -2.75, 0]
				},
				"tail2": {
					"rotation": ["2.5+math.sin(q.anim_time*90*2-130)*4", "math.sin(q.anim_time*90*1-150)*14", 0]
				},
				"tail3": {
					"rotation": ["math.sin(q.anim_time*90*2-160)*6", "math.sin(q.anim_time*90*1-190)*17", 0]
				},
				"tail_fin": {
					"rotation": ["-5+math.sin(q.anim_time*90*2-170)*4", "math.sin(q.anim_time*90*1-200)*2", "math.sin(q.anim_time*90*1-200)*7"]
				},
				"tail4": {
					"rotation": ["-5+math.sin(q.anim_time*90*2-190)*8", "math.sin(q.anim_time*90*1-210)*15", 0]
				},
				"tail5": {
					"rotation": ["math.sin(q.anim_time*90*2-210)*10", "math.sin(q.anim_time*90*1-240)*20", 0]
				},
				"leg_left": {
					"rotation": [0, 0, "-20+math.sin(q.anim_time*90*2-100)*-12"]
				},
				"leg_left2": {
					"rotation": [5, 0, "-(math.sin(q.anim_time*90*2-150)*16)"],
					"position": [0, 1.5, 0]
				},
				"leg_left3": {
					"rotation": [0, 0, "-(math.sin(q.anim_time*90*2-180)*12)"],
					"position": [0, 1, 0]
				},
				"leg_left4": {
					"rotation": [0, 0, "-(math.sin(q.anim_time*90*2-180)*12)"],
					"position": [0.5, 0, 0]
				},
				"leg_right": {
					"rotation": [0, 0, "20+math.sin(q.anim_time*90*2-100)*12"]
				},
				"leg_right2": {
					"rotation": [5, 0, "math.sin(q.anim_time*90*2-150)*16"],
					"position": [0, 1.5, 0]
				},
				"leg_right3": {
					"rotation": [0, 0, "math.sin(q.anim_time*90*2-180)*12"],
					"position": [0, 1, 0]
				},
				"leg_right4": {
					"rotation": [0, 0, "math.sin(q.anim_time*90*2-180)*12"],
					"position": [-0.5, 0, 0]
				},
				"arm_rotation_left": {
					"rotation": [-10, -12.5, "-(NaN-math.sin(q.anim_time*90*2-190)*15)"]
				},
				"arm_rotation_right": {
					"rotation": [-10, 12.5, "NaN-math.sin(q.anim_time*90*2-190)*15"]
				},
				"neck_rotation": {
					"rotation": ["39+math.sin(q.anim_time*90*20-60)*0.2+math.sin(q.anim_time*90*1-60)*5", 0, "math.sin(q.anim_time*90*3-60)*8"]
				},
				"neck2": {
					"rotation": ["-13.5+math.sin(q.anim_time*90*3-190)*8", 0, "math.sin(q.anim_time*90*3-100)*2"]
				},
				"neck3": {
					"rotation": ["-25+math.sin(q.anim_time*90*3-250)*1", 0, "math.sin(q.anim_time*90*3-140)*8"]
				},
				"head_fur_top2": {
					"rotation": ["-math.sin(q.anim_time*90*6+290)*4", 0, 0]
				},
				"head_fur_left2": {
					"rotation": [0, 0, "-math.sin(q.anim_time*90*6+290)*9"]
				},
				"head_fur_right2": {
					"rotation": [0, 0, "-(math.sin(q.anim_time*90*6+250)*9)"]
				},
				"head_fur_top_left2": {
					"rotation": [0, 0, "math.sin(q.anim_time*90*6+220)*4"]
				},
				"head_fur_top_right2": {
					"rotation": [0, 0, "-(math.sin(q.anim_time*90*6+290)*4)"]
				},
				"head_fur_bottom_left2": {
					"rotation": [0, 0, "-math.sin(q.anim_time*90*6+250)*9"]
				},
				"head_fur_bottom_right2": {
					"rotation": [0, 0, "-(math.sin(q.anim_time*90*6+290)*9)"]
				},
				"tongue": {
					"rotation": ["-20+math.sin(q.anim_time*90*2)*2", 0, "math.sin(q.anim_time*90*1)*2"]
				},
				"tongue_bend": {
					"rotation": ["20+math.sin(q.anim_time*90*2-60)*10", 0, 0]
				},
				"mucus": {
					"rotation": [-13, "0+math.sin(q.anim_time*90*3+290)*9", 0]
				},
				"mucus2": {
					"rotation": ["22-math.sin(q.anim_time*90*3+200)*4", "math.sin(q.anim_time*90*3+250)*9", 0]
				},
				"mucus3": {
					"rotation": ["37.5+math.cos(q.anim_time*90*1+200)*9+math.cos(q.anim_time*90*4+200)*9", "math.sin(q.anim_time*90*3+210)*5", 0]
				}
			}
		},
		"animation.arctozolt.water_sleep": {
			"loop": true,
			"bones": {
				"body": {
					"rotation": ["62+math.sin(q.anim_time*90*0.5-70)*4", "0+math.sin(q.anim_time*90*0.25-80)*1", "math.sin(q.anim_time*90*0.25-100)*-3"],
					"position": ["math.sin(q.anim_time*90*0.25)*2", "-4+math.sin(q.anim_time*90*0.5)*3", "math.sin(q.anim_time*90*0.5-160)*1"]
				},
				"torso": {
					"rotation": [0, 0, 0]
				},
				"chest": {
					"rotation": ["3+math.sin(q.anim_time*90*0.5-100)*-2", 0, 0],
					"position": [0, 0, -1.5]
				},
				"arm_left": {
					"rotation": [7.61435, -9.91358, -1.31845]
				},
				"hand_left": {
					"rotation": [0, 0, "22.5-math.sin(q.anim_time*90*0.5-70)*4+math.sin(q.anim_time*90*20)*0.6"]
				},
				"claw_inner_left": {
					"rotation": [0, 0, 22]
				},
				"claw_inner_left2": {
					"rotation": [0, 0, 17.5]
				},
				"claw_inner_left3": {
					"rotation": [0, 0, 17.5]
				},
				"claw_middle_left": {
					"rotation": [0, 0, 17.5]
				},
				"claw_middle_left2": {
					"rotation": [0, 0, 12.5]
				},
				"claw_middle_left3": {
					"rotation": [0, 0, 42.5]
				},
				"claw_outer_left": {
					"rotation": [0, 0, 2]
				},
				"claw_outer_left2": {
					"rotation": [0, 0, 17.5]
				},
				"claw_outer_left3": {
					"rotation": [0, 0, 45]
				},
				"arm_right": {
					"rotation": [7.61435, 9.91358, 1.31845]
				},
				"hand_right": {
					"rotation": [0, 0, "-22.5-math.sin(q.anim_time*90*0.5-70)*4+math.sin(q.anim_time*90*20)*0.6"]
				},
				"claw_inner_right": {
					"rotation": [0, 0, -22]
				},
				"claw_inner_right2": {
					"rotation": [0, 0, -17.5]
				},
				"claw_inner_right3": {
					"rotation": [0, 0, -17.5]
				},
				"claw_middle_right": {
					"rotation": [0, 0, -17.5]
				},
				"claw_middle_right2": {
					"rotation": [0, 0, -12.5]
				},
				"claw_middle_right3": {
					"rotation": [0, 0, -42.5]
				},
				"claw_outer_right": {
					"rotation": [0, 0, -2]
				},
				"claw_outer_right2": {
					"rotation": [0, 0, -17.5]
				},
				"claw_outer_right3": {
					"rotation": [0, 0, -45]
				},
				"head_rotation": {
					"rotation": [-27.5, "math.sin(q.anim_time*90*20+290)*0.2", 0]
				},
				"jaw": {
					"rotation": ["-7.5+math.sin(q.anim_time*90*20)*-0.9", 0, 0]
				},
				"tail": {
					"rotation": ["-65+math.sin(q.anim_time*90*0.5-100)*5", 0, "math.sin(q.anim_time*90*0.25-110)*-6"],
					"position": [0, -2.75, -5.25]
				},
				"tail2": {
					"rotation": ["-5+math.sin(q.anim_time*90*0.5-130)*8", "0+math.sin(q.anim_time*90*0.25-150)*9", 0]
				},
				"tail3": {
					"rotation": ["-5+math.sin(q.anim_time*90*0.5-160)*10", "math.sin(q.anim_time*90*0.25-190)*12", 0]
				},
				"tail_fin": {
					"rotation": ["-5+math.sin(q.anim_time*90*0.5-170)*4", "0+math.sin(q.anim_time*90*0.25-200)*2", "0+math.sin(q.anim_time*90*0.25-200)*4"]
				},
				"tail4": {
					"rotation": ["-12.5+math.sin(q.anim_time*90*0.5-190)*12", "math.sin(q.anim_time*90*0.25-210)*15", 0]
				},
				"tail5": {
					"rotation": ["math.sin(q.anim_time*90*0.5-210)*16", "math.sin(q.anim_time*90*0.25-240)*18", 0]
				},
				"leg_left": {
					"rotation": [-50.02904, -11.2531, "-14.7425+math.sin(q.anim_time*90*1-100)*-12"]
				},
				"leg_left2": {
					"rotation": [4.98107, -0.43523, "4.9811+math.sin(q.anim_time*90*1-150)*-16"],
					"position": [0, 1.5, 0]
				},
				"leg_left3": {
					"rotation": [0, 0, "math.sin(q.anim_time*90*1-180)*-8"],
					"position": [0, 1, 0]
				},
				"leg_left4": {
					"rotation": [0, 0, "math.sin(q.anim_time*90*1-220)*-8"],
					"position": [0.5, 0, 0]
				},
				"leg_right": {
					"rotation": [-50.02904, 11.2531, "14.7425+math.sin(q.anim_time*90*1-100)*12"]
				},
				"leg_right2": {
					"rotation": [4.98107, 0.43523, "-4.9811+math.sin(q.anim_time*90*1-150)*16"],
					"position": [0, 1.5, 0]
				},
				"leg_right3": {
					"rotation": [0, 0, "-(math.sin(q.anim_time*90*1-180)*-8)"],
					"position": [0, 1, 0]
				},
				"leg_right4": {
					"rotation": [0, 0, "-(math.sin(q.anim_time*90*1-220)*-8)"],
					"position": [-0.5, 0, 0]
				},
				"neck_rotation": {
					"rotation": ["37.5+math.sin(q.anim_time*90*20-60)*0.2+math.sin(q.anim_time*90*1-60)*5", "math.sin(q.anim_time*90*0.5-70)*4", 0]
				},
				"neck2": {
					"rotation": ["7.5+math.sin(q.anim_time*90*1-120)*5", 0, 0]
				},
				"mucus": {
					"rotation": ["-80-math.sin(q.anim_time*90*1+290)*15", "math.sin(q.anim_time*90*3+290)*5", 0]
				},
				"neck3": {
					"rotation": ["math.sin(q.anim_time*90*1-180)*5", 0, 0]
				},
				"head_fur_top2": {
					"rotation": ["-math.sin(q.anim_time*90*3+290)*2", 0, 0]
				},
				"head_fur_left2": {
					"rotation": [0, 0, "math.sin(q.anim_time*90*3+290)*2"]
				},
				"head_fur_right2": {
					"rotation": [0, 0, "-(math.sin(q.anim_time*90*3+290)*2)"]
				},
				"head_fur_top_left2": {
					"rotation": [0, 0, "math.sin(q.anim_time*90*3+290)*2"]
				},
				"head_fur_top_right2": {
					"rotation": [0, 0, "-(math.sin(q.anim_time*90*3+290)*2)"]
				},
				"head_fur_bottom_left2": {
					"rotation": [0, 0, "math.sin(q.anim_time*90*3+290)*2"]
				},
				"head_fur_bottom_right2": {
					"rotation": [0, 0, "-(math.sin(q.anim_time*90*3+290)*2)"]
				},
				"mucus2": {
					"rotation": [10, "math.sin(q.anim_time*90*3+240)*2", 0]
				},
				"mucus3": {
					"rotation": ["math.cos(q.anim_time*90*3+200)*2", "math.sin(q.anim_time*90*3+200)*4", 0]
				}
			}
		},
		"animation.arctozolt.surfacewater_idle": {
			"loop": true,
			"animation_length": 16,
			"bones": {
				"body": {
					"rotation": ["4.5+math.sin(q.anim_time*90*1-70)*4", "math.sin(q.anim_time*90*0.25-80)*1", "math.sin(q.anim_time*90*0.25-100)*-3"],
					"position": ["math.sin(q.anim_time*90*0.5)*2", "-30.25+math.sin(q.anim_time*90*1)*3", "math.sin(q.anim_time*90*1-160)*1"]
				},
				"arm_left": {
					"rotation": [7.61435, -9.91358, -1.31845]
				},
				"hand_left": {
					"rotation": [0, 0, "45+math.sin(q.anim_time*90*1)*20+math.sin(q.anim_time*90*20)*0.6"]
				},
				"claw_inner_left": {
					"rotation": [0, 0, 30]
				},
				"claw_inner_left2": {
					"rotation": [0, 0, "32.5-math.sin(q.anim_time*90*1-150)*4"]
				},
				"claw_inner_left3": {
					"rotation": [0, 0, 17.5]
				},
				"claw_middle_left": {
					"rotation": [0, 0, 17.5]
				},
				"claw_middle_left2": {
					"rotation": [0, 0, "35-math.sin(q.anim_time*90*1-150)*10"]
				},
				"claw_middle_left3": {
					"rotation": [0, 0, 42.5]
				},
				"claw_outer_left": {
					"rotation": [0, 0, 15]
				},
				"claw_outer_left2": {
					"rotation": [0, 0, "40-math.sin(q.anim_time*90*1-150)*19"]
				},
				"claw_outer_left3": {
					"rotation": [0, 0, 45]
				},
				"arm_right": {
					"rotation": [7.61435, 9.91358, 1.31845]
				},
				"hand_right": {
					"rotation": [0, 0, "-45-math.sin(q.anim_time*90*1)*20+math.sin(q.anim_time*90*20)*0.6"]
				},
				"claw_inner_right": {
					"rotation": [0, 0, -30]
				},
				"claw_inner_right2": {
					"rotation": [0, 0, "-32.5+math.sin(q.anim_time*90*1-150)*4"]
				},
				"claw_inner_right3": {
					"rotation": [0, 0, -17.5]
				},
				"claw_middle_right": {
					"rotation": [0, 0, -17.5]
				},
				"claw_middle_right2": {
					"rotation": [0, 0, "-35+math.sin(q.anim_time*90*1-150)*10"]
				},
				"claw_middle_right3": {
					"rotation": [0, 0, -42.5]
				},
				"claw_outer_right": {
					"rotation": [0, 0, -15]
				},
				"claw_outer_right2": {
					"rotation": [0, 0, "-40+math.sin(q.anim_time*90*1-150)*19"]
				},
				"claw_outer_right3": {
					"rotation": [0, 0, -45]
				},
				"tail": {
					"rotation": ["-41.8431+math.sin(q.anim_time*90*1-100)*5", "0+math.sin(q.anim_time*90*0.5-110)*7.8928", 0],
					"position": [0, -1.15485, -0.47835]
				},
				"tail2": {
					"rotation": ["7.5+math.sin(q.anim_time*90*1-130)*8", "math.sin(q.anim_time*90*0.5-150)*9", 0]
				},
				"tail3": {
					"rotation": ["7.5+math.sin(q.anim_time*90*1-160)*10", "math.sin(q.anim_time*90*0.5-190)*12", 0]
				},
				"tail_fin": {
					"rotation": ["2.5+math.sin(q.anim_time*90*1-170)*4", "math.sin(q.anim_time*90*0.5-200)*2", "math.sin(q.anim_time*90*0.5-200)*4"]
				},
				"tail4": {
					"rotation": ["5+math.sin(q.anim_time*90*1-190)*12", "math.sin(q.anim_time*90*0.5-210)*15", 0]
				},
				"tail5": {
					"rotation": ["10+math.sin(q.anim_time*90*1-210)*16", "math.sin(q.anim_time*90*0.5-240)*18", 0]
				},
				"leg_left": {
					"rotation": [-2.5, 0, "-40+math.sin(q.anim_time*90*1-100)*-12"]
				},
				"leg_left2": {
					"rotation": [4.98107, -0.43523, "4.9811-(math.sin(q.anim_time*90*1-150)*16)"],
					"position": [0, 1.5, 0]
				},
				"leg_left3": {
					"rotation": [0, 0, "math.sin(q.anim_time*90*1-180)*-8"],
					"position": [0, 1, 0]
				},
				"leg_left4": {
					"rotation": [0, 0, "math.sin(q.anim_time*90*1-220)*-8"],
					"position": [0.5, 0, 0]
				},
				"leg_right": {
					"rotation": [-2.5, 0, "40+math.sin(q.anim_time*90*1-100)*12"]
				},
				"leg_right2": {
					"rotation": [4.98107, 0.43523, "-4.9811+math.sin(q.anim_time*90*1-150)*16"],
					"position": [0, 1.5, 0]
				},
				"leg_right3": {
					"rotation": [0, 0, "-(math.sin(q.anim_time*90*1-180)*-8)"],
					"position": [0, 1, 0]
				},
				"leg_right4": {
					"rotation": [0, 0, "-(math.sin(q.anim_time*90*1-220)*-8)"],
					"position": [-0.5, 0, 0]
				},
				"arm_rotation_left": {
					"rotation": ["-35+math.sin(q.anim_time*90*1-150)*9", 0, 0]
				},
				"arm_rotation_right": {
					"rotation": ["-35-math.sin(q.anim_time*90*1-150)*9", 0, 0]
				},
				"neck_rotation": {
					"rotation": ["20+math.sin(q.anim_time*90*20-60)*0.2", 0, 0]
				},
				"neck2": {
					"rotation": ["-3.5+math.sin(q.anim_time*90*3-190)*3", 0, 0]
				},
				"neck3": {
					"rotation": ["math.sin(q.anim_time*90*3-250)*1", 0, 0]
				},
				"head_rotation": {
					"rotation": ["-12.5+math.sin(q.anim_time*90*3+290)*2", 0, "math.sin(q.anim_time*90*3-250)*1+math.sin(q.anim_time*90*20)*0.2"]
				},
				"head_fur_top2": {
					"rotation": ["-math.sin(q.anim_time*90*3+290)*2", 0, 0]
				},
				"head_fur_left2": {
					"rotation": [0, 0, "math.sin(q.anim_time*90*3+290)*2"]
				},
				"head_fur_right2": {
					"rotation": [0, 0, "-(math.sin(q.anim_time*90*3+290)*2)"]
				},
				"head_fur_top_left2": {
					"rotation": [0, 0, "math.sin(q.anim_time*90*3+290)*2"]
				},
				"head_fur_top_right2": {
					"rotation": [0, 0, "-(math.sin(q.anim_time*90*3+290)*2)"]
				},
				"head_fur_bottom_left2": {
					"rotation": [0, 0, "math.sin(q.anim_time*90*3+290)*2"]
				},
				"head_fur_bottom_right2": {
					"rotation": [0, 0, "-(math.sin(q.anim_time*90*3+290)*2)"]
				},
				"jaw": {
					"rotation": ["43.5+math.sin(q.anim_time*90*20)*1+math.sin(q.anim_time*90*3-20)*3", 0, 0]
				},
				"mucus": {
					"rotation": [-5, "math.sin(q.anim_time*90*3+290)*2", 0],
					"scale": [1, 1, "1+math.sin(q.anim_time*90*3+290)*-0.05"]
				},
				"mucus2": {
					"rotation": [10, "math.sin(q.anim_time*90*3+240)*2", 0]
				},
				"mucus3": {
					"rotation": ["math.cos(q.anim_time*90*3+200)*2", "math.sin(q.anim_time*90*3+200)*4", 0],
					"scale": [1, 1, "1+math.sin(q.anim_time*90*3+250)*-0.05"]
				},
				"tongue": {
					"rotation": ["-20+math.sin(q.anim_time*90*2)*2", 0, "math.sin(q.anim_time*90*1)*2"]
				},
				"tongue_bend": {
					"rotation": ["20+math.sin(q.anim_time*90*2-60)*10", 0, 0]
				}
			}
		},
		"animation.arctozolt.surfacewater_swim": {
			"loop": true,
			"animation_length": 4,
			"bones": {
				"body": {
					"rotation": ["19.5+math.sin(q.anim_time*90*2-70)*5", "0+math.sin(q.anim_time*90*1-80)*3", "math.sin(q.anim_time*90*1-100)*-6"],
					"position": ["math.sin(q.anim_time*90*1)*4", "-30.5+math.sin(q.anim_time*90*2)*2", "-6+math.sin(q.anim_time*90*2-160)*2"]
				},
				"torso": {
					"rotation": [0, 0, 0]
				},
				"chest": {
					"rotation": ["-2+math.sin(q.anim_time*90*2-100)*-3", 0, 0]
				},
				"arm_left": {
					"rotation": [7.61435, -9.91358, -1.31845]
				},
				"hand_left": {
					"rotation": [0, 0, "52.5+math.sin(q.anim_time*90*2)*10+math.sin(q.anim_time*90*20)*0.6"]
				},
				"claw_inner_left": {
					"rotation": [0, 0, 30]
				},
				"claw_inner_left2": {
					"rotation": [0, 0, 32.5]
				},
				"claw_inner_left3": {
					"rotation": [0, 0, 17.5]
				},
				"claw_middle_left": {
					"rotation": [0, 0, 17.5]
				},
				"claw_middle_left2": {
					"rotation": [0, 0, 35]
				},
				"claw_middle_left3": {
					"rotation": [0, 0, 42.5]
				},
				"claw_outer_left": {
					"rotation": [0, 0, 15]
				},
				"claw_outer_left2": {
					"rotation": [0, 0, 40]
				},
				"claw_outer_left3": {
					"rotation": [0, 0, 45]
				},
				"arm_right": {
					"rotation": [7.61435, 9.91358, 1.31845]
				},
				"hand_right": {
					"rotation": [0, 0, "-52.5-math.sin(q.anim_time*90*2)*10+math.sin(q.anim_time*90*20)*0.6"]
				},
				"claw_inner_right": {
					"rotation": [0, 0, -30]
				},
				"claw_inner_right2": {
					"rotation": [0, 0, -32.5]
				},
				"claw_inner_right3": {
					"rotation": [0, 0, -17.5]
				},
				"claw_middle_right": {
					"rotation": [0, 0, -17.5]
				},
				"claw_middle_right2": {
					"rotation": [0, 0, -35]
				},
				"claw_middle_right3": {
					"rotation": [0, 0, -42.5]
				},
				"claw_outer_right": {
					"rotation": [0, 0, -15]
				},
				"claw_outer_right2": {
					"rotation": [0, 0, -40]
				},
				"claw_outer_right3": {
					"rotation": [0, 0, -45]
				},
				"head_rotation": {
					"rotation": [
						"-20+math.sin(q.anim_time*90*3+290)*2-math.sin(q.anim_time*90*2-120)*10",
						0,
						"-math.sin(q.anim_time*90*1-250)*10+math.sin(q.anim_time*90*20)*0.2"
					]
				},
				"jaw": {
					"rotation": ["26+math.sin(q.anim_time*90*20)*1+math.sin(q.anim_time*90*3-20)*3", 0, 0]
				},
				"tail": {
					"rotation": ["-37.3891+math.sin(q.anim_time*90*2-100)*2", 0, "math.sin(q.anim_time*90*1-110)*-9"],
					"position": [0, -1, 0]
				},
				"tail2": {
					"rotation": ["2.5+math.sin(q.anim_time*90*2-130)*4", "math.sin(q.anim_time*90*1-150)*14", 0]
				},
				"tail3": {
					"rotation": ["math.sin(q.anim_time*90*2-160)*6", "math.sin(q.anim_time*90*1-190)*17", 0]
				},
				"tail_fin": {
					"rotation": ["-5+math.sin(q.anim_time*90*2-170)*4", "math.sin(q.anim_time*90*1-200)*2", "math.sin(q.anim_time*90*1-200)*7"]
				},
				"tail4": {
					"rotation": ["-5+math.sin(q.anim_time*90*2-190)*8", "math.sin(q.anim_time*90*1-210)*15", 0]
				},
				"tail5": {
					"rotation": ["math.sin(q.anim_time*90*2-210)*10", "math.sin(q.anim_time*90*1-240)*20", 0]
				},
				"leg_left": {
					"rotation": [17.5, 0, "-20+math.sin(q.anim_time*90*2-100)*-12"]
				},
				"leg_left2": {
					"rotation": [5, 0, "-(math.sin(q.anim_time*90*2-150)*16)"],
					"position": [0, 1.5, 0]
				},
				"leg_left3": {
					"rotation": [0, 0, "-(math.sin(q.anim_time*90*2-180)*12)"],
					"position": [0, 1, 0]
				},
				"leg_left4": {
					"rotation": [0, 0, "-(math.sin(q.anim_time*90*2-180)*12)"],
					"position": [0.5, 0, 0]
				},
				"leg_right": {
					"rotation": [17.5, 0, "20+math.sin(q.anim_time*90*2-100)*12"]
				},
				"leg_right2": {
					"rotation": [5, 0, "math.sin(q.anim_time*90*2-150)*16"],
					"position": [0, 1.5, 0]
				},
				"leg_right3": {
					"rotation": [0, 0, "math.sin(q.anim_time*90*2-180)*12"],
					"position": [0, 1, 0]
				},
				"leg_right4": {
					"rotation": [0, 0, "math.sin(q.anim_time*90*2-180)*12"],
					"position": [-0.5, 0, 0]
				},
				"mucus": {
					"rotation": [-5, "-math.sin(q.anim_time*90*1+290)*16-math.sin(q.anim_time*90*2+290)*10", 0],
					"scale": [1, 1, "1+math.sin(q.anim_time*90*3+290)*-0.05"]
				},
				"neck_rotation": {
					"rotation": [
						"47.5+math.sin(q.anim_time*90*20-60)*0.2+math.sin(q.anim_time*90*2-120)*5",
						"math.sin(q.anim_time*90*1-150)*-9",
						"-math.sin(q.anim_time*90*1-150)*-9"
					],
					"position": [0, -0.4, 0]
				},
				"neck2": {
					"rotation": ["-13.5+math.sin(q.anim_time*90*3-190)*3", 0, 0]
				},
				"neck3": {
					"rotation": ["-20+math.sin(q.anim_time*90*3-250)*1", 0, 0]
				},
				"head_fur_top2": {
					"rotation": ["-15-math.sin(q.anim_time*90*6+290)*2", 0, 0]
				},
				"head_fur_left2": {
					"rotation": [0, 0, "12.5+math.sin(q.anim_time*90*6+290)*2"]
				},
				"head_fur_right2": {
					"rotation": [0, 0, "-12.5-(math.sin(q.anim_time*90*6+290)*2)"]
				},
				"head_fur_top_left2": {
					"rotation": [0, 0, "10+math.sin(q.anim_time*90*6+290)*2"]
				},
				"head_fur_top_right2": {
					"rotation": [0, 0, "-10-(math.sin(q.anim_time*90*6+290)*2)"]
				},
				"head_fur_bottom_left2": {
					"rotation": [0, 0, "math.sin(q.anim_time*90*6+290)*2"]
				},
				"head_fur_bottom_right2": {
					"rotation": [0, 0, "-(math.sin(q.anim_time*90*6+290)*2)"]
				},
				"mucus2": {
					"rotation": ["15+math.cos(q.anim_time*90*9+260)*2", "math.sin(q.anim_time*90*8+240)*2", 0]
				},
				"mucus3": {
					"rotation": ["25+math.cos(q.anim_time*90*9+200)*8", "math.sin(q.anim_time*90*3+200)*4", 0],
					"scale": [1, 1, "1+math.sin(q.anim_time*90*3+250)*-0.05"]
				},
				"arm_rotation_left": {
					"rotation": ["math.sin(q.anim_time*90*1-90)*20", 0, 0]
				},
				"arm_rotation_right": {
					"rotation": ["-math.sin(q.anim_time*90*1-90)*20", 0, 0]
				},
				"tongue": {
					"rotation": ["-20+math.sin(q.anim_time*90*2)*2", 0, "math.sin(q.anim_time*90*1)*2"]
				},
				"tongue_bend": {
					"rotation": ["20+math.sin(q.anim_time*90*2-60)*10", 0, 0]
				}
			}
		},
		"animation.arctozolt.surfacewater_sleep": {
			"loop": true,
			"bones": {
				"body": {
					"rotation": ["math.sin(q.anim_time*90*0.5-70)*4", "math.sin(q.anim_time*90*0.25-80)*1", "math.sin(q.anim_time*90*0.25-100)*-3"],
					"position": ["math.sin(q.anim_time*90*0.25)*2", "-34.25+math.sin(q.anim_time*90*0.5)*3", "math.sin(q.anim_time*90*0.5-160)*1"]
				},
				"torso": {
					"rotation": [0, 0, 0]
				},
				"chest": {
					"rotation": ["3+math.sin(q.anim_time*90*0.5-100)*-2", 0, 0],
					"position": [0, 0, -1.5]
				},
				"arm_left": {
					"rotation": [2.52154, -7.49282, -0.32902]
				},
				"hand_left": {
					"rotation": [-3.54731, 0.54303, "34.459+math.sin(q.anim_time*90*1+220)*1+math.sin(q.anim_time*90*20)*0.6"]
				},
				"claw_inner_left": {
					"rotation": [0, 0, 17.5]
				},
				"claw_inner_left2": {
					"rotation": [0, 0, 32.5]
				},
				"claw_inner_left3": {
					"rotation": [0, 0, 32.5]
				},
				"claw_middle_left": {
					"rotation": [0, 0, 22.5]
				},
				"claw_middle_left2": {
					"rotation": [-0.86704, -0.79538, 32.21188]
				},
				"claw_middle_left3": {
					"rotation": [0, 0, 45]
				},
				"claw_outer_left": {
					"rotation": [0, 0, 17.5]
				},
				"claw_outer_left2": {
					"rotation": [0, 0, 47.5]
				},
				"claw_outer_left3": {
					"rotation": [0, 0, 45]
				},
				"arm_right": {
					"rotation": [2.52154, 7.49282, 0.32902]
				},
				"hand_right": {
					"rotation": [-3.54731, -0.54303, "-34.459+math.sin(q.anim_time*90*1+220)*1+math.sin(q.anim_time*90*20)*0.6"]
				},
				"claw_inner_right": {
					"rotation": [0, 0, -17.5]
				},
				"claw_inner_right2": {
					"rotation": [0, 0, -32.5]
				},
				"claw_inner_right3": {
					"rotation": [0, 0, -32.5]
				},
				"claw_middle_right": {
					"rotation": [0, 0, -22.5]
				},
				"claw_middle_right2": {
					"rotation": [-0.86704, 0.79538, -32.21188]
				},
				"claw_middle_right3": {
					"rotation": [0, 0, -45]
				},
				"claw_outer_right": {
					"rotation": [0, 0, -17.5]
				},
				"claw_outer_right2": {
					"rotation": [0, 0, -47.5]
				},
				"claw_outer_right3": {
					"rotation": [0, 0, -45]
				},
				"head_rotation": {
					"rotation": ["-13.5-math.sin(q.anim_time*90*1+220)*1", "math.sin(q.anim_time*90*20+290)*0.1", "math.sin(q.anim_time*90*2+290)*0.9"]
				},
				"jaw": {
					"rotation": ["-7.5+math.sin(q.anim_time*90*0.75)*-2", 0, 0]
				},
				"tail": {
					"rotation": ["-65+math.sin(q.anim_time*90*0.5-100)*5", 0, "math.sin(q.anim_time*90*0.25-110)*-6"],
					"position": [0, -2.75, -5.25]
				},
				"tail2": {
					"rotation": ["-5+math.sin(q.anim_time*90*0.5-130)*8", "0+math.sin(q.anim_time*90*0.25-150)*9", 0]
				},
				"tail3": {
					"rotation": ["-5+math.sin(q.anim_time*90*0.5-160)*10", "math.sin(q.anim_time*90*0.25-190)*12", 0]
				},
				"tail_fin": {
					"rotation": ["-5+math.sin(q.anim_time*90*0.5-170)*4", "0+math.sin(q.anim_time*90*0.25-200)*2", "0+math.sin(q.anim_time*90*0.25-200)*4"]
				},
				"tail4": {
					"rotation": ["-12.5+math.sin(q.anim_time*90*0.5-190)*12", "math.sin(q.anim_time*90*0.25-210)*15", 0]
				},
				"tail5": {
					"rotation": ["math.sin(q.anim_time*90*0.5-210)*16", "math.sin(q.anim_time*90*0.25-240)*18", 0]
				},
				"leg_left": {
					"rotation": [-10.029, -11.2531, "-14.7425+math.sin(q.anim_time*90*1-100)*-12"]
				},
				"leg_left2": {
					"rotation": [4.98107, -0.43523, "4.9811+math.sin(q.anim_time*90*1-150)*-16"],
					"position": [0, 1.5, 0]
				},
				"leg_left3": {
					"rotation": [0, 0, "math.sin(q.anim_time*90*1-180)*-8"],
					"position": [0, 1, 0]
				},
				"leg_left4": {
					"rotation": [0, 0, "math.sin(q.anim_time*90*1-220)*-8"],
					"position": [0.5, 0, 0]
				},
				"leg_right": {
					"rotation": [-10.02904, 11.2531, "14.7425+math.sin(q.anim_time*90*1-100)*12"]
				},
				"leg_right2": {
					"rotation": [4.98107, 0.43523, "-4.9811+math.sin(q.anim_time*90*1-150)*16"],
					"position": [0, 1.5, 0]
				},
				"leg_right3": {
					"rotation": [0, 0, "-(math.sin(q.anim_time*90*1-180)*-8)"],
					"position": [0, 1, 0]
				},
				"leg_right4": {
					"rotation": [0, 0, "-(math.sin(q.anim_time*90*1-220)*-8)"],
					"position": [-0.5, 0, 0]
				},
				"neck_rotation": {
					"rotation": [-40, 0, 0]
				},
				"neck2": {
					"rotation": ["32.5+math.sin(q.anim_time*90*1+240)*1", 0, 0],
					"position": [0, -0.08059, 1.51855]
				},
				"mucus": {
					"rotation": [-10, 0, 0],
					"scale": [1, 1, "1+math.sin(q.anim_time*90*1+290)*-0.05"]
				},
				"arm_rotation_left": {
					"rotation": [136.64421, -31.90818, 143.42985]
				},
				"arm_rotation_right": {
					"rotation": [136.64421, 31.90818, -143.42985]
				},
				"neck3": {
					"rotation": [25, 0, 0]
				},
				"head": {
					"rotation": [7.5, 0, 0]
				},
				"eyelid_left": {
					"position": [0.1, 0, 0]
				},
				"eyelid_right": {
					"position": [-0.1, 0, 0]
				},
				"head_fur_top2": {
					"rotation": ["-math.sin(q.anim_time*90*1+290)*2", 0, 0]
				},
				"head_fur_left2": {
					"rotation": [0, 0, "math.sin(q.anim_time*90*1+290)*2"]
				},
				"head_fur_right2": {
					"rotation": [0, 0, "-(math.sin(q.anim_time*90*1+290)*2)"]
				},
				"head_fur_top_left2": {
					"rotation": [0, 0, "math.sin(q.anim_time*90*1+290)*2"]
				},
				"head_fur_top_right2": {
					"rotation": [0, 0, "-(math.sin(q.anim_time*90*1+290)*2)"]
				},
				"head_fur_bottom_left2": {
					"rotation": [0, 0, "math.sin(q.anim_time*90*1+290)*2"]
				},
				"head_fur_bottom_right2": {
					"rotation": [0, 0, "-(math.sin(q.anim_time*90*1+290)*2)"]
				},
				"mucus2": {
					"rotation": [0, "math.sin(q.anim_time*90*1+330)*3", 0]
				},
				"mucus3": {
					"rotation": [0, "math.sin(q.anim_time*90*1+290)*3", 0],
					"scale": [1, 1, "1+math.sin(q.anim_time*90*1+250)*-0.05"]
				}
			}
		},
		"animation.arctozolt.sleep": {
			"loop": true,
			"bones": {
				"torso": {
					"rotation": [12.5, 0, 0],
					"position": [0, -1, -1.25]
				},
				"arm_left": {
					"rotation": [2.52154, -7.49282, -0.32902]
				},
				"hand_left": {
					"rotation": [-3.54731, 0.54303, "34.459+math.sin(q.anim_time*90*1+220)*1+math.sin(q.anim_time*90*20)*0.6"]
				},
				"claw_inner_left": {
					"rotation": [0, 0, 17.5]
				},
				"claw_inner_left2": {
					"rotation": [0, 0, 32.5]
				},
				"claw_inner_left3": {
					"rotation": [0, 0, 32.5]
				},
				"claw_middle_left": {
					"rotation": [0, 0, 22.5]
				},
				"claw_middle_left2": {
					"rotation": [-0.86704, -0.79538, 32.21188]
				},
				"claw_middle_left3": {
					"rotation": [0, 0, 45]
				},
				"claw_outer_left": {
					"rotation": [0, 0, 17.5]
				},
				"claw_outer_left2": {
					"rotation": [0, 0, 47.5]
				},
				"claw_outer_left3": {
					"rotation": [0, 0, 45]
				},
				"arm_right": {
					"rotation": [7.61435, 9.91358, 1.31845]
				},
				"hand_right": {
					"rotation": [-3.54731, -0.54303, "-34.459+math.sin(q.anim_time*90*1+220)*1+math.sin(q.anim_time*90*20)*0.6"]
				},
				"claw_inner_right": {
					"rotation": [0, 0, -30]
				},
				"claw_inner_right2": {
					"rotation": [0, 0, -32.5]
				},
				"claw_inner_right3": {
					"rotation": [0, 0, -17.5]
				},
				"claw_middle_right": {
					"rotation": [0, 0, -17.5]
				},
				"claw_middle_right2": {
					"rotation": [0, 0, -35]
				},
				"claw_middle_right3": {
					"rotation": [0, 0, -42.5]
				},
				"claw_outer_right": {
					"rotation": [0, 0, -15]
				},
				"claw_outer_right2": {
					"rotation": [0, 0, -40]
				},
				"claw_outer_right3": {
					"rotation": [0, 0, -45]
				},
				"head": {
					"rotation": [7.5, 0, 0]
				},
				"jaw": {
					"rotation": [5, 0, 0]
				},
				"jaw2": {
					"rotation": [-7.5, 0, 0]
				},
				"muzzle": {
					"rotation": [0, 0, 0]
				},
				"muzzle2": {
					"rotation": [-10, 0, 0]
				},
				"tail": {
					"rotation": [-12, 0, 0]
				},
				"tail2": {
					"rotation": [0, 0, 0]
				},
				"tail3": {
					"rotation": [-10, "math.cos(q.anim_time*90*0.5-60)*1", 0],
					"position": [0, -0.75, 0]
				},
				"tail4": {
					"rotation": [5, "math.cos(q.anim_time*90*0.5-120)*3", 0],
					"position": [0, -1.25, 0]
				},
				"tail5": {
					"rotation": [10, "math.cos(q.anim_time*90*0.5-160)*5", 0]
				},
				"tail_fin": {
					"rotation": [-10, 0, 0]
				},
				"leg_left": {
					"rotation": [-9.96745, 46.27658, -20.92373],
					"position": [0, 0, -3]
				},
				"leg_right": {
					"rotation": [-9.96745, -46.27658, 20.92373],
					"position": [0, 0, -3]
				},
				"mucus": {
					"rotation": [-5, 0, 0]
				},
				"mucus2": {
					"rotation": [0, "math.sin(q.anim_time*90*1+330)*3", 0]
				},
				"mucus3": {
					"rotation": [0, "math.sin(q.anim_time*90*1+290)*3", 0]
				},
				"tongue": {
					"rotation": [-30, 0, 0]
				},
				"tongue_bend": {
					"rotation": [-20, 0, 0]
				},
				"body": {
					"rotation": [-12.5, 0, 0],
					"position": [0, -7.25, 0]
				},
				"leg_left2": {
					"rotation": [-10.99418, 5.9688, -33.51182],
					"position": [0, 1, 0]
				},
				"leg_right2": {
					"rotation": [-10.99418, -5.9688, 33.51182],
					"position": [0, 1, 0]
				},
				"leg_left3_rot": {
					"rotation": [-11.60351, -2.98137, -29.77562]
				},
				"leg_right3_rot": {
					"rotation": [-11.60351, 2.98137, 29.77562]
				},
				"arm_rotation_left": {
					"rotation": [136.64421, -31.90818, 143.42985]
				},
				"arm_rotation_right": {
					"rotation": [136.64421, 31.90818, -143.42985]
				},
				"neck_rotation": {
					"rotation": [-40, 0, 0]
				},
				"neck2": {
					"rotation": ["32.5+math.sin(q.anim_time*90*1+240)*1", 0, 0],
					"position": [0, -0.08059, 1.51855]
				},
				"neck3": {
					"rotation": [25, 0, 0]
				},
				"head_rotation": {
					"rotation": ["-17.5-math.sin(q.anim_time*90*1+220)*1", "math.sin(q.anim_time*90*20+290)*0.1", "math.sin(q.anim_time*90*2+290)*0.9"]
				},
				"eyelid_left": {
					"position": [0.1, 0, 0]
				},
				"eyelid_right": {
					"position": [-0.1, 0, 0]
				},
				"head_fur_top2": {
					"rotation": ["-math.sin(q.anim_time*90*1+290)*2", 0, 0]
				},
				"head_fur_left2": {
					"rotation": [0, 0, "math.sin(q.anim_time*90*1+290)*2"]
				},
				"head_fur_right2": {
					"rotation": [0, 0, "-(math.sin(q.anim_time*90*1+290)*2)"]
				},
				"head_fur_top_left2": {
					"rotation": [0, 0, "math.sin(q.anim_time*90*1+290)*2"]
				},
				"head_fur_top_right2": {
					"rotation": [0, 0, "-(math.sin(q.anim_time*90*1+290)*2)"]
				},
				"head_fur_bottom_left2": {
					"rotation": [0, 0, "math.sin(q.anim_time*90*1+290)*2"]
				},
				"head_fur_bottom_right2": {
					"rotation": [0, 0, "-(math.sin(q.anim_time*90*1+290)*2)"]
				}
			}
		},
		"animation.arctozolt.blink": {
			"animation_length": 0.1667,
			"bones": {
				"eyelid_left": {
					"position": {
						"0.0": [0.1, 0, 0],
						"0.125": [0.1, 0, 0],
						"0.1667": [0, 0, 0]
					}
				},
				"eyelid_right": {
					"position": {
						"0.0": [-0.1, 0, 0],
						"0.125": [-0.1, 0, 0],
						"0.1667": [0, 0, 0]
					}
				}
			}
		},
		"animation.arctozolt.cry": {
			"animation_length": 2.5,
			"bones": {
				"torso": {
					"rotation": {
						"0.0": [0, 0, 0],
						"0.2917": {
							"pre": [-3, 0, 0],
							"post": [-3, 0, 0],
							"lerp_mode": "catmullrom"
						},
						"0.5417": {
							"post": [1, 0, 0],
							"lerp_mode": "catmullrom"
						},
						"1.0417": {
							"post": [1, 0, 0],
							"lerp_mode": "catmullrom"
						},
						"1.6667": {
							"post": [0, 0, 0],
							"lerp_mode": "catmullrom"
						},
						"2.25": [0, 0, 0]
					}
				},
				"neck_rotation": {
					"rotation": {
						"0.0": [0, 0, 0],
						"0.375": ["math.sin(q.anim_time*90*20-60)*0.4", 0, 0],
						"0.75": ["6+math.sin(q.anim_time*90*40-60)*0.4", 0, 0],
						"1.4583": [0, 0, 0]
					}
				},
				"neck2": {
					"rotation": {
						"0.0": [0, 0, 0],
						"0.25": {
							"pre": [-8, 0, 0],
							"post": [-8, 0, 0],
							"lerp_mode": "catmullrom"
						},
						"0.5": {
							"post": [3, 0, 0],
							"lerp_mode": "catmullrom"
						},
						"1.0417": {
							"post": [3, 0, 0],
							"lerp_mode": "catmullrom"
						},
						"1.5833": {
							"post": [0, 0, 0],
							"lerp_mode": "catmullrom"
						},
						"2.1667": [0, 0, 0]
					}
				},
				"neck3": {
					"rotation": {
						"0.0": [0, 0, 0],
						"0.125": {
							"pre": [9, 0, 0],
							"post": [9, 0, 0],
							"lerp_mode": "catmullrom"
						},
						"0.3333": {
							"post": [-8, 0, 0],
							"lerp_mode": "catmullrom"
						},
						"0.625": {
							"post": [2, 0, 0],
							"lerp_mode": "catmullrom"
						},
						"1.2083": {
							"post": [0, 0, 0],
							"lerp_mode": "catmullrom"
						},
						"2.0417": [0, 0, 0]
					}
				},
				"head_rotation": {
					"rotation": {
						"0.0": [0, 0, 0],
						"0.25": {
							"pre": [10, 0, 0],
							"post": [10, 0, 0],
							"lerp_mode": "catmullrom"
						},
						"0.4167": {
							"post": [-22.5, 0, 0],
							"lerp_mode": "catmullrom"
						},
						"0.5833": {
							"post": [-6, 0, -4],
							"lerp_mode": "catmullrom"
						},
						"0.7083": {
							"post": [-8.56, 0, 1.36],
							"lerp_mode": "catmullrom"
						},
						"0.875": {
							"post": [-11, 0, 0],
							"lerp_mode": "catmullrom"
						},
						"1.0417": {
							"post": [-7.49, 0, -0.09],
							"lerp_mode": "catmullrom"
						},
						"1.4583": {
							"post": [2, 0, 0],
							"lerp_mode": "catmullrom"
						},
						"1.9583": {
							"post": [0, 0, 0],
							"lerp_mode": "catmullrom"
						},
						"2.5": [0, 0, 0]
					}
				},
				"jaw": {
					"rotation": {
						"0.0": [0, 0, 0],
						"0.3333": {
							"pre": [-4, 0, 0],
							"post": [-4, 0, 0],
							"lerp_mode": "catmullrom"
						},
						"0.4583": {
							"post": [30, 0, 0],
							"lerp_mode": "catmullrom"
						},
						"0.5417": {
							"post": [32.5, 0, 0],
							"lerp_mode": "catmullrom"
						},
						"0.5833": {
							"post": [33.5, 0, 0],
							"lerp_mode": "catmullrom"
						},
						"0.625": {
							"post": [32.5, 0, 0],
							"lerp_mode": "catmullrom"
						},
						"0.7083": {
							"post": [29.5, 0, 0],
							"lerp_mode": "catmullrom"
						},
						"0.9583": {
							"post": [33.5, 0, 0],
							"lerp_mode": "catmullrom"
						},
						"1.1667": {
							"post": [12.5, 0, 0],
							"lerp_mode": "catmullrom"
						},
						"1.375": {
							"post": [12.5, 0, 0],
							"lerp_mode": "catmullrom"
						},
						"1.6667": {
							"post": [0, 0, 0],
							"lerp_mode": "catmullrom"
						},
						"2.25": [0, 0, 0]
					}
				},
				"mucus": {
					"rotation": {
						"0.0": [0, 0, 0],
						"0.25": {
							"pre": [-8, 0, 0],
							"post": [-8, 0, 0],
							"lerp_mode": "catmullrom"
						},
						"0.4583": {
							"post": [2, 0, 0],
							"lerp_mode": "catmullrom"
						},
						"0.7083": {
							"post": [-9, 0, 0],
							"lerp_mode": "catmullrom"
						},
						"0.875": {
							"post": [-5, 0, 0],
							"lerp_mode": "catmullrom"
						},
						"1.0833": {
							"post": [-10, 0, 0],
							"lerp_mode": "catmullrom"
						},
						"1.6667": {
							"post": [0, 0, 0],
							"lerp_mode": "catmullrom"
						},
						"2.2917": [0, 0, 0]
					}
				}
			},
			"sound_effects": {
				"0.25": {
					"effect": "pokemon.arctozolt.cry"
				}
			}
		},
		"animation.arctozolt.quirk": {
			"animation_length": 4.125,
			"bones": {
				"torso": {
					"rotation": {
						"0.0": {
							"post": [0, 0, 0],
							"lerp_mode": "catmullrom"
						},
						"0.4167": {
							"post": [1, 0, 0],
							"lerp_mode": "catmullrom"
						},
						"1.0": {
							"post": [-2, 0, 0],
							"lerp_mode": "catmullrom"
						},
						"1.25": {
							"post": [9, 0, 0],
							"lerp_mode": "catmullrom"
						},
						"1.5": {
							"post": [9, 0, 0],
							"lerp_mode": "catmullrom"
						},
						"2.8333": {
							"post": [0, 0, 0],
							"lerp_mode": "catmullrom"
						},
						"3.875": [0, 0, 0]
					}
				},
				"arm_rotation_left": {
					"rotation": {
						"0.0": {
							"post": [0, 0, 0],
							"lerp_mode": "catmullrom"
						},
						"0.375": {
							"post": [0, 3, 0],
							"lerp_mode": "catmullrom"
						},
						"0.875": {
							"post": [0, 18.1, 0],
							"lerp_mode": "catmullrom"
						},
						"1.4583": {
							"post": [0, -13.6, 0],
							"lerp_mode": "catmullrom"
						},
						"1.75": {
							"post": [0, -6.6, 0],
							"lerp_mode": "catmullrom"
						},
						"2.2083": {
							"post": [0, -1, 0],
							"lerp_mode": "catmullrom"
						},
						"3.75": [0, 0, 0]
					}
				},
				"hand_left": {
					"rotation": {
						"0.0": {
							"post": [0, 0, 0],
							"lerp_mode": "catmullrom"
						},
						"0.3333": {
							"post": [0, 0, 3.5],
							"lerp_mode": "catmullrom"
						},
						"0.9167": {
							"post": [0, 0, 1.5],
							"lerp_mode": "catmullrom"
						},
						"1.0": {
							"post": [0, 0, -3.68],
							"lerp_mode": "catmullrom"
						},
						"1.2083": {
							"post": [0, 0, 6.47],
							"lerp_mode": "catmullrom"
						},
						"1.9167": {
							"post": [0, 0, 8],
							"lerp_mode": "catmullrom"
						},
						"2.625": {
							"post": [0, 0, 2],
							"lerp_mode": "catmullrom"
						},
						"3.875": [0, 0, 0]
					}
				},
				"claw_inner_left2": {
					"rotation": {
						"0.7917": {
							"pre": [0, 0, 0],
							"post": [0, 0, 0],
							"lerp_mode": "catmullrom"
						},
						"1.2083": {
							"post": [0, 0, -7.5],
							"lerp_mode": "catmullrom"
						},
						"1.4167": {
							"post": [0, 0, 25],
							"lerp_mode": "catmullrom"
						},
						"2.9167": [0, 0, 0]
					}
				},
				"claw_middle_left2": {
					"rotation": {
						"0.7917": {
							"pre": [0, 0, 0],
							"post": [0, 0, 0],
							"lerp_mode": "catmullrom"
						},
						"1.2083": {
							"post": [0, 0, -7.5],
							"lerp_mode": "catmullrom"
						},
						"1.4167": {
							"post": [0, 0, 25],
							"lerp_mode": "catmullrom"
						},
						"2.9167": [0, 0, 0]
					}
				},
				"claw_outer_left2": {
					"rotation": {
						"0.7917": {
							"pre": [0, 0, 0],
							"post": [0, 0, 0],
							"lerp_mode": "catmullrom"
						},
						"1.2083": {
							"post": [0, 0, -7.5],
							"lerp_mode": "catmullrom"
						},
						"1.4167": {
							"post": [0, 0, 25],
							"lerp_mode": "catmullrom"
						},
						"2.9167": [0, 0, 0]
					}
				},
				"arm_rotation_right": {
					"rotation": {
						"0.0": {
							"post": [0, 0, 0],
							"lerp_mode": "catmullrom"
						},
						"0.375": {
							"post": [0, -3, 0],
							"lerp_mode": "catmullrom"
						},
						"0.875": {
							"post": [0, -18.1, 0],
							"lerp_mode": "catmullrom"
						},
						"1.4583": {
							"post": [0, 13.6, 0],
							"lerp_mode": "catmullrom"
						},
						"1.75": {
							"post": [0, 6.6, 0],
							"lerp_mode": "catmullrom"
						},
						"2.2083": {
							"post": [0, 1, 0],
							"lerp_mode": "catmullrom"
						},
						"3.75": [0, 0, 0]
					}
				},
				"hand_right": {
					"rotation": {
						"0.0": {
							"post": [0, 0, 0],
							"lerp_mode": "catmullrom"
						},
						"0.3333": {
							"post": [0, 0, -3.5],
							"lerp_mode": "catmullrom"
						},
						"0.9167": {
							"post": [0, 0, -1.5],
							"lerp_mode": "catmullrom"
						},
						"1.0": {
							"post": [0, 0, 3.68],
							"lerp_mode": "catmullrom"
						},
						"1.2083": {
							"post": [0, 0, -6.47],
							"lerp_mode": "catmullrom"
						},
						"1.9167": {
							"post": [0, 0, -8],
							"lerp_mode": "catmullrom"
						},
						"2.625": {
							"post": [0, 0, -2],
							"lerp_mode": "catmullrom"
						},
						"3.875": [0, 0, 0]
					}
				},
				"claw_inner_right2": {
					"rotation": {
						"0.7917": {
							"pre": [0, 0, 0],
							"post": [0, 0, 0],
							"lerp_mode": "catmullrom"
						},
						"1.2083": {
							"post": [0, 0, 7.5],
							"lerp_mode": "catmullrom"
						},
						"1.4167": {
							"post": [0, 0, -25],
							"lerp_mode": "catmullrom"
						},
						"2.9167": [0, 0, 0]
					}
				},
				"claw_middle_right2": {
					"rotation": {
						"0.7917": {
							"pre": [0, 0, 0],
							"post": [0, 0, 0],
							"lerp_mode": "catmullrom"
						},
						"1.2083": {
							"post": [0, 0, 7.5],
							"lerp_mode": "catmullrom"
						},
						"1.4167": {
							"post": [0, 0, -25],
							"lerp_mode": "catmullrom"
						},
						"2.9167": [0, 0, 0]
					}
				},
				"claw_outer_right2": {
					"rotation": {
						"0.7917": {
							"pre": [0, 0, 0],
							"post": [0, 0, 0],
							"lerp_mode": "catmullrom"
						},
						"1.2083": {
							"post": [0, 0, 7.5],
							"lerp_mode": "catmullrom"
						},
						"1.4167": {
							"post": [0, 0, -25],
							"lerp_mode": "catmullrom"
						},
						"2.9167": [0, 0, 0]
					}
				},
				"neck_rotation": {
					"rotation": {
						"0.0": {
							"post": [0, 0, 0],
							"lerp_mode": "catmullrom"
						},
						"0.25": {
							"post": [-1, 0, 0],
							"lerp_mode": "catmullrom"
						},
						"0.5417": {
							"post": [-4, 0, 0],
							"lerp_mode": "catmullrom"
						},
						"1.0": {
							"post": [-7, 0, 0],
							"lerp_mode": "catmullrom"
						},
						"1.1667": {
							"post": [17.7, 0, 0],
							"lerp_mode": "catmullrom"
						},
						"1.25": {
							"post": [32.7, 0, 0],
							"lerp_mode": "catmullrom"
						},
						"1.625": {
							"post": [20.46, 0, 0],
							"lerp_mode": "catmullrom"
						},
						"1.9167": {
							"post": [7.01, 0, 0],
							"lerp_mode": "catmullrom"
						},
						"2.3333": {
							"post": [2, 0, 0],
							"lerp_mode": "catmullrom"
						},
						"3.125": {
							"post": [2, 0, 0],
							"lerp_mode": "catmullrom"
						},
						"3.5": [0, 0, 0]
					},
					"position": {
						"1.0": [0, 0, 0],
						"1.1667": {
							"pre": [0, -0.3, 0],
							"post": [0, -0.3, 0],
							"lerp_mode": "catmullrom"
						},
						"1.25": {
							"post": [0, -0.8, 0],
							"lerp_mode": "catmullrom"
						},
						"3.125": [0, 0, 0]
					}
				},
				"neck2": {
					"rotation": {
						"0.0": {
							"post": [0, 0, 0],
							"lerp_mode": "catmullrom"
						},
						"0.25": {
							"post": [4, 0, 0],
							"lerp_mode": "catmullrom"
						},
						"0.625": {
							"post": [-5, 0, 0],
							"lerp_mode": "catmullrom"
						},
						"0.9167": {
							"post": [-6.5, 0, 0],
							"lerp_mode": "catmullrom"
						},
						"1.125": {
							"post": [-13.5, 0, 0],
							"lerp_mode": "catmullrom"
						},
						"1.25": {
							"post": [14.5, 0, 0],
							"lerp_mode": "catmullrom"
						},
						"1.9583": {
							"post": [16.7, 0, 0],
							"lerp_mode": "catmullrom"
						},
						"2.5833": {
							"post": [-2.5, 0, 0],
							"lerp_mode": "catmullrom"
						},
						"3.125": {
							"post": [-1, 0, 0],
							"lerp_mode": "catmullrom"
						},
						"3.5417": [0, 0, 0]
					}
				},
				"neck3": {
					"rotation": {
						"0.0": {
							"post": [0, 0, 0],
							"lerp_mode": "catmullrom"
						},
						"0.125": {
							"post": [2, 0, 0],
							"lerp_mode": "catmullrom"
						},
						"0.4167": {
							"post": [1.08, 0, 0],
							"lerp_mode": "catmullrom"
						},
						"0.7083": {
							"post": [-4.5, 0, 0],
							"lerp_mode": "catmullrom"
						},
						"1.0833": {
							"post": [-5.5, 0, 0],
							"lerp_mode": "catmullrom"
						},
						"1.5": {
							"post": [7, 0, 0],
							"lerp_mode": "catmullrom"
						},
						"2.0417": {
							"post": [3.13, 0, 0],
							"lerp_mode": "catmullrom"
						},
						"2.4583": {
							"post": [0.49, 0, 0],
							"lerp_mode": "catmullrom"
						},
						"3.7083": [0, 0, 0]
					}
				},
				"head": {
					"rotation": {
						"0.0": {
							"post": [0, 0, 0],
							"lerp_mode": "catmullrom"
						},
						"0.2083": {
							"post": [1.5, 0, 0],
							"lerp_mode": "catmullrom"
						},
						"0.4583": {
							"post": [5, 0, 0],
							"lerp_mode": "catmullrom"
						},
						"0.7083": {
							"post": [-4, 0, 0],
							"lerp_mode": "catmullrom"
						},
						"1.0833": {
							"post": [-9, 0, 0],
							"lerp_mode": "catmullrom"
						},
						"1.2917": {
							"post": [-21, 0, 0],
							"lerp_mode": "catmullrom"
						},
						"1.7083": {
							"post": [-20, 0, 0],
							"lerp_mode": "catmullrom"
						},
						"2.0417": {
							"post": [-9, 0, 0],
							"lerp_mode": "catmullrom"
						},
						"2.2917": {
							"post": [-0.53, 0, 0],
							"lerp_mode": "catmullrom"
						},
						"2.8333": {
							"post": [-4.53, 0, 0],
							"lerp_mode": "catmullrom"
						},
						"3.4167": {
							"post": [3.96, 0, 0],
							"lerp_mode": "catmullrom"
						},
						"4.125": [0, 0, 0]
					}
				},
				"head_rotation": {
					"rotation": {
						"1.9167": [0, 0, 0],
						"2.25": [0, "math.sin(q.anim_time*90*15)*4", "math.sin(q.anim_time*90*20)*2"],
						"3.0417": [0, "math.sin(q.anim_time*90*15)*0.5", "math.sin(q.anim_time*90*15)*0.5"],
						"3.7083": [0, 0, 0]
					}
				},
				"jaw": {
					"rotation": {
						"0.0": {
							"post": [0, 0, 0],
							"lerp_mode": "catmullrom"
						},
						"0.2083": {
							"post": [-22.5, 0, 0],
							"lerp_mode": "catmullrom"
						},
						"0.375": {
							"post": [-31, 0, 0],
							"lerp_mode": "catmullrom"
						},
						"0.625": {
							"post": [-12.5, 0, 0],
							"lerp_mode": "catmullrom"
						},
						"0.9167": {
							"post": [-20, 0, 0],
							"lerp_mode": "catmullrom"
						},
						"1.125": {
							"post": [4, 0, 0],
							"lerp_mode": "catmullrom"
						},
						"1.3333": {
							"post": [-37.5, 0, 0],
							"lerp_mode": "catmullrom"
						},
						"1.75": {
							"post": [-37.5, 0, 0],
							"lerp_mode": "catmullrom"
						},
						"2.5": {
							"post": [-31.62, 0, 0],
							"lerp_mode": "catmullrom"
						},
						"3.0": {
							"post": [-37.22, 0, 0],
							"lerp_mode": "catmullrom"
						},
						"3.7917": {
							"post": [-9, 0, 0],
							"lerp_mode": "catmullrom"
						},
						"4.0833": [0, 0, 0]
					}
				},
				"jaw2": {
					"rotation": {
						"0.875": {
							"pre": [0, 0, 0],
							"post": [0, 0, 0],
							"lerp_mode": "catmullrom"
						},
						"1.1667": {
							"post": [13.59, 0, 0],
							"lerp_mode": "catmullrom"
						},
						"1.4167": {
							"post": [18.5, 0, 0],
							"lerp_mode": "catmullrom"
						},
						"1.8333": {
							"post": [17.5, 0, 0],
							"lerp_mode": "catmullrom"
						},
						"2.125": {
							"post": [3, 0, 0],
							"lerp_mode": "catmullrom"
						},
						"2.4583": [0, 0, 0]
					}
				},
				"mucus": {
					"rotation": {
						"0.0": {
							"post": [0, 0, 0],
							"lerp_mode": "catmullrom"
						},
						"0.1667": {
							"post": [-2, 0, 0],
							"lerp_mode": "catmullrom"
						},
						"0.625": {
							"post": [-2, 0, 0],
							"lerp_mode": "catmullrom"
						},
						"1.0417": {
							"post": [-1, 0, 0],
							"lerp_mode": "catmullrom"
						},
						"1.25": {
							"post": [-54, 0, 0],
							"lerp_mode": "catmullrom"
						},
						"1.4583": {
							"post": [-57.5, 0, 0],
							"lerp_mode": "catmullrom"
						},
						"2.7917": {
							"post": [-21.5, 0, 0],
							"lerp_mode": "catmullrom"
						},
						"3.0417": {
							"post": [-5, 0, 0],
							"lerp_mode": "catmullrom"
						},
						"3.4583": [0, 0, 0]
					},
					"position": {
						"1.2083": [0, 0, 0],
						"1.3333": {
							"pre": [0, 8, -2.75],
							"post": [0, 8, -2.75],
							"lerp_mode": "catmullrom"
						},
						"2.7083": {
							"post": [0, 5, -1.75],
							"lerp_mode": "catmullrom"
						},
						"2.875": [0, 5, -1.75],
						"2.9167": {"pre": [0, 5, -1.75], "post": [0, 0, 0]}
					},
					"scale": {
						"1.2083": [1, 1, 1],
						"1.25": [0.4067, 0.6667, 0.4067],
						"1.3333": [0, 0, 0],
						"2.8333": [0, 0, 0],
						"3.0417": {
							"pre": [0.0367, 0.2667, 0.1167],
							"post": [0.0367, 0.2667, 0.1167],
							"lerp_mode": "catmullrom"
						},
						"3.3333": {
							"post": [0.2769, 0.65, 0.4756],
							"lerp_mode": "catmullrom"
						},
						"3.625": {
							"post": [1.1, 1.1, 1.1],
							"lerp_mode": "catmullrom"
						},
						"4.125": [1, 1, 1]
					}
				},
				"mucus2": {
					"rotation": {
						"0.0": {
							"post": [0, 0, 0],
							"lerp_mode": "catmullrom"
						},
						"0.375": {
							"post": [-5, 0, 0],
							"lerp_mode": "catmullrom"
						},
						"0.9167": {
							"post": [29, 0, 0],
							"lerp_mode": "catmullrom"
						},
						"1.0833": {
							"post": [43, 0, 0],
							"lerp_mode": "catmullrom"
						},
						"1.2917": {
							"post": [-61, 0, 0],
							"lerp_mode": "catmullrom"
						},
						"1.625": {
							"post": [0, 0, 0],
							"lerp_mode": "catmullrom"
						},
						"3.2917": [0, 0, 0]
					},
					"scale": {
						"1.2917": [1, 1, 1],
						"1.5": {
							"pre": [1, 1, 1],
							"post": [1, 1, 1],
							"lerp_mode": "catmullrom"
						},
						"2.125": {
							"post": [1, 1, 0.63],
							"lerp_mode": "catmullrom"
						},
						"2.9167": {
							"post": [1, 1, 1.13],
							"lerp_mode": "catmullrom"
						},
						"3.2917": [1, 1, 1]
					}
				},
				"mucus3": {
					"rotation": {
						"0.0": {
							"post": [0, 0, 0],
							"lerp_mode": "catmullrom"
						},
						"0.4167": {
							"post": [-2.5, 0, 0],
							"lerp_mode": "catmullrom"
						},
						"1.0": {
							"post": [22.5, 0, 0],
							"lerp_mode": "catmullrom"
						},
						"1.2917": {
							"post": [-112.5, 0, 0],
							"lerp_mode": "catmullrom"
						},
						"1.75": {
							"post": [0, 0, 0],
							"lerp_mode": "catmullrom"
						}
					},
					"scale": {
						"1.5833": [1, 1, 1],
						"2.4167": {
							"pre": [1, 1, 0.9],
							"post": [1, 1, 0.9],
							"lerp_mode": "catmullrom"
						},
						"3.0417": {
							"post": [1, 1, 1.1],
							"lerp_mode": "catmullrom"
						},
						"3.5833": [1, 1, 1]
					}
				},
				"tail": {
					"rotation": {
						"0.0": {
							"post": [0, 0, 0],
							"lerp_mode": "catmullrom"
						},
						"0.4583": {
							"post": [0, 0, 0],
							"lerp_mode": "catmullrom"
						},
						"0.9583": {
							"post": [5, 0, 0],
							"lerp_mode": "catmullrom"
						},
						"1.2917": {
							"post": [-10, 0, 0],
							"lerp_mode": "catmullrom"
						},
						"1.5833": {
							"post": [2.5, 0, 0],
							"lerp_mode": "catmullrom"
						},
						"1.8333": {
							"post": [2.5, 0, 0],
							"lerp_mode": "catmullrom"
						},
						"2.4583": {
							"post": [5, 0, 0],
							"lerp_mode": "catmullrom"
						},
						"3.25": {
							"post": [0, 0, 0],
							"lerp_mode": "catmullrom"
						},
						"3.875": [0, 0, 0]
					}
				},
				"tail2": {
					"rotation": {
						"0.0": {
							"post": [0, 0, 0],
							"lerp_mode": "catmullrom"
						},
						"1.0": {
							"post": [0, 0, 0],
							"lerp_mode": "catmullrom"
						},
						"1.2083": {
							"post": [-2.5, 0, 0],
							"lerp_mode": "catmullrom"
						},
						"1.4583": {
							"post": [5, 0, 0],
							"lerp_mode": "catmullrom"
						},
						"1.75": {
							"post": [5, 0, 0],
							"lerp_mode": "catmullrom"
						},
						"3.0417": {
							"post": [0, 0, 0],
							"lerp_mode": "catmullrom"
						},
						"3.75": [0, 0, 0]
					}
				},
				"tail3": {
					"rotation": {
						"0.0": {
							"post": [0, 0, 0],
							"lerp_mode": "catmullrom"
						},
						"1.0833": {
							"post": [0, 0, 0],
							"lerp_mode": "catmullrom"
						},
						"1.2917": {
							"post": [-3, 0, 0],
							"lerp_mode": "catmullrom"
						},
						"1.5417": {
							"post": [-1, 0, 0],
							"lerp_mode": "catmullrom"
						},
						"1.8333": {
							"post": [-1, 0, 0],
							"lerp_mode": "catmullrom"
						},
						"2.5417": {
							"post": [0, 0, 0],
							"lerp_mode": "catmullrom"
						},
						"3.6667": [0, 0, 0]
					}
				},
				"tail4": {
					"rotation": {
						"0.0": {
							"post": [0, 0, 0],
							"lerp_mode": "catmullrom"
						},
						"0.875": {
							"post": [5, 0, 0],
							"lerp_mode": "catmullrom"
						},
						"1.3333": {
							"post": [-6, 0, 0],
							"lerp_mode": "catmullrom"
						},
						"1.6667": {
							"post": [11.5, 0, 0],
							"lerp_mode": "catmullrom"
						},
						"2.6667": {
							"post": [0, 0, 0],
							"lerp_mode": "catmullrom"
						},
						"3.8333": [0, 0, 0]
					}
				},
				"tail5": {
					"rotation": {
						"0.0": {
							"post": [0, 0, 0],
							"lerp_mode": "catmullrom"
						},
						"0.8333": {
							"post": [2.5, 0, 0],
							"lerp_mode": "catmullrom"
						},
						"1.2917": {
							"post": [-5, 0, 0],
							"lerp_mode": "catmullrom"
						},
						"1.5": {
							"post": [-20, 0, 0],
							"lerp_mode": "catmullrom"
						},
						"1.7917": {
							"post": [-2.5, 0, 0],
							"lerp_mode": "catmullrom"
						},
						"2.8333": {
							"post": [0, 0, 0],
							"lerp_mode": "catmullrom"
						},
						"3.9583": [0, 0, 0]
					}
				}
			}
		},
		"animation.arctozolt.walkspeedtest": {
			"loop": true,
			"bones": {
				"arctozolt": {
					"position": [0, 0, "-q.anim_time*90*0.15"]
				}
			}
		}
	}
}