{
    "type": "minecraft:crafting_shaped",
    "pattern": [
        "123",
        "804",
        "765"
    ],
    "key": {
        "1": {
            "item": "mega_showdown:flame_plate"
        },
        "2": {
            "item": "mega_showdown:earth_plate"
        },
        "3": {
            "item": "mega_showdown:zap_plate"
        },
        "4": {
            "item": "mega_showdown:meadow_plate"
        },
        "5": {
            "item": "mega_showdown:icicle_plate"
        },
        "6": {
            "item": "mega_showdown:splash_plate"
        },
        "7": {
            "item": "mega_showdown:mind_plate"
        },
        "8": {
            "item": "mega_showdown:pixie_plate"
        },
        "0": {
            "item": "minecraft:nether_star"
        }
    },
    "result": {
        "id": "mega_showdown:legend_plate",
        "count": 1
    }
}