{
    "species": "cobblemon:arctozolt",
    "order": 0,
    "variations": [
        {
            "aspects": [],
            "poser": "cobblemon:arctozolt",
            "model": "cobblemon:cafe_arctozolt.geo",
            "texture": "cobblemon:textures/pokemon/0881_arctozolt/arctozolt.png",
            "layers": []
        },
        {
            "aspects": [
                "shiny"
            ],
            "texture": "cobblemon:textures/pokemon/0881_arctozolt/arctozolt_shiny.png"
        },
        {
            "aspects": [
                "cosmetic_item-white_wool"
            ],
            "layers": [
                {
                    "texture": "cobblemon:textures/pokemon/0881_arctozolt/cafe_arctozolt.png"
                }
            ]
        }
    ]
}