{
    "species": "cobblemon:dedenne",
    "order": 0,
    "variations": [
        {
            "aspects": [],
            "poser": "cobblemon:dedenne",
            "model": "cobblemon:cafe_dedenne.geo",
            "texture": "cobblemon:textures/pokemon/dedenne/dedenne.png",
            "layers": []
        },
        {
            "aspects": [
                "shiny"
            ],
            "texture": "cobblemon:textures/pokemon/dedenne/dedenne_shiny.png"
        },
        {
            "aspects": [
                "cosmetic_item-white_wool"
            ],
            "layers": [
                {
                    "texture": "cobblemon:textures/pokemon/dedenne/cafe_dedenne.png"
                }
            ]
        }
    ]
}