{
    "species": "cobblemon:espeon",
    "order": 0,
    "variations": [
        {
            "aspects": [],
            "poser": "cobblemon:espeon",
            "model": "cobblemon:popstar_espeon.geo",
            "texture": "cobblemon:textures/pokemon/espeon/espeon.png",
            "layers": []
        },
        {
            "aspects": [
                "shiny"
            ],
            "texture": "cobblemon:textures/pokemon/espeon/espeon_shiny.png"
        },
        {
            "aspects": [
                "cosmetic_item-jukebox"
            ],
            "layers": [
                {
                    "texture": "cobblemon:textures/pokemon/espeon/popstar_espeon.png"
                }
            ]
        }
    ]
}