{
    "species": "cobblemon:floragato",
    "order": 0,
    "variations": [
        {
            "aspects": [],
            "poser": "cobblemon:floragato",
            "model": "cobblemon:cafe_floragato.geo",
            "texture": "cobblemon:textures/pokemon/floragato/floragato.png",
            "layers": []
        },
        {
            "aspects": [
                "shiny"
            ],
            "texture": "cobblemon:textures/pokemon/floragato/floragato_shiny.png"
        },
        {
            "aspects": [
                "cosmetic_item-white_wool"
            ],
            "layers": [
                {
                    "texture": "cobblemon:textures/pokemon/floragato/cafe_floragato.png"
                }
            ]
        }
    ]
}