{
    "species": "cobblemon:leafeon",
    "order": 0,
    "variations": [
        {
            "aspects": [],
            "poser": "cobblemon:leafeon",
            "model": "cobblemon:popstar_leafeon.geo",
            "texture": "cobblemon:textures/pokemon/leafeon/leafeon.png",
            "layers": []
        },
        {
            "aspects": [
                "shiny"
            ],
            "texture": "cobblemon:textures/pokemon/leafeon/leafeon_shiny.png"
        },
        {
            "aspects": [
                "cosmetic_item-jukebox"
            ],
            "layers": [
                {
                    "texture": "cobblemon:textures/pokemon/leafeon/popstar_leafeon.png"
                }
            ]
        }
    ]
}