{
    "species": "cobblemon:lilligant",
    "order": 0,
    "variations": [
        {
            "aspects": [],
            "poser": "cobblemon:lilligant",
            "model": "cobblemon:cafe_lilligant.geo",
            "texture": "cobblemon:textures/pokemon/lilligant/lilligant.png",
            "layers": []
        },
        {
            "aspects": [
                "shiny"
            ],
            "texture": "cobblemon:textures/pokemon/lilligant/lilligant_shiny.png"
        },
        {
            "aspects": [
                "cosmetic_item-white_wool"
            ],
            "layers": [
                {
                    "texture": "cobblemon:textures/pokemon/lilligant/cafe_lilligant.png"
                }
            ]
        }
    ]
}