{
    "species": "cobblemon:mew",
    "order": 0,
    "variations": [
        {
            "aspects": [],
            "poser": "cobblemon:mew",
            "model": "cobblemon:kimono_mew.geo",
            "texture": "cobblemon:textures/pokemon/mew/mew.png",
            "layers": []
        },
        {
            "aspects": [
                "shiny"
            ],
            "texture": "cobblemon:textures/pokemon/mew/mew_shiny.png"
        },
        {
            "aspects": [
                "cosmetic_item-white_wool"
            ],
            "layers": [
                {
                    "texture": "cobblemon:textures/pokemon/mew/kimono_mew.png"
                }
            ]
        }
    ]
}