{
    "species": "cobblemon:minccino",
    "order": 0,
    "variations": [
        {
            "aspects": [],
            "poser": "cobblemon:minccino",
            "model": "cobblemon:cafe_minccino.geo",
            "texture": "cobblemon:textures/pokemon/minccino/minccino.png",
            "layers": []
        },
        {
            "aspects": [
                "shiny"
            ],
            "texture": "cobblemon:textures/pokemon/minccino/minccino_shiny.png"
        },
        {
            "aspects": [
                "cosmetic_item-white_wool"
            ],
            "layers": [
                {
                    "texture": "cobblemon:textures/pokemon/minccino/cafe_minccino.png"
                }
            ]
        }
    ]
}