{
    "species": "cobblemon:serperior",
    "order": 0,
    "variations": [
        {
            "aspects": [],
            "poser": "cobblemon:serperior",
            "model": "cobblemon:cafe_serperior.geo",
            "texture": "cobblemon:textures/pokemon/serperior/serperior.png",
            "layers": []
        },
        {
            "aspects": [
                "shiny"
            ],
            "texture": "cobblemon:textures/pokemon/serperior/serperior_shiny.png"
        },
        {
            "aspects": [
                "cosmetic_item-white_wool"
            ],
            "layers": [
                {
                    "texture": "cobblemon:textures/pokemon/serperior/cafe_serperior.png"
                }
            ]
        }
    ]
}