{
    "species": "cobblemon:tropius",
    "order": 0,
    "variations": [
        {
            "aspects": [],
            "poser": "cobblemon:cafe_tropius",
            "model": "cobblemon:cafe_tropius.geo",
            "texture": "cobblemon:textures/pokemon/tropius/tropius.png",
            "layers": []
        },
        {
            "aspects": [
                "shiny"
            ],
            "texture": "cobblemon:textures/pokemon/tropius/tropius_shiny.png"
        },
        {
            "aspects": [
                "cosmetic_item-white_wool"
            ],
            "layers": [
                {
                    "texture": "cobblemon:textures/pokemon/tropius/cafe_tropius.png"
                }
            ]
        }
    ]
}