{
    "species": "cobblemon:vibrava",
    "order": 0,
    "variations": [
        {
            "aspects": [],
            "poser": "cobblemon:vibrava",
            "model": "cobblemon:cafe_vibrava.geo",
            "texture": "cobblemon:textures/pokemon/vibrava/vibrava.png",
            "layers": []
        },
        {
            "aspects": [
                "shiny"
            ],
            "texture": "cobblemon:textures/pokemon/vibrava/vibrava_shiny.png"
        },
        {
            "aspects": [
                "cosmetic_item-white_wool"
            ],
            "layers": [
                {
                    "texture": "cobblemon:textures/pokemon/vibrava/cafe_vibrava.png"
                }
            ]
        }
    ]
}