{
    "species": "cobblemon:whimsicott",
    "order": 0,
    "variations": [
        {
            "aspects": [],
            "poser": "cobblemon:whimsicott",
            "model": "cobblemon:cafe_whimsicott.geo",
            "texture": "cobblemon:textures/pokemon/whimsicott/whimsicott.png",
            "layers": []
        },
        {
            "aspects": [
                "shiny"
            ],
            "texture": "cobblemon:textures/pokemon/whimsicott/whimsicott_shiny.png"
        },
        {
            "aspects": [
                "cosmetic_item-white_wool"
            ],
            "layers": [
                {
                    "texture": "cobblemon:textures/pokemon/whimsicott/cafe_whimsicott.png"
                }
            ]
        }
    ]
}