{
  "species": "cobblemon:pikachu",
  "order": 0,
  "variations": [
    {
      "aspects": [],
      "poser": "cobblemon:pikachu",
      "model": "cobblemon:pikachu_male.geo",
      "texture": "cobblemon:textures/pokemon/0025_pikachu/pikachu.png",
      "layers": [
        {
          "name": "emissive",
          "texture": "cobblemon:textures/pokemon/0025_pikachu/pikachu_emissive.png",
          "emissive": true,
          "translucent": false
        }
      ]
    },
    {
      "aspects": ["shiny"],
      "texture": "cobblemon:textures/pokemon/0025_pikachu/pikachu_shiny.png",
      "layers": [
        {
          "name": "emissive",
          "texture": "cobblemon:textures/pokemon/0025_pikachu/pikachu_emissive_shiny.png",
          "emissive": true,
          "translucent": false
        }
      ]
    },
    {
      "aspects": ["female"],
      "poser": "cobblemon:pikachu",
      "model": "cobblemon:pikachu_female.geo",
      "texture": "cobblemon:textures/pokemon/0025_pikachu/pikachu.png",
      "layers": [
        {
          "name": "emissive",
          "texture": "cobblemon:textures/pokemon/0025_pikachu/pikachu_emissive.png",
          "emissive": true,
          "translucent": false
        }
      ]
    },
    {
      "aspects": ["shiny", "female"],
      "texture": "cobblemon:textures/pokemon/0025_pikachu/pikachu_shiny.png",
      "layers": [
        {
          "name": "emissive",
          "texture": "cobblemon:textures/pokemon/0025_pikachu/pikachu_emissive_shiny.png",
          "emissive": true,
          "translucent": false
        }
      ]
    },
    {
      "aspects": ["cosmetic_item-rage_candy_bar"],
      "model": "cobblemon:pikachu_cap_male.geo",
      "poser": "cobblemon:pikachu_cap",
      "layers": [
        {
          "name": "original",
          "texture": "cobblemon:textures/pokemon/0025_pikachu/pikachu_cap_original.png"
        }
      ]
    },
    {
      "aspects": ["cosmetic_item-pewter_crunchies"],
      "model": "cobblemon:pikachu_cap_male.geo",
      "poser": "cobblemon:pikachu_cap",
      "layers": [
        {
          "name": "partner",
          "texture": "cobblemon:textures/pokemon/0025_pikachu/pikachu_cap_partner.png"
        }
      ]
    },
    {
      "aspects": ["cosmetic_item-lava_cookie"],
      "model": "cobblemon:pikachu_cap_male.geo",
      "poser": "cobblemon:pikachu_cap",
      "layers": [
        {
          "name": "hoenn",
          "texture": "cobblemon:textures/pokemon/0025_pikachu/pikachu_cap_hoenn.png"
        }
      ]
    },
    {
      "aspects": ["cosmetic_item-old_gateau"],
      "model": "cobblemon:pikachu_cap_male.geo",
      "poser": "cobblemon:pikachu_cap",
      "layers": [
        {
          "name": "sinnoh",
          "texture": "cobblemon:textures/pokemon/0025_pikachu/pikachu_cap_sinnoh.png"
        }
      ]
    },
    {
      "aspects": ["cosmetic_item-casteliacone"],
      "model": "cobblemon:pikachu_cap_male.geo",
      "poser": "cobblemon:pikachu_cap",
      "layers": [
        {
          "name": "unova",
          "texture": "cobblemon:textures/pokemon/0025_pikachu/pikachu_cap_unova.png"
        }
      ]
    },
    {
      "aspects": ["cosmetic_item-lumiose_galette"],
      "model": "cobblemon:pikachu_cap_male.geo",
      "poser": "cobblemon:pikachu_cap",
      "layers": [
        {
          "name": "kalos",
          "texture": "cobblemon:textures/pokemon/0025_pikachu/pikachu_cap_kalos.png"
        }
      ]
    },
    {
      "aspects": ["cosmetic_item-big_malasada"],
      "model": "cobblemon:pikachu_cap_male.geo",
      "poser": "cobblemon:pikachu_cap",
      "layers": [
        {
          "name": "alola",
          "texture": "cobblemon:textures/pokemon/0025_pikachu/pikachu_cap_alola.png"
        }
      ]
    },
    {
      "aspects": ["cosmetic_item-smoked_tail_curry"],
      "model": "cobblemon:pikachu_cap_male.geo",
      "poser": "cobblemon:pikachu_cap",
      "layers": [
        {
          "name": "world",
          "texture": "cobblemon:textures/pokemon/0025_pikachu/pikachu_cap_world.png"
        }
      ]
    },
    {
      "aspects": ["cosmetic_item-compass"],
      "model": "cobblemon:pikachu_captain_male.geo",
      "poser": "cobblemon:pikachu",
      "layers": [
        {
          "name": "captain",
          "texture": "cobblemon:textures/pokemon/0025_pikachu/pikachu_captain.png"
        }
      ]
    },
    {
      "aspects": ["cosmetic_item-shears"],
      "model": "cobblemon:pikachu_fluff_male.geo",
      "poser": "cobblemon:pikachu"
    },
    {
      "aspects": ["cosmetic_item-leather_helmet"],
      "model": "cobblemon:pikachu_detective_male.geo",
      "poser": "cobblemon:pikachu",
      "layers": [
        {
          "name": "detective",
          "texture": "cobblemon:textures/pokemon/0025_pikachu/pikachu_detective.png"
        }
      ]
    },
    {
      "aspects": ["cosmetic_item-sinister_tea"],
      "model": "cobblemon:pikachu_detective_male.geo",
      "poser": "cobblemon:pikachu",
      "layers": [
        {
          "name": "detective",
          "texture": "cobblemon:textures/pokemon/0025_pikachu/pikachu_detective.png"
        }
      ]
    },
    {
      "aspects": ["cosmetic_item-cocoa_beans"],
      "model": "cobblemon:pikachu_detective_male.geo",
      "poser": "cobblemon:pikachu",
      "layers": [
        {
          "name": "detective",
          "texture": "cobblemon:textures/pokemon/0025_pikachu/pikachu_detective.png"
        }
      ]
    },
    {
      "aspects": ["cosmetic_item-rage_candy_bar", "female"],
      "model": "cobblemon:pikachu_cap_female.geo",
      "poser": "cobblemon:pikachu_cap",
      "layers": [
        {
          "name": "original",
          "texture": "cobblemon:textures/pokemon/0025_pikachu/pikachu_cap_original.png"
        }
      ]
    },
    {
      "aspects": ["cosmetic_item-pewter_crunchies", "female"],
      "model": "cobblemon:pikachu_cap_female.geo",
      "poser": "cobblemon:pikachu_cap",
      "layers": [
        {
          "name": "partner",
          "texture": "cobblemon:textures/pokemon/0025_pikachu/pikachu_cap_partner.png"
        }
      ]
    },
    {
      "aspects": ["cosmetic_item-lava_cookie", "female"],
      "model": "cobblemon:pikachu_cap_female.geo",
      "poser": "cobblemon:pikachu_cap",
      "layers": [
        {
          "name": "hoenn",
          "texture": "cobblemon:textures/pokemon/0025_pikachu/pikachu_cap_hoenn.png"
        }
      ]
    },
    {
      "aspects": ["cosmetic_item-old_gateau", "female"],
      "model": "cobblemon:pikachu_cap_female.geo",
      "poser": "cobblemon:pikachu_cap",
      "layers": [
        {
          "name": "sinnoh",
          "texture": "cobblemon:textures/pokemon/0025_pikachu/pikachu_cap_sinnoh.png"
        }
      ]
    },
    {
      "aspects": ["cosmetic_item-casteliacone", "female"],
      "model": "cobblemon:pikachu_cap_female.geo",
      "poser": "cobblemon:pikachu_cap",
      "layers": [
        {
          "name": "unova",
          "texture": "cobblemon:textures/pokemon/0025_pikachu/pikachu_cap_unova.png"
        }
      ]
    },
    {
      "aspects": ["cosmetic_item-lumiose_galette", "female"],
      "model": "cobblemon:pikachu_cap_female.geo",
      "poser": "cobblemon:pikachu_cap",
      "layers": [
        {
          "name": "kalos",
          "texture": "cobblemon:textures/pokemon/0025_pikachu/pikachu_cap_kalos.png"
        }
      ]
    },
    {
      "aspects": ["cosmetic_item-big_malasada", "female"],
      "model": "cobblemon:pikachu_cap_female.geo",
      "poser": "cobblemon:pikachu_cap",
      "layers": [
        {
          "name": "alola",
          "texture": "cobblemon:textures/pokemon/0025_pikachu/pikachu_cap_alola.png"
        }
      ]
    },
    {
      "aspects": ["cosmetic_item-smoked_tail_curry", "female"],
      "model": "cobblemon:pikachu_cap_female.geo",
      "poser": "cobblemon:pikachu_cap",
      "layers": [
        {
          "name": "world",
          "texture": "cobblemon:textures/pokemon/0025_pikachu/pikachu_cap_world.png"
        }
      ]
    },
    {
      "aspects": ["cosmetic_item-compass", "female"],
      "model": "cobblemon:pikachu_captain_female.geo",
      "poser": "cobblemon:pikachu",
      "layers": [
        {
          "name": "captain",
          "texture": "cobblemon:textures/pokemon/0025_pikachu/pikachu_captain.png"
        }
      ]
    },
    {
      "aspects": ["cosmetic_item-shears", "female"],
      "model": "cobblemon:pikachu_fluff_female.geo",
      "poser": "cobblemon:pikachu"
    },
    {
      "aspects": ["cosmetic_item-leather_helmet", "female"],
      "model": "cobblemon:pikachu_detective_female.geo",
      "poser": "cobblemon:pikachu",
      "layers": [
        {
          "name": "detective",
          "texture": "cobblemon:textures/pokemon/0025_pikachu/pikachu_detective.png"
        }
      ]
    },
    {
      "aspects": ["cosmetic_item-sinister_tea", "female"],
      "model": "cobblemon:pikachu_detective_female.geo",
      "poser": "cobblemon:pikachu",
      "layers": [
        {
          "name": "detective",
          "texture": "cobblemon:textures/pokemon/0025_pikachu/pikachu_detective.png"
        }
      ]
    },
    {
      "aspects": ["cosmetic_item-cocoa_beans", "female"],
      "model": "cobblemon:pikachu_detective_female.geo",
      "poser": "cobblemon:pikachu",
      "layers": [
        {
          "name": "detective",
          "texture": "cobblemon:textures/pokemon/0025_pikachu/pikachu_detective.png"
        }
      ]
    }
  ]
}
