{
	"format_version": "1.12.0",
	"minecraft:geometry": [
		{
			"description": {
				"identifier": "geometry.trapinch",
				"texture_width": 64,
				"texture_height": 64,
				"visible_bounds_width": 2,
				"visible_bounds_height": 2.5,
				"visible_bounds_offset": [0, 0.75, 0]
			},
			"bones": [
				{
					"name": "trapinch",
					"pivot": [0, 0, 0]
				},
				{
					"name": "body",
					"parent": "trapinch",
					"pivot": [0, 2, 0]
				},
				{
					"name": "torso",
					"parent": "body",
					"pivot": [0, 2, 0],
					"cubes": [
						{"origin": [-4, 2, -4], "size": [8, 6, 8], "uv": [32, 30]},
						{"origin": [-0.5, 3, -4], "size": [1, 5, 8], "inflate": 0.01, "uv": [46, 0]}
					]
				},
				{
					"name": "bone",
					"parent": "torso",
					"pivot": [-1, 8, 2],
					"cubes": [
						{"origin": [0, 8, -2], "size": [0, 5, 4], "pivot": [-1, 8, -1], "rotation": [0, 0, 42.5], "uv": [53, 42]},
						{"origin": [0, 8, -2], "size": [0, 5, 4], "pivot": [1, 8, -1], "rotation": [0, 0, -42.5], "uv": [53, 42], "mirror": true},
						{"origin": [0, 8.05, 1], "size": [2, 0, 6], "pivot": [1, 8, 2], "rotation": [0, 22.5, 0], "uv": [46, 53]},
						{"origin": [-2, 8.05, 1], "size": [2, 0, 6], "pivot": [-1, 8, 2], "rotation": [0, -22.5, 0], "uv": [46, 53], "mirror": true}
					]
				},
				{
					"name": "neck",
					"parent": "torso",
					"pivot": [0.5, 4.3, -4],
					"rotation": [-20, 0, 0],
					"cubes": [
						{"origin": [-2.5, 4.3, -6.5], "size": [5, 4, 5], "uv": [34, 16]}
					]
				},
				{
					"name": "head",
					"parent": "neck",
					"pivot": [0.5, 8.3, -6.1],
					"rotation": [20, 0, 0],
					"cubes": [
						{"origin": [-5.5, 3.8, -11.1], "size": [11, 8, 5], "inflate": -0.01, "uv": [0, 30]}
					]
				},
				{
					"name": "upper_head",
					"parent": "head",
					"pivot": [0.5, 9.8, -10.1],
					"cubes": [
						{"origin": [-5.5, 8.8, -18.1], "size": [11, 4, 12], "uv": [0, 0]},
						{"origin": [-5.5, 5.8, -18.1], "size": [11, 3, 0], "uv": [0, 61]},
						{"origin": [5.5, 5.8, -18.1], "size": [0, 3, 8], "uv": [34, 43]},
						{"origin": [-5.5, 5.8, -18.1], "size": [0, 3, 8], "uv": [46, 53], "mirror": true}
					]
				},
				{
					"name": "eyes",
					"parent": "upper_head",
					"pivot": [0.5, 9.8, -10.1]
				},
				{
					"name": "eye_left",
					"parent": "eyes",
					"pivot": [0.5, 9.3, -12.6],
					"cubes": [
						{"origin": [5.51, 8.3, -10.6], "size": [0, 2, 2], "uv": [0, -2]}
					]
				},
				{
					"name": "pupil_left",
					"parent": "eye_left",
					"pivot": [0.5, 9.3, -12.6],
					"cubes": [
						{"origin": [5.52, 8.8, -10.1], "size": [0, 1, 1], "pivot": [5.52, 9.3, -9.6], "rotation": [45, 0, 0], "uv": [4, -1]}
					]
				},
				{
					"name": "eyelid_left",
					"parent": "eye_left",
					"pivot": [4.93, 9.3, -9.6],
					"cubes": [
						{"origin": [4.42, 8.3, -10.6], "size": [1, 2, 2], "inflate": 0.01, "uv": [4, 0]}
					]
				},
				{
					"name": "eye_right",
					"parent": "eyes",
					"pivot": [-0.5, 9.3, -12.6],
					"cubes": [
						{"origin": [-5.51, 8.3, -10.6], "size": [0, 2, 2], "uv": [0, 0], "mirror": true}
					]
				},
				{
					"name": "pupil_right",
					"parent": "eye_right",
					"pivot": [-0.5, 9.3, -12.6],
					"cubes": [
						{"origin": [-5.52, 8.8, -10.1], "size": [0, 1, 1], "pivot": [-5.52, 9.3, -9.6], "rotation": [45, 0, 0], "uv": [4, 0], "mirror": true}
					]
				},
				{
					"name": "eyelid_right",
					"parent": "eye_right",
					"pivot": [-4.93, 9.3, -9.6],
					"cubes": [
						{"origin": [-5.42, 8.3, -10.6], "size": [1, 2, 2], "inflate": 0.01, "uv": [4, 4], "mirror": true}
					]
				},
				{
					"name": "lower_head",
					"parent": "head",
					"pivot": [0.5, 4.8, -10.1],
					"cubes": [
						{"origin": [-5.5, 2.8, -18.1], "size": [11, 2, 12], "uv": [0, 16]},
						{"origin": [-5.5, 4.8, -18.1], "size": [11, 3, 0], "uv": [23, 61]},
						{"origin": [5.5, 4.8, -18.1], "size": [0, 3, 8], "uv": [0, 43]},
						{"origin": [-5.5, 4.8, -18.1], "size": [0, 3, 8], "uv": [17, 43], "mirror": true}
					]
				},
				{
					"name": "legs",
					"parent": "body",
					"pivot": [0, 4, 0]
				},
				{
					"name": "leg_front_left",
					"parent": "legs",
					"pivot": [4, 4.5, -1.5],
					"rotation": [0, 20, 0]
				},
				{
					"name": "leg_front_left_rotation",
					"parent": "leg_front_left",
					"pivot": [4, 4.5, -2.5],
					"rotation": [0, 0, 30],
					"cubes": [
						{"origin": [4, 2.5, -3.5], "size": [3, 2, 2], "uv": [0, 16]}
					]
				},
				{
					"name": "leg_front_left2",
					"parent": "leg_front_left_rotation",
					"pivot": [7, 4.5, -2.5],
					"rotation": [0, 0, 60],
					"cubes": [
						{"origin": [7, 2.5, -4], "size": [3, 2, 3], "uv": [34, 0]}
					]
				},
				{
					"name": "leg_front_right",
					"parent": "legs",
					"pivot": [-4, 4.5, -1.5],
					"rotation": [0, -20, 0]
				},
				{
					"name": "leg_front_right_rotation",
					"parent": "leg_front_right",
					"pivot": [-4, 4.5, -2.5],
					"rotation": [0, 0, -30],
					"cubes": [
						{"origin": [-7, 2.5, -3.5], "size": [3, 2, 2], "uv": [0, 20], "mirror": true}
					]
				},
				{
					"name": "leg_front_right2",
					"parent": "leg_front_right_rotation",
					"pivot": [-7, 4.5, -2.5],
					"rotation": [0, 0, -60],
					"cubes": [
						{"origin": [-10, 2.5, -4], "size": [3, 2, 3], "uv": [34, 5], "mirror": true}
					]
				},
				{
					"name": "leg_back_left",
					"parent": "legs",
					"pivot": [4, 4.5, 1.5],
					"rotation": [0, -20, 0]
				},
				{
					"name": "leg_back_left_rotation",
					"parent": "leg_back_left",
					"pivot": [4, 4.5, 2.5],
					"rotation": [0, 0, 30],
					"cubes": [
						{"origin": [4, 2.5, 1.5], "size": [3, 2, 2], "uv": [27, 30]}
					]
				},
				{
					"name": "leg_back_left2",
					"parent": "leg_back_left_rotation",
					"pivot": [7, 4.5, 2.5],
					"rotation": [0, 0, 60],
					"cubes": [
						{"origin": [7, 2.5, 1], "size": [3, 2, 3], "uv": [46, 25]}
					]
				},
				{
					"name": "leg_back_right",
					"parent": "legs",
					"pivot": [-4, 4.5, 1.5],
					"rotation": [0, 20, 0]
				},
				{
					"name": "leg_back_right_rotation",
					"parent": "leg_back_right",
					"pivot": [-4, 4.5, 2.5],
					"rotation": [0, 0, -30],
					"cubes": [
						{"origin": [-7, 2.5, 1.5], "size": [3, 2, 2], "uv": [54, 21], "mirror": true}
					]
				},
				{
					"name": "leg_back_right2",
					"parent": "leg_back_right_rotation",
					"pivot": [-7, 4.5, 2.5],
					"rotation": [0, 0, -60],
					"cubes": [
						{"origin": [-10, 2.5, 1], "size": [3, 2, 3], "uv": [49, 13], "mirror": true}
					]
				}
			]
		}
	]
}