{
	"format_version": "1.12.0",
	"minecraft:geometry": [
		{
			"description": {
				"identifier": "geometry.vibrava",
				"texture_width": 128,
				"texture_height": 64,
				"visible_bounds_width": 5,
				"visible_bounds_height": 2.5,
				"visible_bounds_offset": [0, 0.75, 0]
			},
			"bones": [
				{
					"name": "vibrava",
					"pivot": [0, 0, 0]
				},
				{
					"name": "body",
					"parent": "vibrava",
					"pivot": [0, 7.5, 0]
				},
				{
					"name": "torso",
					"parent": "body",
					"pivot": [0, 3.5, 1.5],
					"cubes": [
						{"origin": [-3, 4.5, -7.5], "size": [6, 6, 9], "inflate": 0.04, "uv": [28, 0]}
					]
				},
				{
					"name": "bone",
					"parent": "torso",
					"pivot": [2, 10, 0],
					"cubes": [
						{"origin": [-4, 12, -1], "size": [4, 0, 13], "pivot": [-2, 10, 0], "rotation": [2.5, -25, 0], "uv": [15, 45], "mirror": true},
						{"origin": [1, 12, -7], "size": [0, 9, 9], "pivot": [0, 12, -4], "rotation": [10, 2.5, 47.5], "uv": [52, 40]},
						{"origin": [-1, 12, -7], "size": [0, 9, 9], "pivot": [0, 12, -4], "rotation": [10, -2.5, -47.5], "uv": [52, 40], "mirror": true},
						{"origin": [-2, 12, -7], "size": [4, 0, 7], "uv": [33, 51]},
						{"origin": [0, 12, -1], "size": [4, 0, 13], "pivot": [2, 10, 0], "rotation": [2.5, 25, 0], "uv": [15, 45]}
					]
				},
				{
					"name": "tail",
					"parent": "torso",
					"pivot": [0, 8, 2.25],
					"cubes": [
						{"origin": [-2.5, 5.5, 1.25], "size": [5, 5, 6], "inflate": 0.03, "uv": [0, 14]}
					]
				},
				{
					"name": "tail2",
					"parent": "tail",
					"pivot": [0, 8.5, 8],
					"cubes": [
						{"origin": [-2, 6.5, 7], "size": [4, 4, 6], "inflate": 0.02, "uv": [22, 15]}
					]
				},
				{
					"name": "tail3",
					"parent": "tail2",
					"pivot": [0, 9, 12.75],
					"cubes": [
						{"origin": [-1.5, 7.5, 12.75], "size": [3, 3, 4], "inflate": 0.01, "uv": [44, 19]}
					]
				},
				{
					"name": "tail4",
					"parent": "tail3",
					"pivot": [0, 9.5, 17.5],
					"cubes": [
						{"origin": [-1, 8.5, 16.5], "size": [2, 2, 6], "uv": [52, 9]}
					]
				},
				{
					"name": "tail_fin_left",
					"parent": "tail4",
					"pivot": [1, 9.5, 20.5],
					"rotation": [0, 40, 0],
					"cubes": [
						{"origin": [-3, 9.5, 20.5], "size": [7, 0, 9], "uv": [40, 0]}
					]
				},
				{
					"name": "tail_fin_right",
					"parent": "tail4",
					"pivot": [-1, 9.5, 20.5],
					"rotation": [0, -40, 0],
					"cubes": [
						{"origin": [-4, 9.5, 20.5], "size": [7, 0, 9], "uv": [54, 0], "mirror": true}
					]
				},
				{
					"name": "head",
					"parent": "torso",
					"pivot": [0, 10, -7],
					"cubes": [
						{"origin": [-3.5, 4, -14], "size": [7, 7, 7], "uv": [0, 0]},
						{"origin": [1.75, 3.75, -10.5], "size": [2, 1, 1], "inflate": 0.01, "uv": [0, 14]},
						{"origin": [-3.75, 3.75, -10.5], "size": [2, 1, 1], "inflate": 0.01, "uv": [0, 16], "mirror": true}
					]
				},
				{
					"name": "eye_bubble_left",
					"parent": "head",
					"pivot": [3.5, 7.5, -10.5],
					"cubes": [
						{"origin": [4.5, 5, -13], "size": [0, 5, 5], "uv": [60, 18]},
						{"origin": [3.5, 10, -13], "size": [1, 0, 5], "uv": [61, 18]},
						{"origin": [3.5, 5, -13], "size": [1, 0, 5], "uv": [65, 18]},
						{"origin": [3.5, 5, -13], "size": [1, 5, 0], "uv": [68, 13]},
						{"origin": [3.5, 5, -8], "size": [1, 5, 0], "uv": [72, 13]}
					]
				},
				{
					"name": "eye_bubble_right",
					"parent": "head",
					"pivot": [-3.5, 7.5, -10.5],
					"cubes": [
						{"origin": [-4.5, 5, -13], "size": [0, 5, 5], "uv": [50, 21], "mirror": true},
						{"origin": [-4.5, 10, -13], "size": [1, 0, 5], "uv": [63, 18], "mirror": true},
						{"origin": [-4.5, 5, -13], "size": [1, 0, 5], "uv": [67, 18], "mirror": true},
						{"origin": [-4.5, 5, -13], "size": [1, 5, 0], "uv": [70, 13], "mirror": true},
						{"origin": [-4.5, 5, -8], "size": [1, 5, 0], "uv": [74, 13], "mirror": true}
					]
				},
				{
					"name": "eyes",
					"parent": "head",
					"pivot": [0, 7.5, -10.55]
				},
				{
					"name": "eye_left",
					"parent": "eyes",
					"pivot": [3.8, 7.5, -10.5]
				},
				{
					"name": "eye_left_rotation",
					"parent": "eye_left",
					"pivot": [3.8, 7.5, -10.5],
					"cubes": [
						{"origin": [3.3, 6, -11.5], "size": [1, 3, 2], "uv": [60, 28]}
					]
				},
				{
					"name": "eyelid_left",
					"parent": "eye_left",
					"pivot": [2, 7.5, -10.5],
					"cubes": [
						{"origin": [1.5, 5, -13], "size": [1, 5, 5], "inflate": 0.01, "uv": [53, 31]}
					]
				},
				{
					"name": "eye_right",
					"parent": "eyes",
					"pivot": [-3.8, 7.5, -10.5]
				},
				{
					"name": "eye_right_rotation",
					"parent": "eye_right",
					"pivot": [-3.8, 7.5, -10.5],
					"cubes": [
						{"origin": [-4.3, 6, -11.5], "size": [1, 3, 2], "uv": [66, 28], "mirror": true}
					]
				},
				{
					"name": "eyelid_right",
					"parent": "eye_right",
					"pivot": [-2, 7.5, -10.5],
					"cubes": [
						{"origin": [-2.5, 5, -13], "size": [1, 5, 5], "inflate": 0.01, "uv": [65, 33], "mirror": true}
					]
				},
				{
					"name": "antenna_left",
					"parent": "head",
					"pivot": [1.5, 9.8, -14],
					"cubes": [
						{"origin": [0.5, 8.8, -22], "size": [2, 2, 9], "inflate": 0.01, "uv": [0, 25]}
					]
				},
				{
					"name": "antenna_left2",
					"parent": "antenna_left",
					"pivot": [1.5, 10.3, -22],
					"cubes": [
						{"origin": [1, 9.8, -29.5], "size": [1, 1, 8], "uv": [26, 25]}
					]
				},
				{
					"name": "antenna_right",
					"parent": "head",
					"pivot": [-1.5, 9.8, -14],
					"cubes": [
						{"origin": [-2.5, 8.8, -22], "size": [2, 2, 9], "inflate": 0.01, "uv": [13, 27], "mirror": true}
					]
				},
				{
					"name": "antenna_right2",
					"parent": "antenna_right",
					"pivot": [-1.5, 10.3, -22],
					"cubes": [
						{"origin": [-2, 9.8, -29.5], "size": [1, 1, 8], "uv": [36, 26], "mirror": true}
					]
				},
				{
					"name": "mouth",
					"parent": "head",
					"pivot": [0, 3.99, -10]
				},
				{
					"name": "mouth_closed",
					"parent": "mouth",
					"pivot": [0, 3.99, -10],
					"cubes": [
						{"origin": [-2, 3.99, -10.5], "size": [4, 0, 1], "uv": [15, 14]}
					]
				},
				{
					"name": "mouth_open",
					"parent": "mouth",
					"pivot": [0, 4.09, -9.5],
					"cubes": [
						{"origin": [-2.5, 4.09, -10.5], "size": [5, 0, 2], "uv": [14, 15]}
					]
				},
				{
					"name": "wings",
					"parent": "torso",
					"pivot": [0, 10.5, -5.5]
				},
				{
					"name": "wing_base_left",
					"parent": "wings",
					"pivot": [1, 10.5, -5.5],
					"cubes": [
						{"origin": [1, 9.5, -6.5], "size": [4, 2, 2], "uv": [62, 9]}
					]
				},
				{
					"name": "wing_front_left",
					"parent": "wing_base_left",
					"pivot": [4.5, 10.4, -5.5]
				},
				{
					"name": "wing_front_left_rotation",
					"parent": "wing_front_left",
					"pivot": [4.5, 10.4, -5.5],
					"cubes": [
						{"origin": [4.5, 10.4, -13], "size": [25, 0, 15], "uv": [62, 0]}
					]
				},
				{
					"name": "wing_back_left",
					"parent": "wing_base_left",
					"pivot": [4.5, 10.6, -5.5]
				},
				{
					"name": "wing_back_left_rotation",
					"parent": "wing_back_left",
					"pivot": [4.5, 10.6, -5.5],
					"cubes": [
						{"origin": [4.5, 10.6, -13], "size": [25, 0, 15], "uv": [62, 15]}
					]
				},
				{
					"name": "wing_base_right",
					"parent": "wings",
					"pivot": [-1, 10.5, -5.5],
					"cubes": [
						{"origin": [-5, 9.5, -6.5], "size": [4, 2, 2], "uv": [54, 17], "mirror": true}
					]
				},
				{
					"name": "wing_front_right",
					"parent": "wing_base_right",
					"pivot": [-4.5, 10.4, -5.5]
				},
				{
					"name": "wing_front_right_rotation",
					"parent": "wing_front_right",
					"pivot": [-4.5, 10.4, -5.5],
					"cubes": [
						{"origin": [-29.5, 10.4, -13], "size": [25, 0, 15], "uv": [62, 30], "mirror": true}
					]
				},
				{
					"name": "wing_back_right",
					"parent": "wing_base_right",
					"pivot": [-4.5, 10.6, -5.5]
				},
				{
					"name": "wing_back_right_rotation",
					"parent": "wing_back_right",
					"pivot": [-4.5, 10.6, -5.5],
					"cubes": [
						{"origin": [-29.5, 10.6, -13], "size": [25, 0, 15], "uv": [62, 45], "mirror": true}
					]
				},
				{
					"name": "legs",
					"parent": "body",
					"pivot": [0, 6.5, -3]
				},
				{
					"name": "leg_front_left",
					"parent": "legs",
					"pivot": [3, 6.5, -5],
					"cubes": [
						{"origin": [2, 6, -5.5], "size": [6, 1, 1], "uv": [0, 37]}
					]
				},
				{
					"name": "leg_front_left2",
					"parent": "leg_front_left",
					"pivot": [8, 7, -5],
					"rotation": [0, 0, 80],
					"cubes": [
						{"origin": [8, 6, -5.5], "size": [6, 1, 1], "inflate": 0.01, "uv": [14, 38]}
					]
				},
				{
					"name": "toes_front_left",
					"parent": "leg_front_left2",
					"pivot": [13, 6.5, -5],
					"rotation": [0, 0, 10]
				},
				{
					"name": "toe_inner_front_left",
					"parent": "toes_front_left",
					"pivot": [13, 6, -5],
					"rotation": [0, 0, -15],
					"cubes": [
						{"origin": [13, 3, -5.5], "size": [1, 3, 1], "uv": [4, 41]}
					]
				},
				{
					"name": "toe_outer_front_left",
					"parent": "toes_front_left",
					"pivot": [13, 7, -5],
					"rotation": [0, 0, 15],
					"cubes": [
						{"origin": [13, 7, -5.5], "size": [1, 3, 1], "uv": [0, 41]}
					]
				},
				{
					"name": "leg_back_left",
					"parent": "legs",
					"pivot": [3, 6.5, -1],
					"cubes": [
						{"origin": [2, 6, -1.5], "size": [6, 1, 1], "uv": [8, 42]}
					]
				},
				{
					"name": "leg_back_left2",
					"parent": "leg_back_left",
					"pivot": [8, 7, -1],
					"rotation": [0, 0, 80],
					"cubes": [
						{"origin": [8, 6, -1.5], "size": [6, 1, 1], "inflate": 0.01, "uv": [8, 46]}
					]
				},
				{
					"name": "toes_back_left",
					"parent": "leg_back_left2",
					"pivot": [13, 6.5, -1],
					"rotation": [0, 0, 10]
				},
				{
					"name": "toe_inner_back_left",
					"parent": "toes_back_left",
					"pivot": [13, 6, -1],
					"rotation": [0, 0, -15],
					"cubes": [
						{"origin": [13, 3, -1.5], "size": [1, 3, 1], "uv": [4, 49]}
					]
				},
				{
					"name": "toe_outer_back_left",
					"parent": "toes_back_left",
					"pivot": [13, 7, -1],
					"rotation": [0, 0, 15],
					"cubes": [
						{"origin": [13, 7, -1.5], "size": [1, 3, 1], "uv": [0, 49]}
					]
				},
				{
					"name": "leg_front_right",
					"parent": "legs",
					"pivot": [-3, 6.5, -5],
					"cubes": [
						{"origin": [-8, 6, -5.5], "size": [6, 1, 1], "uv": [0, 39], "mirror": true}
					]
				},
				{
					"name": "leg_front_right2",
					"parent": "leg_front_right",
					"pivot": [-8, 7, -5],
					"rotation": [0, 0, -80],
					"cubes": [
						{"origin": [-14, 6, -5.5], "size": [6, 1, 1], "inflate": 0.01, "uv": [14, 40], "mirror": true}
					]
				},
				{
					"name": "toes_front_right",
					"parent": "leg_front_right2",
					"pivot": [-13, 6.5, -5],
					"rotation": [0, 0, -10]
				},
				{
					"name": "toe_inner_front_right",
					"parent": "toes_front_right",
					"pivot": [-13, 6, -5],
					"rotation": [0, 0, 15],
					"cubes": [
						{"origin": [-14, 3, -5.5], "size": [1, 3, 1], "uv": [4, 45], "mirror": true}
					]
				},
				{
					"name": "toe_outer_front_right",
					"parent": "toes_front_right",
					"pivot": [-13, 7, -5],
					"rotation": [0, 0, -15],
					"cubes": [
						{"origin": [-14, 7, -5.5], "size": [1, 3, 1], "uv": [0, 45], "mirror": true}
					]
				},
				{
					"name": "leg_back_right",
					"parent": "legs",
					"pivot": [-3, 6.5, -1],
					"cubes": [
						{"origin": [-8, 6, -1.5], "size": [6, 1, 1], "uv": [8, 44], "mirror": true}
					]
				},
				{
					"name": "leg_back_right2",
					"parent": "leg_back_right",
					"pivot": [-8, 7, -1],
					"rotation": [0, 0, -80],
					"cubes": [
						{"origin": [-14, 6, -1.5], "size": [6, 1, 1], "inflate": 0.01, "uv": [8, 48], "mirror": true}
					]
				},
				{
					"name": "toes_back_right",
					"parent": "leg_back_right2",
					"pivot": [-13, 6.5, -1],
					"rotation": [0, 0, -10]
				},
				{
					"name": "toe_inner_back_right",
					"parent": "toes_back_right",
					"pivot": [-13, 6, -1],
					"rotation": [0, 0, 15],
					"cubes": [
						{"origin": [-14, 3, -1.5], "size": [1, 3, 1], "uv": [4, 53], "mirror": true}
					]
				},
				{
					"name": "toe_outer_back_right",
					"parent": "toes_back_right",
					"pivot": [-13, 7, -1],
					"rotation": [0, 0, -15],
					"cubes": [
						{"origin": [-14, 7, -1.5], "size": [1, 3, 1], "uv": [0, 53], "mirror": true}
					]
				}
			]
		}
	]
}