{
	"format_version": "1.12.0",
	"minecraft:geometry": [
		{
			"description": {
				"identifier": "geometry.vulpix",
				"texture_width": 64,
				"texture_height": 128,
				"visible_bounds_width": 4,
				"visible_bounds_height": 2.5,
				"visible_bounds_offset": [0, 0.75, 0]
			},
			"bones": [
				{
					"name": "vulpix",
					"pivot": [0, 0, 0]
				},
				{
					"name": "body",
					"parent": "vulpix",
					"pivot": [0, 6.5, 0]
				},
				{
					"name": "torso",
					"parent": "body",
					"pivot": [0, 7.5, 3.75],
					"cubes": [
						{"origin": [-2.5, 5, -1], "size": [5, 5, 6], "uv": [20, 12]}
					]
				},
				{
					"name": "chest",
					"parent": "torso",
					"pivot": [0, 7.5, -0.5],
					"cubes": [
						{"origin": [-2.5, 5, -5], "size": [5, 5, 5], "inflate": 0.01, "uv": [0, 12]},
						{"origin": [-2, 6, -5.01], "size": [4, 2, 0], "inflate": 0.01, "uv": [54, 41]}
					]
				},
				{
					"name": "neck",
					"parent": "chest",
					"pivot": [0, 7.5, -3],
					"rotation": [22.5, 0, 0],
					"cubes": [
						{"origin": [-2, 6.5, -5], "size": [4, 5, 4], "uv": [36, 4]}
					]
				},
				{
					"name": "scarf",
					"parent": "neck",
					"pivot": [0, 8.5, 0],
					"rotation": [-22.5, 0, 0],
					"cubes": [
						{"origin": [-4, 8.5, -6], "size": [8, 2, 8], "pivot": [0, 8.5, 0], "rotation": [22.5, 0, 0], "uv": [16, 71]},
						{"origin": [-4, 8.5, -6], "size": [8, 2, 8], "inflate": 0.1, "pivot": [0, 8.5, 0], "rotation": [22.5, 0, 0], "uv": [4, 83]},
						{"origin": [-2, 8.75, 0.5], "size": [4, 2, 2], "pivot": [0, 8.75, 0.5], "rotation": [22.5, 0, 0], "uv": [43, 71]},
						{"origin": [2.25, 8.5, -4], "size": [2, 2, 3], "inflate": 0.1, "pivot": [0.25, 8.5, 0], "rotation": [22.5, 0, 0], "uv": [4, 70]},
						{"origin": [-4.25, 8.5, -4], "size": [2, 2, 3], "inflate": 0.1, "pivot": [-0.25, 8.5, 0], "rotation": [22.5, 0, 0], "uv": [51, 78], "mirror": true}
					]
				},
				{
					"name": "bone",
					"parent": "scarf",
					"pivot": [1.5, 5.25, -6],
					"rotation": [10, 0, 0],
					"cubes": [
						{"origin": [-1.5, 1.75, -6], "size": [1, 4, 0], "inflate": 0.01, "pivot": [-0.5, 3.75, -6], "rotation": [0, 0, -2.5], "uv": [18, 70]},
						{"origin": [-1.39048, 0.98057, -6.5], "size": [1, 1, 1], "inflate": 0.1, "pivot": [-0.89048, 1.48057, -6], "rotation": [0, 0, -47.5], "uv": [4, 65]},
						{"origin": [0.39048, 0.98057, -6.5], "size": [1, 1, 1], "inflate": 0.1, "pivot": [0.89048, 1.48057, -6], "rotation": [0, 0, 47.5], "uv": [15, 65], "mirror": true},
						{"origin": [0.5, 1.75, -6], "size": [1, 4, 0], "inflate": 0.01, "pivot": [0.5, 3.75, -6], "rotation": [0, 0, 2.5], "uv": [31, 84], "mirror": true},
						{"origin": [0.5, 5.25, -6], "size": [3, 3, 0], "uv": [47, 64], "mirror": true},
						{"origin": [-3.5, 5.25, -6], "size": [3, 3, 0], "uv": [47, 58]},
						{"origin": [-1.75, 3.25, -6], "size": [2, 3, 0], "pivot": [-0.75, 6.25, -6], "rotation": [-2.5, 0, 12.5], "uv": [29, 65]},
						{"origin": [-0.25, 3.25, -6], "size": [2, 3, 0], "pivot": [0.75, 6.25, -6], "rotation": [-2.5, 0, -12.5], "uv": [40, 64], "mirror": true},
						{"origin": [-0.5, 5.75, -6.5], "size": [1, 2, 1], "uv": [55, 57], "mirror": true}
					]
				},
				{
					"name": "head",
					"parent": "neck",
					"pivot": [0, 12, -1.5],
					"rotation": [-22.5, 0, 0]
				},
				{
					"name": "head_rotation",
					"parent": "head",
					"pivot": [0, 11, -2.5],
					"cubes": [
						{"origin": [-3, 9.5, -6.5], "size": [6, 6, 6], "uv": [0, 0]}
					]
				},
				{
					"name": "muzzle",
					"parent": "head_rotation",
					"pivot": [0, 11.5, -6.5],
					"rotation": [5, 0, 0],
					"cubes": [
						{"origin": [-1.5, 9.5, -8], "size": [3, 2, 2], "inflate": 0.01, "uv": [48, 4]}
					]
				},
				{
					"name": "mouth",
					"parent": "muzzle",
					"pivot": [0, 9.59, -7.5],
					"rotation": [-2.5, 0, 0],
					"cubes": [
						{"origin": [-1, 9.59, -7.5], "size": [2, 0, 2], "inflate": 0.01, "uv": [13, 12]}
					]
				},
				{
					"name": "eyes",
					"parent": "head_rotation",
					"pivot": [0, 12.5, -6.5]
				},
				{
					"name": "eye_left",
					"parent": "eyes",
					"pivot": [2.01, 12.25, -6.51],
					"cubes": [
						{"origin": [2.01, 11.5, -6.51], "size": [1, 2, 1], "uv": [0, 0]},
						{"origin": [1.01, 11.5, -6.51], "size": [1, 2, 0], "uv": [4, 0]}
					]
				},
				{
					"name": "eye_angry_left",
					"parent": "eye_left",
					"pivot": [1.41, 13, -6.42],
					"cubes": [
						{"origin": [0.91, 12.5, -6.42], "size": [1, 1, 0], "inflate": 0.01, "uv": [4, 32]},
						{"origin": [1.91, 13, -6.42], "size": [1, 1, 1], "inflate": 0.01, "uv": [0, 31]}
					]
				},
				{
					"name": "eye_sad_left",
					"parent": "eye_left",
					"pivot": [2.41, 13.35, -5.92],
					"cubes": [
						{"origin": [1.91, 12.85, -6.42], "size": [1, 1, 1], "inflate": 0.01, "uv": [10, 31]}
					]
				},
				{
					"name": "pupil_left",
					"parent": "eye_left",
					"pivot": [1.76, 12.75, -6.52],
					"cubes": [
						{"origin": [1.26, 12.25, -6.52], "size": [1, 1, 0], "uv": [4, 2]}
					]
				},
				{
					"name": "eyelid_left",
					"parent": "eye_left",
					"pivot": [1.91, 12.5, -5.92],
					"cubes": [
						{"origin": [0.91, 11, -6.42], "size": [2, 3, 1], "inflate": 0.01, "uv": [0, 33]}
					]
				},
				{
					"name": "eyelid_happy_left",
					"parent": "eye_left",
					"pivot": [1.91, 12.5, -5.42],
					"cubes": [
						{"origin": [0.91, 10.5, -6.42], "size": [2, 3, 2], "inflate": 0.01, "uv": [2, 50]}
					]
				},
				{
					"name": "eyelid_recoil_left",
					"parent": "eye_left",
					"pivot": [1.91, 12.75, -5.92],
					"cubes": [
						{"origin": [0.91, 11.25, -6.42], "size": [2, 3, 1], "inflate": 0.01, "uv": [17, 46]}
					]
				},
				{
					"name": "eye_right",
					"parent": "eyes",
					"pivot": [-2.01, 12.25, -6.51],
					"cubes": [
						{"origin": [-3.01, 11.5, -6.51], "size": [1, 2, 1], "uv": [0, 3], "mirror": true},
						{"origin": [-2.01, 11.5, -6.51], "size": [1, 2, 0], "uv": [4, 3], "mirror": true}
					]
				},
				{
					"name": "eye_angry_right",
					"parent": "eye_right",
					"pivot": [-1.41, 13, -6.42],
					"cubes": [
						{"origin": [-1.91, 12.5, -6.42], "size": [1, 1, 0], "inflate": 0.01, "uv": [2, 30], "mirror": true},
						{"origin": [-2.91, 13, -6.42], "size": [1, 1, 1], "inflate": 0.01, "uv": [3, 30], "mirror": true}
					]
				},
				{
					"name": "eye_sad_right",
					"parent": "eye_right",
					"pivot": [-2.41, 13.35, -5.92],
					"cubes": [
						{"origin": [-2.91, 12.85, -6.42], "size": [1, 1, 1], "inflate": 0.01, "uv": [10, 33], "mirror": true}
					]
				},
				{
					"name": "pupil_right",
					"parent": "eye_right",
					"pivot": [-1.76, 12.75, -6.52],
					"cubes": [
						{"origin": [-2.26, 12.25, -6.52], "size": [1, 1, 0], "uv": [4, 5], "mirror": true}
					]
				},
				{
					"name": "eyelid_right",
					"parent": "eye_right",
					"pivot": [-1.91, 12.5, -5.92],
					"cubes": [
						{"origin": [-2.91, 11, -6.42], "size": [2, 3, 1], "inflate": 0.01, "uv": [2, 41], "mirror": true}
					]
				},
				{
					"name": "eyelid_happy_right",
					"parent": "eye_right",
					"pivot": [-1.91, 12.5, -5.42],
					"cubes": [
						{"origin": [-2.91, 10.5, -6.42], "size": [2, 3, 2], "inflate": 0.01, "uv": [16, 50], "mirror": true}
					]
				},
				{
					"name": "eyelid_recoil_right",
					"parent": "eye_right",
					"pivot": [-1.91, 12.75, -5.92],
					"cubes": [
						{"origin": [-2.91, 11.25, -6.42], "size": [2, 3, 1], "inflate": 0.01, "uv": [37, 55], "mirror": true}
					]
				},
				{
					"name": "hair",
					"parent": "head_rotation",
					"pivot": [0, 15.4, -4.5],
					"rotation": [-5, 0, 0],
					"cubes": [
						{"origin": [-2.5, 15.5, -6.4], "size": [5, 1, 3], "inflate": 0.1, "pivot": [0, 16.5, -4.4], "rotation": [5, 0, 0], "uv": [48, 50]}
					]
				},
				{
					"name": "hair_middle",
					"parent": "hair",
					"pivot": [0, 15.4, -3.5],
					"cubes": [
						{"origin": [-1, 15.4, -5.1], "size": [2, 3, 3], "inflate": 0.1, "uv": [18, 0]}
					]
				},
				{
					"name": "hair_left",
					"parent": "hair",
					"pivot": [0.9, 15.4, -3.5],
					"rotation": [-2.5, 0, 5],
					"cubes": [
						{"origin": [0.9, 15.15, -5], "size": [2, 3, 3], "uv": [30, 0]}
					]
				},
				{
					"name": "hair_right",
					"parent": "hair",
					"pivot": [-0.9, 15.4, -3.5],
					"rotation": [-2.5, 0, -5],
					"cubes": [
						{"origin": [-2.9, 15.15, -5], "size": [2, 3, 3], "uv": [24, 6], "mirror": true}
					]
				},
				{
					"name": "hair_front",
					"parent": "head_rotation",
					"pivot": [0, 15.5, -6.5],
					"cubes": [
						{"origin": [-2, 12.5, -6.5], "size": [4, 3, 0], "pivot": [0, 15.5, -6.5], "rotation": [-22.5, 0, 0], "uv": [25, 0]}
					]
				},
				{
					"name": "ears",
					"parent": "head_rotation",
					"pivot": [0, 15, -4.25],
					"rotation": [10, 0, 0]
				},
				{
					"name": "ear_left",
					"parent": "ears",
					"pivot": [3, 15, -3.5],
					"rotation": [47.5, -42.5, -45]
				},
				{
					"name": "ear_left_rotation",
					"parent": "ear_left",
					"pivot": [2.75, 13.75, -3.5],
					"cubes": [
						{"origin": [2.5, 11.75, -3.5], "size": [6, 4, 0], "pivot": [5, 13.75, -3.5], "rotation": [5, 0, 0], "uv": [40, 0]},
						{"origin": [2.25, 13.25, -3.5], "size": [2, 1, 0], "pivot": [2.25, 13.75, -3.5], "rotation": [0, 12.5, -7.5], "uv": [19, 12]},
						{"origin": [1.75, 12.25, -3.5], "size": [2, 1, 0], "pivot": [2.25, 12.75, -3.5], "rotation": [0, 12.5, 0], "uv": [19, 13]}
					]
				},
				{
					"name": "ear_right",
					"parent": "ears",
					"pivot": [-3, 15, -3.5],
					"rotation": [47.5, 42.5, 45]
				},
				{
					"name": "ear_right_rotation",
					"parent": "ear_right",
					"pivot": [-2.75, 13.75, -3.5],
					"cubes": [
						{"origin": [-8.5, 11.75, -3.5], "size": [6, 4, 0], "pivot": [-5, 13.75, -3.5], "rotation": [5, 0, 0], "uv": [52, 0], "mirror": true},
						{"origin": [-4.25, 13.25, -3.5], "size": [2, 1, 0], "pivot": [-2.25, 13.75, -3.5], "rotation": [0, -12.5, 7.5], "uv": [15, 14], "mirror": true},
						{"origin": [-3.75, 12.25, -3.5], "size": [2, 1, 0], "pivot": [-2.25, 12.75, -3.5], "rotation": [0, -12.5, 0], "uv": [15, 15], "mirror": true}
					]
				},
				{
					"name": "tail",
					"parent": "torso",
					"pivot": [0, 10, 4.25]
				},
				{
					"name": "tail_left1",
					"parent": "tail",
					"pivot": [0.25, 9.5, 4.25],
					"rotation": [0, 10, 0],
					"cubes": [
						{"origin": [-0.25, 8, 4.25], "size": [1, 2, 4], "inflate": 0.01, "uv": [46, 24], "mirror": true}
					]
				},
				{
					"name": "tail_left1_2",
					"parent": "tail_left1",
					"pivot": [0.25, 9, 7.25],
					"cubes": [
						{"origin": [-0.75, 6.25, 7.25], "size": [2, 4, 5], "inflate": 0.02, "uv": [32, 26], "mirror": true}
					]
				},
				{
					"name": "tail_left1_3",
					"parent": "tail_left1_2",
					"pivot": [0.25, 8.25, 11.25],
					"cubes": [
						{"origin": [-1.25, 5.5, 11.25], "size": [3, 5, 5], "inflate": 0.02, "uv": [21, 30], "mirror": true}
					]
				},
				{
					"name": "tail_left2",
					"parent": "tail",
					"pivot": [0.25, 9.5, 4.25],
					"rotation": [0, 37.5, 0]
				},
				{
					"name": "tail_left2_rotation",
					"parent": "tail_left2",
					"pivot": [0.25, 9.5, 4.25],
					"cubes": [
						{"origin": [-0.25, 8, 4.25], "size": [1, 2, 4], "inflate": 0.02, "uv": [10, 31], "mirror": true}
					]
				},
				{
					"name": "tail_left2_2",
					"parent": "tail_left2_rotation",
					"pivot": [0.25, 9, 7.25],
					"cubes": [
						{"origin": [-0.75, 6.25, 7.25], "size": [2, 4, 5], "inflate": 0.03, "uv": [1, 32], "mirror": true}
					]
				},
				{
					"name": "tail_left2_3",
					"parent": "tail_left2_2",
					"pivot": [0.25, 8.25, 11.25],
					"cubes": [
						{"origin": [-1.25, 5.5, 11.25], "size": [3, 5, 5], "inflate": 0.03, "uv": [43, 40], "mirror": true}
					]
				},
				{
					"name": "tail_left3",
					"parent": "tail",
					"pivot": [0.25, 9.5, 4.25],
					"rotation": [0, 65, 0]
				},
				{
					"name": "tail_left3_rotation",
					"parent": "tail_left3",
					"pivot": [0.25, 9.5, 4.25],
					"cubes": [
						{"origin": [-0.25, 8, 4.25], "size": [1, 2, 4], "inflate": 0.01, "uv": [52, 29], "mirror": true}
					]
				},
				{
					"name": "tail_left3_2",
					"parent": "tail_left3_rotation",
					"pivot": [0.25, 9, 7.25],
					"cubes": [
						{"origin": [-0.75, 6.25, 7.25], "size": [2, 4, 5], "inflate": 0.02, "uv": [3, 41], "mirror": true}
					]
				},
				{
					"name": "tail_left3_3",
					"parent": "tail_left3_2",
					"pivot": [0.25, 8.25, 11.25],
					"cubes": [
						{"origin": [-1.25, 5.5, 11.25], "size": [3, 5, 5], "inflate": 0.02, "uv": [5, 50], "mirror": true}
					]
				},
				{
					"name": "tail_right1",
					"parent": "tail",
					"pivot": [-0.25, 9.5, 4.25],
					"rotation": [0, -10, 0],
					"cubes": [
						{"origin": [-0.75, 8, 4.25], "size": [1, 2, 4], "inflate": 0.01, "uv": [52, 22]}
					]
				},
				{
					"name": "tail_right1_2",
					"parent": "tail_right1",
					"pivot": [-0.25, 9, 7.25],
					"cubes": [
						{"origin": [-1.25, 6.25, 7.25], "size": [2, 4, 5], "inflate": 0.02, "uv": [43, 30]}
					]
				},
				{
					"name": "tail_right1_3",
					"parent": "tail_right1_2",
					"pivot": [-0.25, 8.25, 11.25],
					"cubes": [
						{"origin": [-1.75, 5.5, 11.25], "size": [3, 5, 5], "inflate": 0.02, "uv": [32, 35]}
					]
				},
				{
					"name": "tail_right2",
					"parent": "tail",
					"pivot": [-0.25, 9.5, 4.25],
					"rotation": [0, -37.5, 0]
				},
				{
					"name": "tail_right2_rotation",
					"parent": "tail_right2",
					"pivot": [-0.25, 9.5, 4.25],
					"cubes": [
						{"origin": [-0.75, 8, 4.25], "size": [1, 2, 4], "inflate": 0.02, "uv": [16, 29]}
					]
				},
				{
					"name": "tail_right2_2",
					"parent": "tail_right2_rotation",
					"pivot": [-0.25, 9, 7.25],
					"cubes": [
						{"origin": [-1.25, 6.25, 7.25], "size": [2, 4, 5], "inflate": 0.03, "uv": [12, 37]}
					]
				},
				{
					"name": "tail_right2_3",
					"parent": "tail_right2_2",
					"pivot": [-0.25, 8.25, 11.25],
					"cubes": [
						{"origin": [-1.75, 5.5, 11.25], "size": [3, 5, 5], "inflate": 0.03, "uv": [32, 45]}
					]
				},
				{
					"name": "tail_right3",
					"parent": "tail",
					"pivot": [-0.25, 9.5, 4.25],
					"rotation": [0, -65, 0]
				},
				{
					"name": "tail_right3_rotation",
					"parent": "tail_right3",
					"pivot": [-0.25, 9.5, 4.25],
					"cubes": [
						{"origin": [-0.75, 8, 4.25], "size": [1, 2, 4], "inflate": 0.01, "uv": [54, 35]}
					]
				},
				{
					"name": "tail_right3_2",
					"parent": "tail_right3_rotation",
					"pivot": [-0.25, 9, 7.25],
					"cubes": [
						{"origin": [-1.25, 6.25, 7.25], "size": [2, 4, 5], "inflate": 0.02, "uv": [23, 41]}
					]
				},
				{
					"name": "tail_right3_3",
					"parent": "tail_right3_2",
					"pivot": [-0.25, 8.25, 11.25],
					"cubes": [
						{"origin": [-1.75, 5.5, 11.25], "size": [3, 5, 5], "inflate": 0.02, "uv": [21, 50]}
					]
				},
				{
					"name": "legs",
					"parent": "body",
					"pivot": [0, 7.5, -1.25]
				},
				{
					"name": "leg_front_left",
					"parent": "legs",
					"pivot": [1.75, 7.5, -3.5],
					"cubes": [
						{"origin": [0.75, 4.5, -4.5], "size": [2, 4, 2], "inflate": 0.01, "uv": [42, 13]}
					]
				},
				{
					"name": "leg_front_left2",
					"parent": "leg_front_left",
					"pivot": [1.75, 4.5, -2.5],
					"cubes": [
						{"origin": [0.75, 0.5, -4.5], "size": [2, 4, 2], "uv": [50, 11]}
					]
				},
				{
					"name": "foot_front_left",
					"parent": "leg_front_left2",
					"pivot": [1.75, 1, -3.75],
					"cubes": [
						{"origin": [0.75, 0, -5.25], "size": [2, 1, 2], "inflate": -0.01, "uv": [42, 19]},
						{"origin": [1.25, 0, -4.75], "size": [1, 0, 1], "uv": [41, 19]}
					]
				},
				{
					"name": "leg_back_left",
					"parent": "legs",
					"pivot": [2, 6.5, 3],
					"cubes": [
						{"origin": [1, 4, 2], "size": [2, 5, 3], "inflate": 0.01, "uv": [0, 22]}
					]
				},
				{
					"name": "leg_back_left2",
					"parent": "leg_back_left",
					"pivot": [2, 4.5, 5],
					"cubes": [
						{"origin": [1, 0.5, 3.5], "size": [2, 4, 2], "uv": [20, 23]}
					]
				},
				{
					"name": "foot_back_left",
					"parent": "leg_back_left2",
					"pivot": [2, 1, 4.25],
					"cubes": [
						{"origin": [1, 0, 2.75], "size": [2, 1, 2], "inflate": -0.01, "uv": [36, 23]},
						{"origin": [1.5, 0, 3.25], "size": [1, 0, 1], "uv": [41, 22]}
					]
				},
				{
					"name": "leg_front_right",
					"parent": "legs",
					"pivot": [-1.75, 7.5, -3.5],
					"cubes": [
						{"origin": [-2.75, 4.5, -4.5], "size": [2, 4, 2], "inflate": 0.01, "uv": [56, 6], "mirror": true}
					]
				},
				{
					"name": "leg_front_right2",
					"parent": "leg_front_right",
					"pivot": [-1.75, 4.5, -2.5],
					"cubes": [
						{"origin": [-2.75, 0.5, -4.5], "size": [2, 4, 2], "uv": [56, 15], "mirror": true}
					]
				},
				{
					"name": "foot_front_right",
					"parent": "leg_front_right2",
					"pivot": [-1.75, 1, -3.75],
					"cubes": [
						{"origin": [-2.75, 0, -5.25], "size": [2, 1, 2], "inflate": -0.01, "uv": [48, 17], "mirror": true},
						{"origin": [-2.25, 0, -4.75], "size": [1, 0, 1], "uv": [41, 20], "mirror": true}
					]
				},
				{
					"name": "leg_back_right",
					"parent": "legs",
					"pivot": [-2, 6.5, 3],
					"cubes": [
						{"origin": [-3, 4, 2], "size": [2, 5, 3], "inflate": 0.01, "uv": [10, 22], "mirror": true}
					]
				},
				{
					"name": "leg_back_right2",
					"parent": "leg_back_right",
					"pivot": [-2, 4.5, 5],
					"cubes": [
						{"origin": [-3, 0.5, 3.5], "size": [2, 4, 2], "uv": [28, 23], "mirror": true}
					]
				},
				{
					"name": "foot_back_right",
					"parent": "leg_back_right2",
					"pivot": [-2, 1, 4.25],
					"cubes": [
						{"origin": [-3, 0, 2.75], "size": [2, 1, 2], "inflate": -0.01, "uv": [42, 22], "mirror": true},
						{"origin": [-2.5, 0, 3.25], "size": [1, 0, 1], "uv": [41, 23], "mirror": true}
					]
				}
			]
		}
	]
}