{
	"format_version": "1.12.0",
	"minecraft:geometry": [
		{
			"description": {
				"identifier": "geometry.minccino",
				"texture_width": 64,
				"texture_height": 64,
				"visible_bounds_width": 4,
				"visible_bounds_height": 2.5,
				"visible_bounds_offset": [0, 0.75, 0]
			},
			"bones": [
				{
					"name": "minccino",
					"pivot": [0, 0, 0]
				},
				{
					"name": "locator_root",
					"parent": "minccino",
					"pivot": [0, 0, 0],
					"locators": {
						"root": [0, 0, 0]
					}
				},
				{
					"name": "locator_top",
					"parent": "minccino",
					"pivot": [0, 20, 0],
					"locators": {
						"top": [0, 20, 0]
					}
				},
				{
					"name": "body",
					"parent": "minccino",
					"pivot": [0, 8, 0]
				},
				{
					"name": "locator_target",
					"parent": "body",
					"pivot": [0, 6, -6],
					"locators": {
						"target": [0, 6, -6]
					}
				},
				{
					"name": "locator_middle",
					"parent": "body",
					"pivot": [0, 7, 0],
					"locators": {
						"middle": [0, 7, 0]
					}
				},
				{
					"name": "torso",
					"parent": "body",
					"pivot": [0, 1.5, 0.5],
					"cubes": [
						{"origin": [-3, 1, -2.5], "size": [6, 3, 5], "uv": [0, 16]}
					]
				},
				{
					"name": "torso2",
					"parent": "torso",
					"pivot": [0, 3.5, 0],
					"cubes": [
						{"origin": [-2.5, 3, -2], "size": [5, 4, 4], "uv": [26, 0]}
					]
				},
				{
					"name": "scarf",
					"parent": "torso2",
					"pivot": [0.57031, 5.31127, -2.91318],
					"cubes": [
						{"origin": [-0.42969, 2.81127, -2.89], "size": [1, 1, 0], "pivot": [0.57031, 5.31127, -2.91318], "rotation": [-22.04589, -2.99318, -7.25002], "uv": [42, 29]},
						{"origin": [-2.5, 5.5, -2.5], "size": [5, 1, 5], "inflate": 0.1, "pivot": [-0.5, 5.5, 0.5], "rotation": [2.5, 0, 0], "uv": [37, 35]},
						{"origin": [-0.75, 5.25, -3.25], "size": [1, 1, 1], "inflate": 0.25, "pivot": [0.25, 5.25, -2.75], "rotation": [-10, 0, 0], "uv": [41, 45]},
						{"origin": [-0.92969, 2.56127, -2.91318], "size": [2, 3, 0], "pivot": [0.07031, 5.06127, -2.91318], "rotation": [-22.04589, -2.99318, -7.25002], "uv": [42, 31]},
						{"origin": [-1.5, 1.75, -3], "size": [3, 4, 0], "pivot": [-0.5, 3.75, -3], "rotation": [-10, 0, 10], "uv": [48, 29]}
					]
				},
				{
					"name": "chest_fluff",
					"parent": "torso2",
					"pivot": [0, 7, -2],
					"rotation": [0, -17.5, -15],
					"cubes": [
						{"origin": [-3, 4, -2], "size": [3, 3, 0], "uv": [57, 59]}
					]
				},
				{
					"name": "head",
					"parent": "torso2",
					"pivot": [0, 7.5, 0]
				},
				{
					"name": "head_ai",
					"parent": "head",
					"pivot": [0, 7.5, 0]
				},
				{
					"name": "head_angle",
					"parent": "head_ai",
					"pivot": [0, 7.5, 0],
					"cubes": [
						{"origin": [-4.5, 6.4, -4], "size": [9, 8, 8], "uv": [0, 0]}
					]
				},
				{
					"name": "hat",
					"parent": "head_angle",
					"pivot": [0, 15, -2.25],
					"cubes": [
						{"origin": [-2.5, 14, -6], "size": [5, 1, 3], "uv": [24, 41]},
						{"origin": [-3, 14, -3], "size": [6, 3, 6], "uv": [40, 42]}
					]
				},
				{
					"name": "locator_item_hat",
					"parent": "head_angle",
					"pivot": [0, 14.4, 0],
					"locators": {
						"item_hat": [0, 14.4, 0]
					}
				},
				{
					"name": "locator_head",
					"parent": "head_angle",
					"pivot": [0, 14.4, -3.5],
					"locators": {
						"head": [0, 14.4, -3.5]
					}
				},
				{
					"name": "locator_mouth",
					"parent": "head_angle",
					"pivot": [0, 7.7, -4],
					"locators": {
						"mouth": [0, 7.7, -4],
						"special": [0, 7.7, -4]
					}
				},
				{
					"name": "locator_item_face",
					"parent": "head_angle",
					"pivot": [0, 9.8, -4],
					"locators": {
						"item_face": [0, 9.8, -4]
					}
				},
				{
					"name": "locator_face",
					"parent": "head_angle",
					"pivot": [0, 8.9, -4],
					"locators": {
						"face": [0, 8.9, -4]
					}
				},
				{
					"name": "face_ditto",
					"parent": "head_angle",
					"pivot": [0, 9.15, -3.9]
				},
				{
					"name": "eyes_ditto",
					"parent": "face_ditto",
					"pivot": [0, 9.9, -3.92],
					"cubes": [
						{"origin": [-3.5, 9.4, -3.92], "size": [7, 1, 0], "uv": [3, 36]}
					]
				},
				{
					"name": "eyes_blink_ditto",
					"parent": "face_ditto",
					"pivot": [0, 9.9, -3.82],
					"cubes": [
						{"origin": [-4, 9.4, -3.82], "size": [8, 1, 0], "uv": [2, 38]},
						{"origin": [-3.5, 9.9, -3.83], "size": [7, 1, 0], "uv": [3, 40]}
					]
				},
				{
					"name": "mouth_ditto",
					"parent": "face_ditto",
					"pivot": [0, 8.15, -3.9],
					"cubes": [
						{"origin": [-3, 7.4, -3.91], "size": [6, 1, 0], "uv": [4, 44]},
						{"origin": [-4, 7.9, -3.91], "size": [8, 1, 0], "uv": [2, 42]}
					]
				},
				{
					"name": "mouth_open_ditto",
					"parent": "face_ditto",
					"pivot": [0, 7.9, -3.81],
					"cubes": [
						{"origin": [-4, 6.9, -3.81], "size": [8, 2, 0], "uv": [2, 46]}
					]
				},
				{
					"name": "face",
					"parent": "head_angle",
					"pivot": [0, 9.2, -4]
				},
				{
					"name": "nose",
					"parent": "face",
					"pivot": [0, 9.25, -4.05],
					"cubes": [
						{"origin": [-0.5, 8.5, -4.04], "size": [1, 1, 0], "uv": [34, 28]},
						{"origin": [-1, 9, -4.06], "size": [2, 1, 0], "uv": [29, 28]}
					]
				},
				{
					"name": "eyes",
					"parent": "face",
					"pivot": [0, 9.7, -4.02]
				},
				{
					"name": "eye_left",
					"parent": "eyes",
					"pivot": [2.55, 9.7, -4.02],
					"cubes": [
						{"origin": [1.55, 8.2, -4.02], "size": [2, 3, 1], "uv": [2, 31]}
					]
				},
				{
					"name": "eyeshine_left",
					"parent": "eye_left",
					"pivot": [2.3, 10.45, -4.04],
					"cubes": [
						{"origin": [1.95, 9.95, -4.04], "size": [1, 1, 1], "uv": [9, 33]}
					]
				},
				{
					"name": "eyebrow_small_left",
					"parent": "eye_left",
					"pivot": [1.8, 10.95, -3.96],
					"cubes": [
						{"origin": [1.3, 10.45, -3.96], "size": [1, 1, 0], "uv": [26, 33]}
					]
				},
				{
					"name": "eyebrow_left",
					"parent": "eye_left",
					"pivot": [2.55, 11.2, -3.96],
					"cubes": [
						{"origin": [1.05, 10.7, -3.96], "size": [3, 1, 0], "uv": [12, 31]}
					]
				},
				{
					"name": "locator_eye_left",
					"parent": "eye_left",
					"pivot": [2.55, 9.7, -4],
					"locators": {
						"eye2": [2.55, 9.7, -4]
					}
				},
				{
					"name": "eye_shocked_left",
					"parent": "eyes",
					"pivot": [2.35, 9.7, -3.92],
					"cubes": [
						{"origin": [1.35, 8.7, -3.92], "size": [2, 2, 0], "uv": [14, 33]}
					]
				},
				{
					"name": "eyeshine_shocked_left",
					"parent": "eye_shocked_left",
					"pivot": [2.35, 9.7, -3.92],
					"cubes": [
						{"origin": [1.85, 9.2, -3.94], "size": [1, 1, 0], "uv": [9, 31]}
					]
				},
				{
					"name": "eye_happy_left",
					"parent": "eyes",
					"pivot": [2.5, 9.45, -3.92],
					"cubes": [
						{"origin": [1, 8.7, -3.92], "size": [3, 2, 0], "uv": [19, 33]}
					]
				},
				{
					"name": "eye_hurt_left",
					"parent": "eyes",
					"pivot": [1.95, 9.45, -3.92],
					"cubes": [
						{"origin": [1.95, 9.2, -3.92], "size": [2, 1, 0], "uv": [19, 31]},
						{"origin": [0.95, 8.7, -3.92], "size": [1, 1, 0], "uv": [26, 34]}
					]
				},
				{
					"name": "eyelid_left",
					"parent": "eyes",
					"pivot": [1.55, 9.45, -3.92],
					"cubes": [
						{"origin": [1.55, 8.7, -3.92], "size": [2, 1, 0], "uv": [24, 26]}
					]
				},
				{
					"name": "eye_right",
					"parent": "eyes",
					"pivot": [-2.55, 9.7, -4.02],
					"cubes": [
						{"origin": [-3.55, 8.2, -4.02], "size": [2, 3, 1], "uv": [2, 26]}
					]
				},
				{
					"name": "eyeshine_right",
					"parent": "eye_right",
					"pivot": [-2.3, 10.45, -4.04],
					"cubes": [
						{"origin": [-2.95, 9.95, -4.04], "size": [1, 1, 1], "uv": [9, 28]}
					]
				},
				{
					"name": "eyebrow_small_right",
					"parent": "eye_right",
					"pivot": [-1.8, 10.95, -3.96],
					"cubes": [
						{"origin": [-2.3, 10.45, -3.96], "size": [1, 1, 0], "uv": [26, 28]}
					]
				},
				{
					"name": "eyebrow_right",
					"parent": "eye_right",
					"pivot": [-2.55, 11.2, -3.96],
					"cubes": [
						{"origin": [-4.05, 10.7, -3.96], "size": [3, 1, 0], "uv": [12, 26]}
					]
				},
				{
					"name": "locator_eye_right",
					"parent": "eye_right",
					"pivot": [-2.55, 9.7, -4],
					"locators": {
						"eye1": [-2.55, 9.7, -4]
					}
				},
				{
					"name": "eye_shocked_right",
					"parent": "eyes",
					"pivot": [-2.35, 9.7, -3.92],
					"cubes": [
						{"origin": [-3.35, 8.7, -3.92], "size": [2, 2, 0], "uv": [14, 28]}
					]
				},
				{
					"name": "eye_right_shocked_shine",
					"parent": "eye_shocked_right",
					"pivot": [-2.35, 9.7, -3.92],
					"cubes": [
						{"origin": [-2.85, 9.2, -3.94], "size": [1, 1, 0], "uv": [9, 26]}
					]
				},
				{
					"name": "eye_happy_right",
					"parent": "eyes",
					"pivot": [-2.5, 9.45, -3.92],
					"cubes": [
						{"origin": [-4, 8.7, -3.92], "size": [3, 2, 0], "uv": [19, 28]}
					]
				},
				{
					"name": "eye_hurt_right",
					"parent": "eyes",
					"pivot": [-1.95, 9.45, -3.92],
					"cubes": [
						{"origin": [-3.95, 9.2, -3.92], "size": [2, 1, 0], "uv": [19, 26]},
						{"origin": [-1.95, 8.7, -3.92], "size": [1, 1, 0], "uv": [26, 29]}
					]
				},
				{
					"name": "eyelid_right",
					"parent": "eyes",
					"pivot": [-1.75, 9.45, -3.92],
					"cubes": [
						{"origin": [-3.55, 8.7, -3.92], "size": [2, 1, 0], "uv": [24, 31]}
					]
				},
				{
					"name": "mouth",
					"parent": "face",
					"pivot": [0, 7.85, -4.13]
				},
				{
					"name": "mouth_smile",
					"parent": "mouth",
					"pivot": [0, 7.85, -4.03],
					"cubes": [
						{"origin": [-1.5, 7.2, -4.02], "size": [1, 1, 0], "uv": [29, 26]},
						{"origin": [0.5, 7.2, -4.02], "size": [1, 1, 0], "uv": [35, 26]},
						{"origin": [-0.5, 6.7, -4.02], "size": [1, 1, 0], "uv": [32, 26]}
					]
				},
				{
					"name": "mouth_open_smile",
					"parent": "mouth",
					"pivot": [0, 7.6, -3.93],
					"cubes": [
						{"origin": [-1.5, 7.35, -3.92], "size": [3, 1, 0], "uv": [29, 32]},
						{"origin": [-1, 6.85, -3.94], "size": [2, 1, 0], "uv": [36, 32]}
					]
				},
				{
					"name": "mouth_open_frown",
					"parent": "mouth",
					"pivot": [0, 7.6, -3.93],
					"cubes": [
						{"origin": [-1.5, 6.85, -3.94], "size": [3, 1, 0], "uv": [29, 34]},
						{"origin": [-1, 7.35, -3.92], "size": [2, 1, 0], "uv": [36, 34]}
					]
				},
				{
					"name": "mouth_open_small",
					"parent": "mouth",
					"pivot": [0, 7.6, -3.92],
					"cubes": [
						{"origin": [-0.5, 7.1, -3.92], "size": [1, 1, 0], "uv": [37, 28]}
					]
				},
				{
					"name": "mouth_frown",
					"parent": "mouth",
					"pivot": [0, 7.45, -3.93],
					"cubes": [
						{"origin": [-1, 7.2, -3.92], "size": [2, 1, 0], "uv": [29, 30]},
						{"origin": [-0.5, 6.7, -3.94], "size": [1, 1, 0], "uv": [34, 30]}
					]
				},
				{
					"name": "mouth_straight",
					"parent": "mouth",
					"pivot": [0, 7.6, -3.92],
					"cubes": [
						{"origin": [-1, 7.1, -3.92], "size": [2, 1, 0], "uv": [38, 26]}
					]
				},
				{
					"name": "locator_jaw_upper",
					"parent": "mouth",
					"pivot": [0, 8.2, -4],
					"locators": {
						"jaw1": [0, 8.2, -4]
					}
				},
				{
					"name": "locator_jaw_lower",
					"parent": "mouth",
					"pivot": [0, 6.7, -4],
					"locators": {
						"jaw2": [0, 6.7, -4]
					}
				},
				{
					"name": "hair",
					"parent": "head_angle",
					"pivot": [-0.5, 13.4, -4],
					"rotation": [80.52106, 19.30146, -15.50896],
					"cubes": [
						{"origin": [-1.5, 13.4, -4], "size": [2, 2, 0], "uv": [19, 43]},
						{"origin": [-1.5, 13.4, -4], "size": [1, 2, 0], "pivot": [-0.5, 13.4, -4], "rotation": [12.5, 0, -37.5], "uv": [19, 40]}
					]
				},
				{
					"name": "hair2",
					"parent": "hair",
					"pivot": [-0.5, 15.4, -4],
					"rotation": [-40, 0, 0],
					"cubes": [
						{"origin": [-1.5, 15.4, -4], "size": [3, 3, 0], "uv": [57, 55]}
					]
				},
				{
					"name": "ear_right",
					"parent": "head_angle",
					"pivot": [-3.5, 11.9, 0],
					"rotation": [0, 25, 0],
					"cubes": [
						{"origin": [-10.5, 8.9, 0], "size": [8, 12, 0], "uv": [2, 50]}
					]
				},
				{
					"name": "ear_fur_right",
					"parent": "ear_right",
					"pivot": [-4.25, 11.9, -0.5],
					"cubes": [
						{"origin": [-7.25, 9.9, -0.5], "size": [4, 6, 0], "uv": [38, 56]}
					]
				},
				{
					"name": "ear_left",
					"parent": "head_angle",
					"pivot": [3.5, 11.9, 0],
					"rotation": [0, -25, 0],
					"cubes": [
						{"origin": [2.5, 8.9, 0], "size": [8, 12, 0], "uv": [20, 50]}
					]
				},
				{
					"name": "ear_fur_left",
					"parent": "ear_left",
					"pivot": [4.25, 11.9, -0.5],
					"cubes": [
						{"origin": [3.25, 9.9, -0.5], "size": [4, 6, 0], "uv": [48, 56]}
					]
				},
				{
					"name": "arms",
					"parent": "torso2",
					"pivot": [0, 5.5, 0]
				},
				{
					"name": "arm_left",
					"parent": "arms",
					"pivot": [2.5, 5.5, 0],
					"cubes": [
						{"origin": [2, 5, -1], "size": [2, 1, 2], "uv": [31, 16]}
					]
				},
				{
					"name": "hand_left",
					"parent": "arm_left",
					"pivot": [4, 6, 1],
					"cubes": [
						{"origin": [4, 5, -1], "size": [2, 1, 2], "inflate": 0.02, "uv": [54, 10]},
						{"origin": [4.5, 4.96, -0.5], "size": [1, 0, 1], "uv": [45, 18]}
					]
				},
				{
					"name": "locator_hand_secondary",
					"parent": "hand_left",
					"pivot": [5, 5.5, 0],
					"rotation": [0, -90, 0],
					"locators": {
						"hand_secondary": [5, 5.5, 0]
					}
				},
				{
					"name": "arm_right",
					"parent": "arms",
					"pivot": [-2.5, 5.5, 0],
					"cubes": [
						{"origin": [-4, 5, -1], "size": [2, 1, 2], "uv": [17, 16]}
					]
				},
				{
					"name": "hand_right",
					"parent": "arm_right",
					"pivot": [-4, 6, 1],
					"cubes": [
						{"origin": [-6, 5, -1], "size": [2, 1, 2], "inflate": 0.02, "uv": [43, 10]},
						{"origin": [-5.5, 4.96, -0.5], "size": [1, 0, 1], "uv": [42, 18]}
					]
				},
				{
					"name": "locator_hand_primary",
					"parent": "hand_right",
					"pivot": [-5, 5.5, 0],
					"rotation": [0, 90, 0],
					"locators": {
						"hand_primary": [-5, 5.5, 0],
						"physical": [-5, 5.5, 0]
					}
				},
				{
					"name": "locator_item",
					"parent": "hand_right",
					"pivot": [-5, 5, 0],
					"locators": {
						"item": [-5, 5, 0]
					}
				},
				{
					"name": "tail",
					"parent": "torso",
					"pivot": [0, 2.5, 2],
					"cubes": [
						{"origin": [-0.5, 1.5, 2], "size": [1, 2, 4], "uv": [48, 10]}
					]
				},
				{
					"name": "tail2",
					"parent": "tail",
					"pivot": [0, 2.25, 5.5],
					"cubes": [
						{"origin": [-1, 0.75, 5], "size": [2, 3, 5], "uv": [34, 8]}
					]
				},
				{
					"name": "tail_side",
					"parent": "tail2",
					"pivot": [1, 2.25, 6],
					"cubes": [
						{"origin": [1.01, 1.25, 5], "size": [0, 2, 5], "uv": [19, 41]}
					]
				},
				{
					"name": "tail3",
					"parent": "tail2",
					"pivot": [0, 2, 9.75],
					"cubes": [
						{"origin": [-1.5, 0, 9.5], "size": [3, 4, 6], "inflate": 0.01, "uv": [44, 0]}
					]
				},
				{
					"name": "locator_tail",
					"parent": "tail3",
					"pivot": [0, 2, 12.5],
					"rotation": [-180, 0, 180],
					"locators": {
						"tail": [0, 2, 12.5]
					}
				},
				{
					"name": "tail_side2",
					"parent": "tail3",
					"pivot": [1.5, 2.25, 11],
					"cubes": [
						{"origin": [1.52, 1.25, 10], "size": [0, 2, 5], "uv": [30, 41]}
					]
				},
				{
					"name": "tail4",
					"parent": "tail3",
					"pivot": [0, 2.25, 15.25],
					"cubes": [
						{"origin": [-1, 0.75, 15], "size": [2, 3, 5], "uv": [22, 16]}
					]
				},
				{
					"name": "tail_side3",
					"parent": "tail4",
					"pivot": [1, 2.25, 16],
					"cubes": [
						{"origin": [1.01, 1.25, 15], "size": [0, 2, 5], "uv": [38, 47]}
					]
				},
				{
					"name": "tail5",
					"parent": "tail4",
					"pivot": [0, 2.5, 19.5],
					"cubes": [
						{"origin": [-0.5, 1.5, 19], "size": [1, 2, 4], "uv": [36, 18]}
					]
				},
				{
					"name": "locator_tail_tip",
					"parent": "tail5",
					"pivot": [0, 2.5, 23],
					"rotation": [-180, 0, 180],
					"locators": {
						"tail_tip": [0, 2.5, 23]
					}
				},
				{
					"name": "legs",
					"parent": "body",
					"pivot": [0, 1, 0.5]
				},
				{
					"name": "foot_right",
					"parent": "legs",
					"pivot": [-1.5, 1, 0.5],
					"cubes": [
						{"origin": [-2.5, 0, -0.5], "size": [2, 1, 2], "uv": [56, 3]},
						{"origin": [-2, -0.02, 0], "size": [1, 0, 1], "uv": [42, 20]}
					]
				},
				{
					"name": "locator_foot_primary",
					"parent": "foot_right",
					"pivot": [-1.5, 0.5, -0.5],
					"rotation": [90, 0, 0],
					"locators": {
						"foot_primary": [-1.5, 0.5, -0.5]
					}
				},
				{
					"name": "toes_left",
					"parent": "foot_right",
					"pivot": [-1.5, 0, -0.5],
					"cubes": [
						{"origin": [-2.5, 0, -1.5], "size": [2, 1, 1], "inflate": 0.02, "uv": [40, 0]}
					]
				},
				{
					"name": "foot_left",
					"parent": "legs",
					"pivot": [1.5, 1, 0.5],
					"cubes": [
						{"origin": [0.5, 0, -0.5], "size": [2, 1, 2], "uv": [56, 0]},
						{"origin": [1, -0.02, 0], "size": [1, 0, 1], "uv": [45, 20]}
					]
				},
				{
					"name": "locator_foot_secondary",
					"parent": "foot_left",
					"pivot": [1.5, 0.5, -0.5],
					"rotation": [90, 0, 0],
					"locators": {
						"foot_secondary": [1.5, 0.5, -0.5]
					}
				},
				{
					"name": "toes_right",
					"parent": "foot_left",
					"pivot": [1.5, 0, -0.5],
					"cubes": [
						{"origin": [0.5, 0, -1.5], "size": [2, 1, 1], "inflate": 0.02, "uv": [40, 2]}
					]
				}
			]
		}
	]
}