{
	"format_version": "1.12.0",
	"minecraft:geometry": [
		{
			"description": {
				"identifier": "geometry.cleffa",
				"texture_width": 32,
				"texture_height": 64,
				"visible_bounds_width": 3,
				"visible_bounds_height": 2.5,
				"visible_bounds_offset": [0, 0.75, 0]
			},
			"bones": [
				{
					"name": "cleffa",
					"pivot": [0, 0, 0]
				},
				{
					"name": "body",
					"parent": "cleffa",
					"pivot": [0, 1.3333, 0]
				},
				{
					"name": "torso",
					"parent": "body",
					"pivot": [0, 1.33333, 0],
					"cubes": [
						{"origin": [-3.5, 1, -3], "size": [7, 8, 6], "uv": [0, 0]},
						{"origin": [-1.5, 7.75, -3], "size": [3, 2, 5], "pivot": [4, 7.25, 0], "rotation": [-10, 0, 0], "uv": [0, 14]},
						{"origin": [-2.75, 7, -2.5], "size": [3, 2, 2], "pivot": [4, 7.25, 0], "rotation": [-10, -15, 20], "uv": [10, 22]}
					]
				},
				{
					"name": "stars",
					"parent": "torso",
					"pivot": [0, 2, -4],
					"rotation": [-5, 0, 0]
				},
				{
					"name": "ristar",
					"parent": "stars",
					"pivot": [-8, 11, 1],
					"cubes": [
						{"origin": [5, 11, 2], "size": [5, 5, 0], "pivot": [8, 11, 1], "rotation": [-12.31594, 2.15393, 9.76758], "uv": [21, 43], "mirror": true}
					]
				},
				{
					"name": "Mstar",
					"parent": "stars",
					"pivot": [8, 11, 1],
					"cubes": [
						{"origin": [-2, 15, 0], "size": [4, 4, 3], "uv": [17, 55]},
						{"origin": [-1, 18, 0.5], "size": [2, 4, 2], "pivot": [0, 19, 1], "rotation": [-25, 0, 0], "uv": [5, 55]},
						{"origin": [1, 16, 1], "size": [4, 2, 2], "pivot": [3, 16, 1], "rotation": [0, -25, 0], "uv": [19, 49]},
						{"origin": [-1, 14, 0.7], "size": [4, 2, 2], "pivot": [1, 14, 1], "rotation": [0, -17.5, 45], "uv": [3, 48]},
						{"origin": [-3, 14, 0.7], "size": [4, 2, 2], "pivot": [-1, 14, 1], "rotation": [0, 17.5, -45], "uv": [3, 48], "mirror": true},
						{"origin": [-5, 16, 1], "size": [4, 2, 2], "pivot": [-3, 16, 1], "rotation": [0, 25, 0], "uv": [19, 49], "mirror": true}
					]
				},
				{
					"name": "lstar",
					"parent": "stars",
					"pivot": [-8, 11, 1],
					"cubes": [
						{"origin": [-11, 11, 2], "size": [5, 5, 0], "pivot": [-8, 11, 1], "rotation": [-12.31594, -2.15393, -9.76758], "uv": [10, 43]}
					]
				},
				{
					"name": "mouth",
					"parent": "torso",
					"pivot": [0, 1, 0]
				},
				{
					"name": "mouth_closed",
					"parent": "mouth",
					"pivot": [0, 4.75, -3.01],
					"cubes": [
						{"origin": [-0.5, 4.25, -3.01], "size": [1, 1, 0], "uv": [3, 0], "mirror": true}
					]
				},
				{
					"name": "mouth_open",
					"parent": "mouth",
					"pivot": [0, 4.25, -2.91],
					"cubes": [
						{"origin": [-1, 3.25, -2.91], "size": [2, 2, 0], "uv": [21, 3], "mirror": true}
					]
				},
				{
					"name": "ear_right",
					"parent": "torso",
					"pivot": [-2.5, 7, 0],
					"cubes": [
						{"origin": [-5.5, 5.25, -2], "size": [3, 4, 4], "pivot": [-4, 7.25, 0], "rotation": [0, 0, 10], "uv": [16, 14]},
						{"origin": [-7, 5.75, -1.5], "size": [2, 3, 3], "pivot": [-4, 7.25, 0], "rotation": [0, 0, 10], "uv": [20, 22]}
					]
				},
				{
					"name": "charm",
					"parent": "ear_right",
					"pivot": [0, 0, 0],
					"cubes": [
						{"origin": [-6, 9, -3], "size": [2, 2, 2], "pivot": [-5, 9, -2], "rotation": [2.5, -10, 45], "uv": [1, 42]},
						{"origin": [-6, 10, -1], "size": [3, 3, 0], "pivot": [-4, 10, -2], "rotation": [-29.78729, -3.74196, -6.50446], "uv": [24, 38]},
						{"origin": [-6, 10, -1], "size": [3, 3, 0], "pivot": [-4, 10, -2], "rotation": [-53.25254, -15.90529, -15.43166], "uv": [16, 38]},
						{"origin": [-6, 10, -5], "size": [2, 0, 5], "pivot": [-5, 8, 0], "rotation": [56.3422, 25.32895, 12.3287], "uv": [-4, 34]},
						{"origin": [-6, 10, -5], "size": [2, 0, 5], "pivot": [-5, 8, 0], "rotation": [52.7132, 11.74424, -6.6576], "uv": [-4, 34]},
						{"origin": [-6, 7.5, -3.5], "size": [3, 2, 0], "pivot": [-4, 7, -5], "rotation": [-17.5, 0, 0], "uv": [8, 37]}
					]
				},
				{
					"name": "ear_left",
					"parent": "torso",
					"pivot": [2.5, 7, 0],
					"cubes": [
						{"origin": [2.5, 5.25, -2], "size": [3, 4, 4], "pivot": [4, 7.25, 0], "rotation": [0, 0, -10], "uv": [16, 14], "mirror": true},
						{"origin": [5, 5.75, -1.5], "size": [2, 3, 3], "pivot": [4, 7.25, 0], "rotation": [0, 0, -10], "uv": [20, 22], "mirror": true}
					]
				},
				{
					"name": "eyes",
					"parent": "torso",
					"pivot": [0, 6.25, 0]
				},
				{
					"name": "eye_right",
					"parent": "eyes",
					"pivot": [-1.5, 6.25, -3.01],
					"cubes": [
						{"origin": [-2, 5.25, -3.01], "size": [1, 2, 0], "uv": [0, 0]}
					]
				},
				{
					"name": "eyelid_right",
					"parent": "eye_right",
					"pivot": [-1.75, 6.25, -2.41],
					"cubes": [
						{"origin": [-2.75, 5.25, -2.91], "size": [2, 2, 1], "inflate": 0.01, "uv": [0, 3]}
					]
				},
				{
					"name": "eye_left",
					"parent": "eyes",
					"pivot": [1.5, 6.25, -3.01],
					"cubes": [
						{"origin": [1, 5.25, -3.01], "size": [1, 2, 0], "uv": [0, 0], "mirror": true}
					]
				},
				{
					"name": "eyelid_left",
					"parent": "eye_left",
					"pivot": [1.75, 6.25, -2.41],
					"cubes": [
						{"origin": [0.75, 5.25, -2.91], "size": [2, 2, 1], "inflate": 0.01, "uv": [0, 3], "mirror": true}
					]
				},
				{
					"name": "arm_right",
					"parent": "torso",
					"pivot": [-3.5, 3.5, -2],
					"cubes": [
						{"origin": [-3.75, 2.5, -4.5], "size": [1, 2, 3], "inflate": 0.02, "uv": [10, 26]}
					]
				},
				{
					"name": "arm_left",
					"parent": "torso",
					"pivot": [3.5, 3.5, -2],
					"cubes": [
						{"origin": [2.75, 2.5, -4.5], "size": [1, 2, 3], "inflate": 0.02, "uv": [10, 26], "mirror": true}
					]
				},
				{
					"name": "tail",
					"parent": "torso",
					"pivot": [0, 2.5, 3],
					"cubes": [
						{"origin": [-1, 1.5, 3], "size": [2, 3, 3], "inflate": 0.02, "uv": [0, 21]}
					]
				},
				{
					"name": "leg_right",
					"parent": "body",
					"pivot": [-2.25, 1, 0.5],
					"cubes": [
						{"origin": [-3.25, 0, -1.5], "size": [2, 1, 3], "uv": [0, 27]},
						{"origin": [-3.25, 1, -0.75], "size": [2, 1, 2], "uv": [18, 28], "mirror": true}
					]
				},
				{
					"name": "leg_left",
					"parent": "body",
					"pivot": [2.25, 1, 0.5],
					"cubes": [
						{"origin": [1.25, 0, -1.5], "size": [2, 1, 3], "uv": [0, 27], "mirror": true},
						{"origin": [1.25, 1, -0.75], "size": [2, 1, 2], "uv": [18, 28], "mirror": true}
					]
				}
			]
		}
	]
}