{
	"format_version": "1.12.0",
	"minecraft:geometry": [
		{
			"description": {
				"identifier": "geometry.milotic_female",
				"texture_width": 128,
				"texture_height": 128,
				"visible_bounds_width": 8,
				"visible_bounds_height": 9,
				"visible_bounds_offset": [0, -0.5, 0]
			},
			"bones": [
				{
					"name": "milotic",
					"pivot": [0, 0, 0]
				},
				{
					"name": "body",
					"parent": "milotic",
					"pivot": [0, 6, -0.5]
				},
				{
					"name": "neck",
					"parent": "body",
					"pivot": [0, 11, -0.25],
					"cubes": [
						{"origin": [-4, 10, -4.25], "size": [8, 8, 8], "uv": [52, 47]},
						{"origin": [-17, 18.75, -7.75], "size": [34, 0, 35], "pivot": [0, 18.75, -0.75], "rotation": [17.5, 0, 0], "uv": [-35, 93]}
					]
				},
				{
					"name": "neck2",
					"parent": "neck",
					"pivot": [0, 17, -0.25],
					"cubes": [
						{"origin": [-3, 16, -3], "size": [6, 7, 6], "uv": [36, 19]}
					]
				},
				{
					"name": "neck3",
					"parent": "neck2",
					"pivot": [0, 22, 0],
					"cubes": [
						{"origin": [-2.5, 22, -2.5], "size": [5, 6, 5], "uv": [16, 18]},
						{"origin": [0.5, 21.39329, -15.81031], "size": [5, 0, 8], "pivot": [4.5, 21.39329, -5.31031], "rotation": [65.08651, 41.20635, 18.37054], "uv": [80, 117]},
						{"origin": [-4.5, 21.39329, -19.81031], "size": [7, 0, 4], "pivot": [-4.5, 21.39329, -5.31031], "rotation": [65.08651, -41.20635, -18.37054], "uv": [66, 100], "mirror": true},
						{"origin": [-5.5, 21.39329, -15.81031], "size": [5, 0, 8], "pivot": [-4.5, 21.39329, -5.31031], "rotation": [65.08651, -41.20635, -18.37054], "uv": [65, 119], "mirror": true},
						{"origin": [-2.5, 21.39329, -19.81031], "size": [7, 0, 4], "pivot": [4.5, 21.39329, -5.31031], "rotation": [65.08651, 41.20635, 18.37054], "uv": [66, 106]}
					]
				},
				{
					"name": "bone",
					"parent": "neck3",
					"pivot": [0, 10.11189, -7.24625],
					"rotation": [-25, 0, 0],
					"cubes": [
						{"origin": [-0.5, 19.80266, -9.91014], "size": [1, 1, 0], "uv": [63, 90]},
						{"origin": [2.53712, 15.46864, -9.87014], "size": [1, 4, 0], "pivot": [0, 10, -6.25], "rotation": [0, 0, -15], "uv": [64, 83]},
						{"origin": [0.25, 18.30266, -9.88014], "size": [2, 2, 0], "uv": [70, 96]},
						{"origin": [0.75, 19.80266, -9.89014], "size": [2, 2, 0], "uv": [75, 96]},
						{"origin": [-1, 20.80266, -9.90014], "size": [2, 2, 0], "uv": [70, 92]},
						{"origin": [-2.75, 19.80266, -9.89014], "size": [2, 2, 0], "uv": [69, 88], "mirror": true},
						{"origin": [-2.25, 18.30266, -9.88014], "size": [2, 2, 0], "uv": [76, 92], "mirror": true},
						{"origin": [-3.53712, 15.46864, -9.87014], "size": [1, 4, 0], "pivot": [0, 10, -6.25], "rotation": [0, 0, 15], "uv": [86, 107], "mirror": true}
					]
				},
				{
					"name": "neck4",
					"parent": "neck3",
					"pivot": [0, 27, 0],
					"cubes": [
						{"origin": [-2, 27, -2], "size": [4, 5, 4], "inflate": 0.01, "uv": [60, 38]}
					]
				},
				{
					"name": "neck5",
					"parent": "neck4",
					"pivot": [0, 31, 0],
					"cubes": [
						{"origin": [-2, 31, -2], "size": [4, 6, 4], "uv": [0, 20]}
					]
				},
				{
					"name": "head",
					"parent": "neck5",
					"pivot": [0, 36.75, -1]
				},
				{
					"name": "head_correction",
					"parent": "head",
					"pivot": [0, 36.75, -1]
				},
				{
					"name": "head_ai",
					"parent": "head_correction",
					"pivot": [0, 36.75, -1]
				},
				{
					"name": "head_angle",
					"parent": "head_ai",
					"pivot": [0, 36.75, -1],
					"cubes": [
						{"origin": [-3, 34.5, -4.75], "size": [6, 6, 7], "uv": [0, 0]},
						{"origin": [-0.28806, 40.75, -4.80866], "size": [3, 0, 3], "pivot": [1.21194, 40.75, -3.30866], "rotation": [5, -17.5, 0], "uv": [65, 75]},
						{"origin": [-2.71194, 40.75, -4.80866], "size": [3, 0, 3], "pivot": [-1.21194, 40.75, -3.30866], "rotation": [5, 17.5, 0], "uv": [65, 81], "mirror": true},
						{"origin": [-2.71194, 40.75, -4.80866], "size": [3, 0, 3], "pivot": [-1.21194, 40.75, -3.30866], "rotation": [5, 17.5, 0], "uv": [65, 81], "mirror": true},
						{"origin": [6.92371, 32.1601, -3.18217], "size": [0, 3, 1], "pivot": [6.92371, 39.1601, -1.68217], "rotation": [6.36894, 37.09699, 2.39658], "uv": [19, 73], "mirror": true},
						{"origin": [6.92371, 31.1601, -1.18217], "size": [0, 4, 1], "pivot": [6.92371, 39.1601, -1.68217], "rotation": [6.36894, 37.09699, 2.39658], "uv": [23, 73], "mirror": true},
						{"origin": [7.17371, 35.1601, -2.93217], "size": [0, 2, 3], "pivot": [7.17371, 39.1601, -1.43217], "rotation": [6.36894, 37.09699, 2.39658], "uv": [0, 76], "mirror": true},
						{"origin": [7.42371, 32.4101, -0.68217], "size": [0, 3, 1], "pivot": [7.42371, 39.4101, -1.18217], "rotation": [6.36894, 37.09699, 2.39658], "uv": [9, 79], "mirror": true},
						{"origin": [8, 35.26072, -1.0798], "size": [0, 1, 1], "pivot": [8.86579, 35.76072, -0.5798], "rotation": [6.36894, 37.09699, 2.39658], "uv": [14, 78], "mirror": true},
						{"origin": [6.97531, 34.85845, -2.1199], "size": [0, 1, 1], "pivot": [6.97531, 35.35845, -1.6199], "rotation": [6.36894, 37.09699, 2.39658], "uv": [19, 79], "mirror": true},
						{"origin": [8, 35.26072, -4.0798], "size": [0, 1, 1], "pivot": [8.86579, 35.76072, -0.5798], "rotation": [6.36894, 37.09699, 2.39658], "uv": [2, 83], "mirror": true},
						{"origin": [6.92371, 31.1601, -2.18217], "size": [0, 4, 1], "pivot": [6.92371, 39.1601, -1.68217], "rotation": [6.36894, 37.09699, 2.39658], "uv": [2, 86], "mirror": true},
						{"origin": [7.17371, 37.1601, -1.93217], "size": [0, 2, 1], "pivot": [7.17371, 39.1601, -1.43217], "rotation": [6.36894, 37.09699, 2.39658], "uv": [9, 85], "mirror": true},
						{"origin": [5, 37.5, -3.75], "size": [0, 2, 5], "pivot": [5, 40, -4.25], "rotation": [23.86894, 37.09699, 2.39658], "uv": [5, 85], "mirror": true},
						{"origin": [5, 39.5, -4.75], "size": [0, 1, 7], "pivot": [5, 40, -4.25], "rotation": [23.86894, 37.09699, 2.39658], "uv": [16, 84], "mirror": true},
						{"origin": [-5, 40.5, -2.75], "size": [0, 3, 3], "pivot": [-5, 40, -4.25], "rotation": [23.86894, -37.09699, -2.39658], "uv": [14, 82]},
						{"origin": [-5.82888, 40.41966, -4.41554], "size": [1, 1, 1], "pivot": [-5.32888, 40.91966, -3.91554], "rotation": [56.36894, -37.09699, -2.39658], "uv": [22, 84]},
						{"origin": [-6.21287, 41.94451, -3.63381], "size": [0, 4, 2], "pivot": [-6.21287, 42.44451, -2.63381], "rotation": [1.36894, -37.09699, -2.39658], "uv": [27, 73]},
						{"origin": [-7.46287, 41.94451, -1.88381], "size": [0, 3, 2], "pivot": [-7.46287, 42.44451, -0.88381], "rotation": [1.36894, -37.09699, -2.39658], "uv": [26, 79]},
						{"origin": [-5, 40.75, -2], "size": [0, 2, 2], "pivot": [-5, 39.25, -4.5], "rotation": [23.86894, -37.09699, -2.39658], "uv": [33, 69]},
						{"origin": [-5.37278, 40.78837, -4.7808], "size": [0, 3, 2], "pivot": [-5.37278, 41.03837, -3.7808], "rotation": [38.86894, -37.09699, -2.39658], "uv": [41, 68]},
						{"origin": [-6.97531, 34.85845, -2.1199], "size": [0, 1, 1], "pivot": [-6.97531, 35.35845, -1.6199], "rotation": [6.36894, -37.09699, -2.39658], "uv": [34, 74]},
						{"origin": [-8, 35.26072, -4.0798], "size": [0, 1, 1], "pivot": [-8.86579, 35.76072, -0.5798], "rotation": [6.36894, -37.09699, -2.39658], "uv": [46, 67]},
						{"origin": [-8, 35, -2.0798], "size": [0, 1, 1], "pivot": [-8.86579, 35.76072, -0.5798], "rotation": [6.36894, -37.09699, -2.39658], "uv": [13, 82]},
						{"origin": [-8, 35.26072, -1.0798], "size": [0, 1, 1], "pivot": [-8.86579, 35.76072, -0.5798], "rotation": [6.36894, -37.09699, -2.39658], "uv": [18, 82]},
						{"origin": [-6.92371, 31.1601, -1.18217], "size": [0, 4, 1], "pivot": [-6.92371, 39.1601, -1.68217], "rotation": [6.36894, -37.09699, -2.39658], "uv": [33, 77]},
						{"origin": [-6.92371, 31.1601, -2.18217], "size": [0, 4, 1], "pivot": [-6.92371, 39.1601, -1.68217], "rotation": [6.36894, -37.09699, -2.39658], "uv": [38, 75]},
						{"origin": [-6.92371, 32.1601, -3.18217], "size": [0, 3, 1], "pivot": [-6.92371, 39.1601, -1.68217], "rotation": [6.36894, -37.09699, -2.39658], "uv": [28, 85]},
						{"origin": [-7.42371, 32.4101, -0.68217], "size": [0, 3, 1], "pivot": [-7.42371, 39.4101, -1.18217], "rotation": [6.36894, -37.09699, -2.39658], "uv": [31, 85]},
						{"origin": [-7.17371, 35.1601, -2.93217], "size": [0, 2, 3], "pivot": [-7.17371, 39.1601, -1.43217], "rotation": [6.36894, -37.09699, -2.39658], "uv": [35, 87]},
						{"origin": [-7.17371, 37.1601, -1.93217], "size": [0, 2, 1], "pivot": [-7.17371, 39.1601, -1.43217], "rotation": [6.36894, -37.09699, -2.39658], "uv": [35, 83]},
						{"origin": [-5, 37.5, -3.75], "size": [0, 2, 5], "pivot": [-5, 40, -4.25], "rotation": [23.86894, -37.09699, -2.39658], "uv": [38, 81]},
						{"origin": [-5, 39.5, -4.75], "size": [0, 1, 7], "pivot": [-5, 40, -4.25], "rotation": [23.86894, -37.09699, -2.39658], "uv": [39, 76]},
						{"origin": [5.25398, 41.69367, -4.6624], "size": [0, 4, 2], "pivot": [5.25398, 43.69367, -3.6624], "rotation": [28.86894, 37.09699, 2.39658], "uv": [42, 75], "mirror": true},
						{"origin": [6.21287, 41.94451, -3.63381], "size": [0, 4, 2], "pivot": [6.21287, 42.44451, -2.63381], "rotation": [1.36894, 37.09699, 2.39658], "uv": [47, 75], "mirror": true},
						{"origin": [7.46287, 41.94451, -1.88381], "size": [0, 3, 2], "pivot": [7.46287, 42.44451, -0.88381], "rotation": [1.36894, 37.09699, 2.39658], "uv": [49, 85], "mirror": true},
						{"origin": [5.37278, 40.78837, -4.7808], "size": [0, 3, 2], "pivot": [5.37278, 41.03837, -3.7808], "rotation": [38.86894, 37.09699, 2.39658], "uv": [48, 69], "mirror": true},
						{"origin": [5, 40.75, -2], "size": [0, 2, 2], "pivot": [5, 39.25, -4.5], "rotation": [23.86894, 37.09699, 2.39658], "uv": [57, 86], "mirror": true},
						{"origin": [4.82888, 40.41966, -4.41554], "size": [1, 1, 1], "pivot": [5.32888, 40.91966, -3.91554], "rotation": [56.36894, 37.09699, 2.39658], "uv": [57, 83], "mirror": true},
						{"origin": [5, 40.5, -2.75], "size": [0, 3, 3], "pivot": [5, 40, -4.25], "rotation": [23.86894, 37.09699, 2.39658], "uv": [54, 75], "mirror": true},
						{"origin": [8, 35, -2.0798], "size": [0, 1, 1], "pivot": [8.86579, 35.76072, -0.5798], "rotation": [6.36894, 37.09699, 2.39658], "uv": [55, 73], "mirror": true},
						{"origin": [-2, 34.5, -6.75], "size": [4, 4, 2], "uv": [26, 6]}
					]
				},
				{
					"name": "crown",
					"parent": "head_angle",
					"pivot": [0, 41.75, -3.82143],
					"rotation": [-22.5, 0, 0],
					"cubes": [
						{"origin": [0.12941, 39.73296, -4.31], "size": [4, 1, 0], "pivot": [2.12941, 40.23296, -4.24], "rotation": [0, -7.5, -17.5], "uv": [42, 62]},
						{"origin": [4.0783, 39.59473, -4.24], "size": [1, 1, 1], "pivot": [4.5783, 40.09473, -3.74], "rotation": [0, 0, 37.5], "uv": [76, 39]},
						{"origin": [1.0783, 40.09473, -4.49], "size": [1, 1, 1], "pivot": [1.5783, 40.59473, -3.99], "rotation": [0, 0, 32.5], "uv": [26, 70]},
						{"origin": [1.5783, 42.09473, -4.49], "size": [1, 1, 1], "pivot": [2.0783, 42.59473, -3.99], "rotation": [0, 0, 32.5], "uv": [42, 59]},
						{"origin": [2.5783, 39.84473, -4.24], "size": [1, 1, 1], "pivot": [3.0783, 40.34473, -3.74], "rotation": [0, 0, 22.5], "uv": [41, 65]},
						{"origin": [-2, 40.25, -3.75], "size": [4, 7, 0], "uv": [1, 65]},
						{"origin": [-0.5, 38.25, -4.6], "size": [1, 2, 0], "uv": [25, 31]},
						{"origin": [2, 39.75, -3.76], "size": [3, 4, 0], "pivot": [3.5, 42.25, -3.77], "rotation": [0, 0, 15], "uv": [2, 74]},
						{"origin": [-1.5, 40.75, -3.77], "size": [3, 6, 0], "uv": [11, 65]},
						{"origin": [-5, 39.75, -3.76], "size": [3, 4, 0], "pivot": [-3.5, 42.25, -3.77], "rotation": [0, 0, -15], "uv": [10, 74], "mirror": true},
						{"origin": [-3.5783, 39.84473, -4.24], "size": [1, 1, 1], "pivot": [-3.0783, 40.34473, -3.74], "rotation": [0, 0, -22.5], "uv": [33, 36], "mirror": true},
						{"origin": [-5, 40.25, -3.74], "size": [4, 4, 0], "pivot": [-3, 40.25, -3.25], "rotation": [0, 0, -15], "uv": [19, 65], "mirror": true},
						{"origin": [-4.12941, 39.73296, -4.31], "size": [4, 1, 0], "pivot": [-2.12941, 40.23296, -4.24], "rotation": [0, 7.5, 17.5], "uv": [29, 68], "mirror": true},
						{"origin": [-5.0783, 39.59473, -4.24], "size": [1, 1, 1], "pivot": [-4.5783, 40.09473, -3.74], "rotation": [0, 0, -37.5], "uv": [30, 32], "mirror": true},
						{"origin": [-2.5783, 42.09473, -4.49], "size": [1, 1, 1], "pivot": [-2.0783, 42.59473, -3.99], "rotation": [0, 0, -32.5], "uv": [47, 56], "mirror": true},
						{"origin": [-2.0783, 40.09473, -4.49], "size": [1, 1, 1], "pivot": [-1.5783, 40.59473, -3.99], "rotation": [0, 0, -32.5], "uv": [19, 70], "mirror": true},
						{"origin": [1, 40.25, -3.74], "size": [4, 4, 0], "pivot": [3, 40.25, -3.25], "rotation": [0, 0, 15], "uv": [19, 65]},
						{"origin": [-0.75, 45.34473, -4.49], "size": [1, 1, 1], "pivot": [0.1717, 45.84473, -3.99], "rotation": [0, 0, -45], "uv": [25, 35], "mirror": true}
					]
				},
				{
					"name": "head_spike",
					"parent": "head_angle",
					"pivot": [0, 40.5, -0.75],
					"rotation": [45, 0, 0],
					"cubes": [
						{"origin": [-1.5, 37.5, -1.25], "size": [3, 3, 4], "uv": [0, 13]},
						{"origin": [-1, 38, 2.75], "size": [2, 2, 3], "uv": [14, 13]},
						{"origin": [-0.5, 38.5, 5.75], "size": [1, 1, 2], "uv": [21, 13]}
					]
				},
				{
					"name": "eyes",
					"parent": "head_angle",
					"pivot": [0, 38.75, -3.25],
					"rotation": [5, 0, 0]
				},
				{
					"name": "eye_left",
					"parent": "eyes",
					"pivot": [3.01, 38, -2.75],
					"cubes": [
						{"origin": [3.01, 36.5, -4.25], "size": [0, 3, 3], "uv": [1, -2]}
					]
				},
				{
					"name": "eye_angry_left",
					"parent": "eye_left",
					"pivot": [2.92, 38.5, -3.25],
					"cubes": [
						{"origin": [2.92, 38.25, -4.25], "size": [0, 1, 2], "inflate": 0.01, "uv": [23, 4]},
						{"origin": [2.92, 38.6, -2.25], "size": [0, 1, 1], "inflate": 0.01, "uv": [31, 2]}
					]
				},
				{
					"name": "eye_sad_left",
					"parent": "eye_left",
					"pivot": [2.92, 39, -1.75],
					"cubes": [
						{"origin": [2.92, 38.5, -2.75], "size": [0, 1, 2], "inflate": 0.01, "uv": [31, 3]}
					]
				},
				{
					"name": "pupil_left",
					"parent": "eye_left",
					"pivot": [3.02, 38, -2.75],
					"cubes": [
						{"origin": [3.02, 37, -3.75], "size": [0, 2, 2], "uv": [19, 1]}
					]
				},
				{
					"name": "eyelid_left",
					"parent": "eye_left",
					"pivot": [2.42, 38, -2.75],
					"cubes": [
						{"origin": [1.92, 36.5, -4.25], "size": [1, 3, 3], "inflate": 0.01, "uv": [38, 3]}
					]
				},
				{
					"name": "eyelid_happy_left",
					"parent": "eye_left",
					"pivot": [2.42, 38, -2.75],
					"cubes": [
						{"origin": [1.92, 36.25, -4.25], "size": [1, 3, 3], "inflate": 0.01, "uv": [54, 19]}
					]
				},
				{
					"name": "eyelid_recoil_left",
					"parent": "eye_left",
					"pivot": [2.42, 38, -2.75],
					"cubes": [
						{"origin": [1.92, 36.25, -4.25], "size": [1, 3, 3], "inflate": 0.01, "uv": [33, 16]}
					]
				},
				{
					"name": "eye_right",
					"parent": "eyes",
					"pivot": [-3.01, 38, -2.75],
					"cubes": [
						{"origin": [-3.01, 36.5, -4.25], "size": [0, 3, 3], "uv": [1, 1], "mirror": true}
					]
				},
				{
					"name": "eye_angry_right",
					"parent": "eye_right",
					"pivot": [-2.92, 38.5, -3.25],
					"cubes": [
						{"origin": [-2.92, 38.25, -4.25], "size": [0, 1, 2], "inflate": 0.01, "uv": [31, 2], "mirror": true},
						{"origin": [-2.92, 38.6, -2.25], "size": [0, 1, 1], "inflate": 0.01, "uv": [33, 2], "mirror": true}
					]
				},
				{
					"name": "eye_sad_right",
					"parent": "eye_right",
					"pivot": [-2.92, 39, -1.75],
					"cubes": [
						{"origin": [-2.92, 38.5, -2.75], "size": [0, 1, 2], "inflate": 0.01, "uv": [35, 1], "mirror": true}
					]
				},
				{
					"name": "pupil_right",
					"parent": "eye_right",
					"pivot": [-3.02, 38, -2.75],
					"cubes": [
						{"origin": [-3.02, 37, -3.75], "size": [0, 2, 2], "uv": [19, 3], "mirror": true}
					]
				},
				{
					"name": "eyelid_right",
					"parent": "eye_right",
					"pivot": [-2.42, 38, -2.75],
					"cubes": [
						{"origin": [-2.92, 36.5, -4.25], "size": [1, 3, 3], "inflate": 0.01, "uv": [27, 12], "mirror": true}
					]
				},
				{
					"name": "eyelid_happy_right",
					"parent": "eye_right",
					"pivot": [-2.42, 38, -2.75],
					"cubes": [
						{"origin": [-2.92, 36.25, -4.25], "size": [1, 3, 3], "inflate": 0.01, "uv": [0, 32], "mirror": true}
					]
				},
				{
					"name": "eyelid_recoil_right",
					"parent": "eye_right",
					"pivot": [-2.42, 38, -2.75],
					"cubes": [
						{"origin": [-2.92, 36.25, -4.25], "size": [1, 3, 3], "inflate": 0.01, "uv": [118, 4], "mirror": true}
					]
				},
				{
					"name": "mouth",
					"parent": "head_angle",
					"pivot": [0, 34.5, -4.75]
				},
				{
					"name": "mouth_closed",
					"parent": "mouth",
					"pivot": [0, 34.49, -4.75],
					"cubes": [
						{"origin": [-1.5, 34.49, -5.25], "size": [3, 0, 1], "uv": [31, 12]}
					]
				},
				{
					"name": "mouth_open",
					"parent": "mouth",
					"pivot": [0, 34.59, -4.75],
					"cubes": [
						{"origin": [-1.5, 34.59, -5.75], "size": [3, 0, 2], "uv": [13, 19]}
					]
				},
				{
					"name": "mouth_happy",
					"parent": "mouth",
					"pivot": [0, 34.59, -4.75],
					"cubes": [
						{"origin": [-1.5, 34.59, -5.75], "size": [3, 0, 1], "uv": [14, 18]},
						{"origin": [-1, 34.59, -4.75], "size": [2, 0, 1], "uv": [31, 13]}
					]
				},
				{
					"name": "mouth_sad",
					"parent": "mouth",
					"pivot": [0, 34.59, -4.75],
					"cubes": [
						{"origin": [-1.5, 34.59, -5], "size": [3, 0, 1], "inflate": 0.01, "uv": [10, 15]},
						{"origin": [-1, 34.59, -5.5], "size": [2, 0, 1], "uv": [9, 16]}
					]
				},
				{
					"name": "eyelashes",
					"parent": "head_angle",
					"pivot": [0, 39.5, -4.5],
					"rotation": [10, 0, 0]
				},
				{
					"name": "eyelash_left",
					"parent": "eyelashes",
					"pivot": [3, 38.75, -4.5],
					"rotation": [0, 2.5, 0],
					"cubes": [
						{"origin": [3.01, 38.75, -4.5], "size": [0, 1, 4], "inflate": 0.01, "uv": [19, -4]}
					]
				},
				{
					"name": "eyelash_left2",
					"parent": "eyelash_left",
					"pivot": [3, 39.75, -0.5],
					"cubes": [
						{"origin": [3.01, 38.75, -0.5], "size": [0, 1, 4], "inflate": 0.005, "uv": [19, -3]}
					]
				},
				{
					"name": "eyelash_left3",
					"parent": "eyelash_left2",
					"pivot": [3, 38.75, 3.5],
					"cubes": [
						{"origin": [3.01, 38.75, 3.5], "size": [0, 1, 4], "uv": [19, -2]}
					]
				},
				{
					"name": "eyelash_left4",
					"parent": "eyelash_left3",
					"pivot": [3, 38.75, 7.5],
					"cubes": [
						{"origin": [3.01, 38.75, 7.5], "size": [0, 1, 4], "uv": [23, -1]}
					]
				},
				{
					"name": "eyelash_left5",
					"parent": "eyelash_left4",
					"pivot": [3, 38.75, 11.5],
					"cubes": [
						{"origin": [3.01, 38.75, 11.5], "size": [0, 1, 4], "uv": [23, 0]}
					]
				},
				{
					"name": "eyelash_left6",
					"parent": "eyelash_left5",
					"pivot": [3, 38.75, 15.5],
					"cubes": [
						{"origin": [3.01, 38.75, 15.5], "size": [0, 1, 4], "uv": [23, 1]}
					]
				},
				{
					"name": "eyelash_right",
					"parent": "eyelashes",
					"pivot": [-3, 38.75, -4.5],
					"rotation": [0, -2.5, 0],
					"cubes": [
						{"origin": [-3.01, 38.75, -4.5], "size": [0, 1, 4], "inflate": 0.01, "uv": [27, -4], "mirror": true}
					]
				},
				{
					"name": "eyelash_right2",
					"parent": "eyelash_right",
					"pivot": [-3, 39.75, -0.5],
					"cubes": [
						{"origin": [-3.01, 38.75, -0.5], "size": [0, 1, 4], "inflate": 0.005, "uv": [27, -3], "mirror": true}
					]
				},
				{
					"name": "eyelash_right3",
					"parent": "eyelash_right2",
					"pivot": [-3, 38.75, 3.5],
					"cubes": [
						{"origin": [-3.01, 38.75, 3.5], "size": [0, 1, 4], "uv": [27, -2], "mirror": true}
					]
				},
				{
					"name": "eyelash_right4",
					"parent": "eyelash_right3",
					"pivot": [-3, 38.75, 7.5],
					"cubes": [
						{"origin": [-3.01, 38.75, 7.5], "size": [0, 1, 4], "uv": [35, -4], "mirror": true}
					]
				},
				{
					"name": "eyelash_right5",
					"parent": "eyelash_right4",
					"pivot": [-3, 38.75, 11.5],
					"cubes": [
						{"origin": [-3.01, 38.75, 11.5], "size": [0, 1, 4], "uv": [35, -3], "mirror": true}
					]
				},
				{
					"name": "eyelash_right6",
					"parent": "eyelash_right5",
					"pivot": [-3, 38.75, 15.5],
					"cubes": [
						{"origin": [-3.01, 38.75, 15.5], "size": [0, 1, 4], "uv": [35, -2], "mirror": true}
					]
				},
				{
					"name": "hair",
					"parent": "head_angle",
					"pivot": [0, 39.5, 0.25]
				},
				{
					"name": "hair_left1",
					"parent": "hair",
					"pivot": [3, 40, 0.75],
					"cubes": [
						{"origin": [3, 40, -0.75], "size": [4, 0, 3], "uv": [52, 3]}
					]
				},
				{
					"name": "hair_left2",
					"parent": "hair_left1",
					"pivot": [7, 40, 0.75],
					"cubes": [
						{"origin": [7, 40, -1.25], "size": [5, 0, 4], "uv": [66, 12]}
					]
				},
				{
					"name": "hair_left3",
					"parent": "hair_left2",
					"pivot": [12, 40, 0.75],
					"cubes": [
						{"origin": [12, 40, -1.75], "size": [5, 0, 5], "uv": [33, 14]}
					]
				},
				{
					"name": "hair_left4",
					"parent": "hair_left3",
					"pivot": [17, 40, 0.75],
					"cubes": [
						{"origin": [17, 40, -2.25], "size": [6, 0, 6], "uv": [42, 6]}
					]
				},
				{
					"name": "hair_left5",
					"parent": "hair_left4",
					"pivot": [23, 40, 0.75],
					"cubes": [
						{"origin": [23, 40, -2.75], "size": [4, 0, 7], "uv": [42, 12]}
					]
				},
				{
					"name": "hair_left6",
					"parent": "hair_left5",
					"pivot": [27, 40, 0.75],
					"cubes": [
						{"origin": [27, 40, -3.25], "size": [4, 0, 8], "uv": [53, 13]}
					]
				},
				{
					"name": "hair_left7",
					"parent": "hair_left6",
					"pivot": [31, 40, 0.75],
					"cubes": [
						{"origin": [31, 40, -3.75], "size": [4, 0, 9], "uv": [79, 1]}
					]
				},
				{
					"name": "hair_right1",
					"parent": "hair",
					"pivot": [-3, 40, 0.75],
					"cubes": [
						{"origin": [-7, 40, -0.75], "size": [4, 0, 3], "uv": [52, 0], "mirror": true}
					]
				},
				{
					"name": "hair_right2",
					"parent": "hair_right1",
					"pivot": [-7, 40, 0.75],
					"cubes": [
						{"origin": [-12, 40, -1.25], "size": [5, 0, 4], "uv": [66, 8], "mirror": true}
					]
				},
				{
					"name": "hair_right3",
					"parent": "hair_right2",
					"pivot": [-12, 40, 0.75],
					"cubes": [
						{"origin": [-17, 40, -1.75], "size": [5, 0, 5], "uv": [33, 9], "mirror": true}
					]
				},
				{
					"name": "hair_right4",
					"parent": "hair_right3",
					"pivot": [-17, 40, 0.75],
					"cubes": [
						{"origin": [-23, 40, -2.25], "size": [6, 0, 6], "uv": [37, 0], "mirror": true}
					]
				},
				{
					"name": "hair_right5",
					"parent": "hair_right4",
					"pivot": [-23, 40, 0.75],
					"cubes": [
						{"origin": [-27, 40, -2.75], "size": [4, 0, 7], "uv": [57, 0], "mirror": true}
					]
				},
				{
					"name": "hair_right6",
					"parent": "hair_right5",
					"pivot": [-27, 40, 0.75],
					"cubes": [
						{"origin": [-31, 40, -3.25], "size": [4, 0, 8], "uv": [68, 0], "mirror": true}
					]
				},
				{
					"name": "hair_right7",
					"parent": "hair_right6",
					"pivot": [-31, 40, 0.75],
					"cubes": [
						{"origin": [-35, 40, -3.75], "size": [4, 0, 9], "uv": [71, 8], "mirror": true}
					]
				},
				{
					"name": "torso",
					"parent": "body",
					"pivot": [0, 12, -0.5],
					"cubes": [
						{"origin": [-5, 0, -5.5], "size": [10, 12, 10], "uv": [88, 0]}
					]
				},
				{
					"name": "tail1",
					"parent": "torso",
					"pivot": [0, 1, -0.5],
					"cubes": [
						{"origin": [-4.5, -10, -5], "size": [9, 12, 9], "uv": [61, 17]}
					]
				},
				{
					"name": "tail2",
					"parent": "tail1",
					"pivot": [0, -9, -0.5],
					"cubes": [
						{"origin": [-4, -19, -4.5], "size": [8, 11, 8], "uv": [0, 30]}
					]
				},
				{
					"name": "tail3",
					"parent": "tail2",
					"pivot": [0, -18, -0.5],
					"cubes": [
						{"origin": [-3.5, -30, -4], "size": [7, 13, 7], "uv": [32, 32]}
					]
				},
				{
					"name": "tail4",
					"parent": "tail3",
					"pivot": [0, -29, -0.5],
					"cubes": [
						{"origin": [-3, -40, -3.5], "size": [6, 12, 6], "uv": [96, 39]}
					]
				},
				{
					"name": "tail5",
					"parent": "tail4",
					"pivot": [0, -39, -0.5],
					"cubes": [
						{"origin": [-2.5, -49, -3], "size": [5, 11, 5], "uv": [97, 22]}
					]
				},
				{
					"name": "tail6",
					"parent": "tail5",
					"pivot": [0, -48, -0.25],
					"cubes": [
						{"origin": [-2, -56, -2.5], "size": [4, 9, 4], "uv": [80, 38]}
					]
				},
				{
					"name": "tail7",
					"parent": "tail6",
					"pivot": [0, -55, -0.5],
					"cubes": [
						{"origin": [-1.5, -62, -1.95], "size": [3, 7, 3], "uv": [114, 35]}
					]
				},
				{
					"name": "tail8",
					"parent": "tail7",
					"pivot": [0, -61, -0.5],
					"cubes": [
						{"origin": [-1, -69, -1.5], "size": [2, 8, 2], "uv": [117, 22]}
					]
				},
				{
					"name": "tail_fins",
					"parent": "tail8",
					"pivot": [0, -69, -0.5]
				},
				{
					"name": "tail_fin",
					"parent": "tail_fins",
					"pivot": [-0.2, -69, -1],
					"rotation": [-42.5, 0, 0],
					"cubes": [
						{"origin": [-0.2, -83, -3.5], "size": [0, 14, 5], "uv": [0, 44]}
					]
				},
				{
					"name": "tail_fin2",
					"parent": "tail_fins",
					"pivot": [-0.1, -69, -0.5],
					"rotation": [-14, 0, 0],
					"cubes": [
						{"origin": [-0.1, -83, -3], "size": [0, 14, 5], "uv": [10, 44]}
					]
				},
				{
					"name": "tail_fin3",
					"parent": "tail_fins",
					"pivot": [0.1, -69, -0.5],
					"rotation": [14, 0, 0],
					"cubes": [
						{"origin": [0.1, -83, -3], "size": [0, 14, 5], "uv": [20, 44]}
					]
				},
				{
					"name": "tail_fin4",
					"parent": "tail_fins",
					"pivot": [0.2, -69, 0],
					"rotation": [42.5, 0, 0],
					"cubes": [
						{"origin": [0.2, -83, -2.5], "size": [0, 14, 5], "uv": [30, 47]}
					]
				}
			]
		}
	]
}