{
	"format_version": "1.12.0",
	"minecraft:geometry": [
		{
			"description": {
				"identifier": "geometry.unknown",
				"texture_width": 64,
				"texture_height": 64,
				"visible_bounds_width": 3,
				"visible_bounds_height": 2.5,
				"visible_bounds_offset": [0, 0.75, 0]
			},
			"bones": [
				{
					"name": "spheal",
					"pivot": [0, 0, 0]
				},
				{
					"name": "body",
					"parent": "spheal",
					"pivot": [0, 6.5, 0]
				},
				{
					"name": "torso",
					"parent": "body",
					"pivot": [0, 8, 1],
					"cubes": [
						{"origin": [-7, 0, -7], "size": [14, 14, 14], "uv": [0, 0]}
					]
				},
				{
					"name": "ear_left",
					"parent": "torso",
					"pivot": [5, 14, -5],
					"rotation": [12.5, 0, 15],
					"cubes": [
						{"origin": [3.5, 13, -6], "size": [3, 3, 2], "uv": [0, 5]}
					]
				},
				{
					"name": "ear_right",
					"parent": "torso",
					"pivot": [-5, 14, -5],
					"rotation": [12.5, 0, -15],
					"cubes": [
						{"origin": [-6.5, 13, -6], "size": [3, 3, 2], "uv": [0, 0]}
					]
				},
				{
					"name": "tail",
					"parent": "torso",
					"pivot": [0, 1.5, 7],
					"rotation": [17.5, 0, 0]
				},
				{
					"name": "tail2",
					"parent": "tail",
					"pivot": [0, 1.5, 7],
					"cubes": [
						{"origin": [-2.5, 1.55, 6], "size": [5, 0, 10], "uv": [20, 28]},
						{"origin": [-2, 1.55, 7], "size": [4, 0, 2], "inflate": 0.005, "uv": [0, 10]}
					]
				},
				{
					"name": "tail_left",
					"parent": "tail",
					"pivot": [1.4, 1.5, 7],
					"rotation": [0, 27.5, 0],
					"cubes": [
						{"origin": [-1.1, 1.5, 5.6], "size": [5, 0, 10], "uv": [10, 28]}
					]
				},
				{
					"name": "tail_right",
					"parent": "tail",
					"pivot": [-1.4, 1.5, 7],
					"rotation": [0, -27.5, 0],
					"cubes": [
						{"origin": [-3.9, 1.5, 5.6], "size": [5, 0, 10], "uv": [0, 28]}
					]
				},
				{
					"name": "flipper_left",
					"parent": "torso",
					"pivot": [6, 2, -5.5],
					"cubes": [
						{"origin": [5, 1, -7], "size": [5, 2, 3], "inflate": 0.005, "uv": [41, 40]}
					]
				},
				{
					"name": "flipper_right",
					"parent": "torso",
					"pivot": [-6, 2, -5.5],
					"cubes": [
						{"origin": [-10, 1, -7], "size": [5, 2, 3], "inflate": 0.005, "uv": [40, 31]}
					]
				},
				{
					"name": "face",
					"parent": "torso",
					"pivot": [0, -1, 1]
				},
				{
					"name": "open_mouth",
					"parent": "face",
					"pivot": [0.5, 6.7, -7],
					"cubes": [
						{"origin": [-4.5, 3.6, -6.9], "size": [9, 5, 0], "inflate": 0.01, "uv": [24, 38]}
					]
				},
				{
					"name": "snout",
					"parent": "face",
					"pivot": [0, 10.5, -7],
					"cubes": [
						{"origin": [-5.5, 7.71251, -7.7637], "size": [11, 3, 1], "uv": [0, 38]},
						{"origin": [-2, 8.71251, -7.7637], "size": [4, 1, 0], "inflate": 0.005, "uv": [0, 12]},
						{"origin": [2, 6.7, -7.2], "size": [2, 2, 0], "pivot": [3, 7.7, -7.2], "rotation": [0, 0, 45], "uv": [10, 9]},
						{"origin": [-4, 6.7, -7.2], "size": [2, 2, 0], "pivot": [-3, 7.7, -7.2], "rotation": [0, 0, -45], "uv": [10, 7]}
					]
				},
				{
					"name": "eye_left",
					"parent": "face",
					"pivot": [4.5, 10.5, -6],
					"rotation": [0, 0, 2.5],
					"cubes": [
						{"origin": [2.5, 10.5, -7], "size": [2, 2, 0], "inflate": 0.01, "uv": [10, 11]}
					]
				},
				{
					"name": "eyelid_left",
					"parent": "eye_left",
					"pivot": [3.5, 10.5, -6],
					"cubes": [
						{"origin": [2.5, 10.5, -6.91], "size": [2, 2, 0], "inflate": 0.01, "uv": [10, 2]}
					]
				},
				{
					"name": "eye_right",
					"parent": "face",
					"pivot": [-4.5, 10.5, -6],
					"rotation": [0, 0, -2.5],
					"cubes": [
						{"origin": [-4.5, 10.5, -7], "size": [2, 2, 0], "inflate": 0.01, "uv": [8, 5]}
					]
				},
				{
					"name": "eyelid_right",
					"parent": "eye_right",
					"pivot": [-3.5, 10.5, -6],
					"cubes": [
						{"origin": [-4.5, 10.5, -6.91], "size": [2, 2, 0], "inflate": 0.01, "uv": [8, 0]}
					]
				},
				{
					"name": "bb_main",
					"parent": "body",
					"pivot": [0, 0, 0],
					"cubes": [
						{"origin": [-3, 14, -3], "size": [6, 5, 6], "uv": [0, 45]},
						{"origin": [-3, 14, -1], "size": [0, 5, 2], "inflate": 0.01, "uv": [54, 45]},
						{"origin": [-1, 14, -3.1], "size": [2, 5, 0], "uv": [49, 47]},
						{"origin": [-1, 14, 3.15], "size": [2, 5, 0], "uv": [55, 37]},
						{"origin": [-3, 18.25, -3], "size": [6, 2, 6], "inflate": 0.2, "uv": [25, 47]},
						{"origin": [-0.5, 20, -0.25], "size": [1, 1, 1], "pivot": [0, 20.5, 0.25], "rotation": [12.5, 0, 0], "uv": [43, 2]},
						{"origin": [0.25, 20.73815, -1.35822], "size": [2, 0, 3], "pivot": [0.75, 20.73815, 0.14178], "rotation": [9.81594, 2.15393, -9.76758], "uv": [51, 3]},
						{"origin": [-0.25, 20.48815, -3.10822], "size": [1, 0, 3], "pivot": [0.25, 20.48815, 0.39178], "rotation": [-5.07673, -9.96156, 0.88045], "uv": [55, 7]},
						{"origin": [-0.75, 20.48815, -3.10822], "size": [1, 0, 3], "pivot": [-0.25, 20.48815, 0.39178], "rotation": [-5.07673, 9.96156, -0.88045], "uv": [47, 3], "mirror": true},
						{"origin": [-2.25, 20.73815, -1.35822], "size": [2, 0, 3], "pivot": [-0.75, 20.73815, 0.14178], "rotation": [9.81594, -2.15393, 9.76758], "uv": [54, 13], "mirror": true},
						{"origin": [2, 18, -3.25], "size": [3, 3, 0], "pivot": [3.5, 19.5, -3.25], "rotation": [-15, -35, 0], "uv": [50, 7]},
						{"origin": [-1, 4, -8.25], "size": [2, 2, 2], "uv": [43, 9]},
						{"origin": [0.40918, 0.26385, -7.25], "size": [2, 4, 0], "pivot": [1.40918, 2.26385, -7.25], "rotation": [-2.5, 0, -12.5], "uv": [1, 46]},
						{"origin": [0.73615, 3.40918, -7.25], "size": [3, 3, 0], "pivot": [1.73615, 5.40918, -7.25], "rotation": [0, 0, -12.5], "uv": [43, 5]},
						{"origin": [-3.73615, 3.40918, -7.25], "size": [3, 3, 0], "pivot": [-1.73615, 5.40918, -7.25], "rotation": [0, 0, 12.5], "uv": [0, 29], "mirror": true},
						{"origin": [-2.40918, 0.26385, -7.25], "size": [2, 4, 0], "pivot": [-1.40918, 2.26385, -7.25], "rotation": [-2.5, 0, 12.5], "uv": [1, 33], "mirror": true},
						{"origin": [3, 14, -1], "size": [0, 5, 2], "inflate": 0.01, "uv": [44, 45], "mirror": true}
					]
				}
			]
		}
	]
}