{
	"format_version": "1.12.0",
	"minecraft:geometry": [
		{
			"description": {
				"identifier": "geometry.cafe_gardevoir",
				"texture_width": 128,
				"texture_height": 128,
				"visible_bounds_width": 6,
				"visible_bounds_height": 3.5,
				"visible_bounds_offset": [0, 1.25, 0]
			},
			"bones": [
				{
					"name": "gardevoir",
					"pivot": [0, 0, 0]
				},
				{
					"name": "body",
					"parent": "gardevoir",
					"pivot": [0, 0, 0]
				},
				{
					"name": "torso",
					"parent": "body",
					"pivot": [0, 16.5, 0],
					"cubes": [
						{"origin": [-2, 16.5, -1.5], "size": [4, 3, 3], "inflate": 0.01, "uv": [50, 19]}
					]
				},
				{
					"name": "dress",
					"parent": "torso",
					"pivot": [0, 0, 0]
				},
				{
					"name": "skirt_back_left13",
					"parent": "dress",
					"pivot": [0, 19.5, 1.5],
					"rotation": [25, 0, 0],
					"cubes": [
						{"origin": [0, 13.5, 1.5], "size": [4, 6, 0], "uv": [56, 66]}
					]
				},
				{
					"name": "skirt_back_left14",
					"parent": "skirt_back_left13",
					"pivot": [0, 13.5, 1.5],
					"rotation": [12.5, 0, 0],
					"cubes": [
						{"origin": [0, 6.5, 1.5], "size": [5, 7, 0], "inflate": 0.01, "uv": [105, 90]}
					]
				},
				{
					"name": "skirt_back_left15",
					"parent": "skirt_back_left14",
					"pivot": [0, 6.5, 1.5],
					"rotation": [5, 0, -2.5],
					"cubes": [
						{"origin": [0, -1.5, 1.5], "size": [6, 8, 0], "uv": [93, 104]}
					]
				},
				{
					"name": "skirt_back_left16",
					"parent": "skirt_back_left15",
					"pivot": [6, -1.5, 1.5],
					"rotation": [35, 0, 0],
					"cubes": [
						{"origin": [0, -9.5, 1.5], "size": [6, 8, 0], "inflate": 0.01, "uv": [5, 104]}
					]
				},
				{
					"name": "skirt_back_left17",
					"parent": "skirt_back_left16",
					"pivot": [5, -9.5, 1.5],
					"rotation": [-15, 0, 0],
					"cubes": [
						{"origin": [0, -13.5, 1.5], "size": [5, 4, 0], "uv": [24, 105]}
					]
				},
				{
					"name": "skirt_back_right13",
					"parent": "dress",
					"pivot": [-1, 19.5, 1.5],
					"rotation": [25, 0, 0],
					"cubes": [
						{"origin": [-4, 13.5, 1.5], "size": [4, 6, 0], "uv": [25, 67], "mirror": true}
					]
				},
				{
					"name": "skirt_back_right14",
					"parent": "skirt_back_right13",
					"pivot": [-1, 13.5, 1.5],
					"rotation": [12.5, 0, 0],
					"cubes": [
						{"origin": [-5, 6.5, 1.5], "size": [5, 7, 0], "inflate": 0.01, "uv": [40, 67], "mirror": true}
					]
				},
				{
					"name": "skirt_back_right15",
					"parent": "skirt_back_right14",
					"pivot": [-1, 6.5, 1.5],
					"rotation": [5, 0, 2.5],
					"cubes": [
						{"origin": [-6, -1.5, 1.5], "size": [6, 8, 0], "uv": [74, 103], "mirror": true}
					]
				},
				{
					"name": "skirt_back_right16",
					"parent": "skirt_back_right15",
					"pivot": [-7, -1.5, 1.5],
					"rotation": [32.5, 0, 0],
					"cubes": [
						{"origin": [-6, -9.5, 1.5], "size": [6, 8, 0], "inflate": 0.01, "uv": [39, 105], "mirror": true}
					]
				},
				{
					"name": "skirt_back_right17",
					"parent": "skirt_back_right16",
					"pivot": [-6, -9.5, 1.5],
					"cubes": [
						{"origin": [-5, -13.5, 1.5], "size": [5, 4, 0], "uv": [54, 105], "mirror": true}
					]
				},
				{
					"name": "skirt",
					"parent": "torso",
					"pivot": [0, 0, 0]
				},
				{
					"name": "skirt_front_left",
					"parent": "skirt",
					"pivot": [0, 18.5, -1.5],
					"rotation": [-20, -15, -5],
					"cubes": [
						{"origin": [-1, 12.5, -1.5], "size": [4, 6, 0], "uv": [18, 26]}
					]
				},
				{
					"name": "skirt_front_left2",
					"parent": "skirt_front_left",
					"pivot": [-1, 12.5, -1.5],
					"rotation": [5, 0, 0],
					"cubes": [
						{"origin": [-1, 6.5, -1.5], "size": [5, 6, 0], "inflate": 0.01, "uv": [20, 32]}
					]
				},
				{
					"name": "skirt_front_left3",
					"parent": "skirt_front_left2",
					"pivot": [-1, 6.5, -1.5],
					"rotation": [5, 0, 0],
					"cubes": [
						{"origin": [-1, -1.5, -1.5], "size": [6, 8, 0], "uv": [16, 42]}
					]
				},
				{
					"name": "skirt_front_right",
					"parent": "skirt",
					"pivot": [0, 18.5, -1.5],
					"rotation": [-20, 15, 5],
					"cubes": [
						{"origin": [-3, 12.5, -1.5], "size": [4, 6, 0], "uv": [26, 26], "mirror": true}
					]
				},
				{
					"name": "skirt_front_right2",
					"parent": "skirt_front_right",
					"pivot": [1, 12.5, -1.5],
					"rotation": [5, 0, 0],
					"cubes": [
						{"origin": [-4, 6.5, -1.5], "size": [5, 6, 0], "inflate": 0.01, "uv": [30, 32], "mirror": true}
					]
				},
				{
					"name": "skirt_front_right3",
					"parent": "skirt_front_right2",
					"pivot": [1, 6.5, -1.5],
					"rotation": [5, 0, 0],
					"cubes": [
						{"origin": [-5, -1.5, -1.5], "size": [6, 8, 0], "uv": [28, 42], "mirror": true}
					]
				},
				{
					"name": "skirt_left",
					"parent": "skirt",
					"pivot": [1.8, 18.5, 0.5],
					"rotation": [0, -7.5, -20],
					"cubes": [
						{"origin": [1.8, 12.5, -2.5], "size": [0, 6, 6], "uv": [52, 19]}
					]
				},
				{
					"name": "skirt_left2",
					"parent": "skirt_left",
					"pivot": [1.8, 12.5, -2.5],
					"rotation": [0, 0, 2.5],
					"cubes": [
						{"origin": [1.8, 6.5, -3.5], "size": [0, 6, 9], "inflate": 0.01, "uv": [34, 16]}
					]
				},
				{
					"name": "skirt_left3",
					"parent": "skirt_left2",
					"pivot": [1.8, 6.5, -3.5],
					"rotation": [0, 0, -7.5],
					"cubes": [
						{"origin": [1.8, -1.5, -4.5], "size": [0, 8, 12], "uv": [40, 19]}
					]
				},
				{
					"name": "skirt_right",
					"parent": "skirt",
					"pivot": [-1.8, 18.5, 0.5],
					"rotation": [0, 7.5, 20],
					"cubes": [
						{"origin": [-1.8, 12.5, -2.5], "size": [0, 6, 6], "uv": [52, 41], "mirror": true}
					]
				},
				{
					"name": "skirt_right2",
					"parent": "skirt_right",
					"pivot": [-1.8, 12.5, -2.5],
					"rotation": [0, 0, -2.5],
					"cubes": [
						{"origin": [-1.8, 6.5, -3.5], "size": [0, 6, 9], "inflate": 0.01, "uv": [46, 48], "mirror": true}
					]
				},
				{
					"name": "skirt_right3",
					"parent": "skirt_right2",
					"pivot": [-1.8, 6.5, -3.5],
					"rotation": [0, 0, 7.5],
					"cubes": [
						{"origin": [-1.8, -1.5, -4.5], "size": [0, 8, 12], "uv": [40, 27], "mirror": true}
					]
				},
				{
					"name": "skirt_back_left",
					"parent": "skirt",
					"pivot": [0, 18.5, 1.5],
					"rotation": [17.5, 0, 0],
					"cubes": [
						{"origin": [0, 12.5, 1.5], "size": [4, 6, 0], "uv": [18, 58]}
					]
				},
				{
					"name": "skirt_back_left2",
					"parent": "skirt_back_left",
					"pivot": [0, 12.5, 1.5],
					"rotation": [12.5, 0, 0],
					"cubes": [
						{"origin": [0, 5.5, 1.5], "size": [5, 7, 0], "inflate": 0.01, "uv": [0, 50]}
					]
				},
				{
					"name": "skirt_back_left3",
					"parent": "skirt_back_left2",
					"pivot": [0, 5.5, 1.5],
					"rotation": [5, 0, -2.5],
					"cubes": [
						{"origin": [0, -2.5, 1.5], "size": [6, 8, 0], "uv": [10, 50]}
					]
				},
				{
					"name": "skirt_back_left4",
					"parent": "skirt_back_left3",
					"pivot": [6, -2.5, 1.5],
					"rotation": [50, 0, 0],
					"cubes": [
						{"origin": [0, -10.5, 1.5], "size": [6, 8, 0], "inflate": 0.01, "uv": [40, 47]}
					]
				},
				{
					"name": "skirt_back_left5",
					"parent": "skirt_back_left4",
					"pivot": [5, -10.5, 1.5],
					"cubes": [
						{"origin": [0, -14.5, 1.5], "size": [5, 4, 0], "uv": [30, 38]}
					]
				},
				{
					"name": "skirt_back_right",
					"parent": "skirt",
					"pivot": [0, 18.5, 1.5],
					"rotation": [17.5, 0, 0],
					"cubes": [
						{"origin": [-4, 12.5, 1.5], "size": [4, 6, 0], "uv": [26, 58], "mirror": true}
					]
				},
				{
					"name": "skirt_back_right2",
					"parent": "skirt_back_right",
					"pivot": [0, 12.5, 1.5],
					"rotation": [12.5, 0, 0],
					"cubes": [
						{"origin": [-5, 5.5, 1.5], "size": [5, 7, 0], "inflate": 0.01, "uv": [0, 57], "mirror": true}
					]
				},
				{
					"name": "skirt_back_right3",
					"parent": "skirt_back_right2",
					"pivot": [0, 5.5, 1.5],
					"rotation": [5, 0, 2.5],
					"cubes": [
						{"origin": [-6, -2.5, 1.5], "size": [6, 8, 0], "uv": [22, 50], "mirror": true}
					]
				},
				{
					"name": "skirt_back_right4",
					"parent": "skirt_back_right3",
					"pivot": [-6, -2.5, 1.5],
					"rotation": [50, 0, 0],
					"cubes": [
						{"origin": [-6, -10.5, 1.5], "size": [6, 8, 0], "inflate": 0.01, "uv": [34, 55], "mirror": true}
					]
				},
				{
					"name": "skirt_back_right5",
					"parent": "skirt_back_right4",
					"pivot": [-1, -10.5, 1.5],
					"cubes": [
						{"origin": [-5, -14.5, 1.5], "size": [5, 4, 0], "uv": [54, 53], "mirror": true}
					]
				},
				{
					"name": "waist",
					"parent": "torso",
					"pivot": [0, 19.5, 0],
					"cubes": [
						{"origin": [-1.5, 19, -1.5], "size": [3, 3, 3], "uv": [49, 13]}
					]
				},
				{
					"name": "chest",
					"parent": "waist",
					"pivot": [0, 21.5, 0],
					"cubes": [
						{"origin": [-2, 21.5, -1.5], "size": [4, 5, 3], "inflate": 0.01, "uv": [49, 5]}
					]
				},
				{
					"name": "chest_spike",
					"parent": "chest",
					"pivot": [0, 24, -1.4],
					"cubes": [
						{"origin": [0, 20, -4.9], "size": [0, 4, 8], "inflate": 0.01, "uv": [48, -8]}
					]
				},
				{
					"name": "arms",
					"parent": "chest",
					"pivot": [0, 26.5, 0]
				},
				{
					"name": "arm_left",
					"parent": "arms",
					"pivot": [2, 26.5, 0],
					"cubes": [
						{"origin": [2, 25.5, -0.5], "size": [7, 1, 1], "uv": [0, 28]}
					]
				},
				{
					"name": "rs",
					"parent": "arm_left",
					"pivot": [5, 24, 0],
					"cubes": [
						{"origin": [2, 19, -1], "size": [7, 7, 2], "uv": [20, 77]}
					]
				},
				{
					"name": "arm_left2",
					"parent": "arm_left",
					"pivot": [9, 26, 0.5],
					"cubes": [
						{"origin": [9, 24.8, -0.9], "size": [7, 2, 2], "inflate": 0.01, "uv": [32, 21]}
					]
				},
				{
					"name": "rs2",
					"parent": "arm_left2",
					"pivot": [5, 24, 0],
					"cubes": [
						{"origin": [9, 19, -1], "size": [5, 7, 2], "uv": [2, 77]}
					]
				},
				{
					"name": "hand_left",
					"parent": "arm_left2",
					"pivot": [16, 26.8, 0.1]
				},
				{
					"name": "finger_front_left",
					"parent": "hand_left",
					"pivot": [16, 24.8, -0.9],
					"cubes": [
						{"origin": [16, 24.8, -0.9], "size": [3, 2, 0], "uv": [0, 42]}
					]
				},
				{
					"name": "finger_center_left",
					"parent": "hand_left",
					"pivot": [16, 24.8, 0.1],
					"cubes": [
						{"origin": [15.5, 24.8, 0.1], "size": [5, 2, 0], "uv": [0, 36]}
					]
				},
				{
					"name": "finger_back_left",
					"parent": "hand_left",
					"pivot": [16, 24.8, 1.1],
					"cubes": [
						{"origin": [16, 24.8, 1.1], "size": [3, 2, 0], "uv": [0, 44]}
					]
				},
				{
					"name": "arm_right",
					"parent": "arms",
					"pivot": [-2, 26.5, 0],
					"cubes": [
						{"origin": [-9, 25.5, -0.5], "size": [7, 1, 1], "uv": [17, 24], "mirror": true}
					]
				},
				{
					"name": "ls",
					"parent": "arm_right",
					"pivot": [-5, 24, 0],
					"cubes": [
						{"origin": [-9, 19, -1], "size": [7, 7, 2], "uv": [41, 77], "mirror": true}
					]
				},
				{
					"name": "arm_right2",
					"parent": "arm_right",
					"pivot": [-9, 26, 0.5],
					"cubes": [
						{"origin": [-16, 24.8, -0.9], "size": [7, 2, 2], "inflate": 0.01, "uv": [0, 24], "mirror": true}
					]
				},
				{
					"name": "lsl",
					"parent": "arm_right2",
					"pivot": [-10, 24, 0],
					"cubes": [
						{"origin": [-14, 19, -1], "size": [5, 7, 2], "uv": [65, 77], "mirror": true}
					]
				},
				{
					"name": "hand_right",
					"parent": "arm_right2",
					"pivot": [-16, 26.8, 0.1]
				},
				{
					"name": "finger_front_right",
					"parent": "hand_right",
					"pivot": [-16, 24.8, -0.9],
					"cubes": [
						{"origin": [-19, 24.8, -0.9], "size": [3, 2, 0], "uv": [0, 48], "mirror": true}
					]
				},
				{
					"name": "finger_center_right",
					"parent": "hand_right",
					"pivot": [-16, 24.8, 0.1],
					"cubes": [
						{"origin": [-20.5, 24.8, 0.1], "size": [5, 2, 0], "uv": [0, 38], "mirror": true}
					]
				},
				{
					"name": "finger_back_right",
					"parent": "hand_right",
					"pivot": [-16, 24.8, 1.1],
					"cubes": [
						{"origin": [-19, 24.8, 1.1], "size": [3, 2, 0], "uv": [0, 46], "mirror": true}
					]
				},
				{
					"name": "neck",
					"parent": "chest",
					"pivot": [0, 26.5, 0],
					"cubes": [
						{"origin": [-0.5, 25.5, -0.5], "size": [1, 3, 1], "uv": [24, 0]}
					]
				},
				{
					"name": "head",
					"parent": "neck",
					"pivot": [0, 27.5, 0],
					"cubes": [
						{"origin": [-3, 27.5, -2.7], "size": [6, 6, 6], "pivot": [0, 29.5, 0.3], "rotation": [0, 45, 0], "uv": [0, 0]}
					]
				},
				{
					"name": "mouth_open",
					"parent": "head",
					"pivot": [0, 29.6, 0.4],
					"cubes": [
						{"origin": [2, 27.6, -2.6], "size": [1, 1, 1], "inflate": 0.01, "pivot": [0, 29.6, 0.4], "rotation": [0, 45, 0], "uv": [26, 22]}
					]
				},
				{
					"name": "eyes",
					"parent": "head",
					"pivot": [0, 31.5, 3.5]
				},
				{
					"name": "eye_left",
					"parent": "eyes",
					"pivot": [2.75, 30.25, -1.7],
					"rotation": [0, -45, 0]
				},
				{
					"name": "eye_left_rotation",
					"parent": "eye_left",
					"pivot": [2.8, 30.25, -1.35],
					"rotation": [0, 0, -5],
					"cubes": [
						{"origin": [1.05, 28.5, -1.36], "size": [3, 3, 0], "uv": [0, 0]},
						{"origin": [1.05, 29, -1.37], "size": [2, 3, 0], "uv": [0, 3]}
					]
				},
				{
					"name": "pupil_left",
					"parent": "eye_left_rotation",
					"pivot": [2.05, 30.5, -1.38],
					"cubes": [
						{"origin": [1.55, 29.5, -1.38], "size": [1, 2, 0], "uv": [4, 3]}
					]
				},
				{
					"name": "eye_shine_left",
					"parent": "eye_left_rotation",
					"pivot": [2.55, 31, -1.39],
					"cubes": [
						{"origin": [2.05, 30.5, -1.39], "size": [1, 1, 0], "uv": [4, 5]}
					]
				},
				{
					"name": "eyelid_left",
					"parent": "eye_left_rotation",
					"pivot": [2.55, 30, -0.75],
					"cubes": [
						{"origin": [1.05, 28.5, -1.29], "size": [3, 3, 1], "inflate": 0.01, "uv": [20, 38]}
					]
				},
				{
					"name": "eye_right",
					"parent": "eyes",
					"pivot": [-2.75, 30.25, -1.7],
					"rotation": [0, 45, 0]
				},
				{
					"name": "eye_right_rotation",
					"parent": "eye_right",
					"pivot": [-2.8, 30.25, -1.35],
					"rotation": [0, 0, 5],
					"cubes": [
						{"origin": [-4.05, 28.5, -1.36], "size": [3, 3, 0], "uv": [0, 12], "mirror": true},
						{"origin": [-3.05, 29, -1.37], "size": [2, 3, 0], "uv": [0, 15], "mirror": true}
					]
				},
				{
					"name": "pupil_right",
					"parent": "eye_right_rotation",
					"pivot": [-2.05, 30.5, -1.38],
					"cubes": [
						{"origin": [-2.55, 29.5, -1.38], "size": [1, 2, 0], "uv": [4, 15], "mirror": true}
					]
				},
				{
					"name": "eye_shine_right",
					"parent": "eye_right_rotation",
					"pivot": [-2.55, 31, -1.39],
					"cubes": [
						{"origin": [-3.05, 30.5, -1.39], "size": [1, 1, 0], "uv": [4, 17], "mirror": true}
					]
				},
				{
					"name": "eyelid_right",
					"parent": "eye_right_rotation",
					"pivot": [-2.55, 30, -0.75],
					"cubes": [
						{"origin": [-4.05, 28.5, -1.29], "size": [3, 3, 1], "inflate": 0.01, "uv": [10, 58], "mirror": true}
					]
				},
				{
					"name": "hair",
					"parent": "head",
					"pivot": [0, 31.1, -0.35],
					"rotation": [7.5, 0, 0],
					"cubes": [
						{"origin": [-3, 28.1, -3.35], "size": [6, 6, 6], "pivot": [0, 30.1, -0.35], "rotation": [0, 45, 0], "uv": [0, 12]}
					]
				},
				{
					"name": "crown",
					"parent": "hair",
					"pivot": [0, 0, 0],
					"cubes": [
						{"origin": [5, 33, -1], "size": [0, 2, 5], "pivot": [5, 33, 0], "rotation": [9.92973, -7.38421, -29.77014], "uv": [96, 30]},
						{"origin": [-5, 33, -1], "size": [0, 2, 5], "pivot": [-5, 33, 0], "rotation": [9.92973, 7.38421, 29.77014], "uv": [96, 22], "mirror": true},
						{"origin": [-5, 32, -2], "size": [0, 3, 3], "pivot": [-6, 32, 0], "rotation": [47.92149, -24.88705, -0.78784], "uv": [3, 67]},
						{"origin": [5, 32, -2], "size": [0, 3, 3], "pivot": [6, 32, 0], "rotation": [47.92149, 24.88705, 0.78784], "uv": [13, 67], "mirror": true},
						{"origin": [-5, 33, -2], "size": [5, 4, 0], "pivot": [-3, 34, -3], "rotation": [-2.5, 37.5, 0], "uv": [76, 32]},
						{"origin": [0, 33, -2], "size": [5, 4, 0], "pivot": [3, 34, -3], "rotation": [-2.5, -37.5, 0], "uv": [77, 24], "mirror": true}
					]
				},
				{
					"name": "dress2",
					"parent": "hair",
					"pivot": [0, 14, 3]
				},
				{
					"name": "skirt_back_left6",
					"parent": "dress2",
					"pivot": [1, 33.5, 4.5],
					"rotation": [25.33761, 9.05478, 4.26175],
					"cubes": [
						{"origin": [0, 27.5, 4.5], "size": [4, 6, 0], "uv": [16, 90]}
					]
				},
				{
					"name": "skirt_back_left7",
					"parent": "skirt_back_left6",
					"pivot": [1, 27.5, 4.5],
					"rotation": [-2.5, 0, 0],
					"cubes": [
						{"origin": [0, 20.5, 4.5], "size": [5, 7, 0], "inflate": 0.01, "uv": [49, 90]}
					]
				},
				{
					"name": "skirt_back_left8",
					"parent": "skirt_back_left7",
					"pivot": [0, 20.5, 4.5],
					"rotation": [5, 0, -2.5],
					"cubes": [
						{"origin": [-1, 12.5, 4.5], "size": [8, 8, 0], "uv": [64, 89]}
					]
				},
				{
					"name": "skirt_back_left9",
					"parent": "skirt_back_left8",
					"pivot": [6, 12.5, 4.5],
					"rotation": [-2.5, 0, 0],
					"cubes": [
						{"origin": [-1, 4.5, 4.5], "size": [9, 8, 0], "inflate": 0.01, "uv": [76, 63]}
					]
				},
				{
					"name": "skirt_back_left10",
					"parent": "skirt_back_left9",
					"pivot": [5, 4.5, 4.5],
					"rotation": [7.5, 0, 0]
				},
				{
					"name": "skirt_back_left11",
					"parent": "skirt_back_left9",
					"pivot": [6, 4.5, 4.5],
					"cubes": [
						{"origin": [-1, 0.5, 4.5], "size": [9, 4, 0], "uv": [75, 42]}
					]
				},
				{
					"name": "skirt_back_right6",
					"parent": "dress2",
					"pivot": [-1, 33.5, 4.5],
					"rotation": [25.33761, -9.05478, -4.26175],
					"cubes": [
						{"origin": [-4, 27.5, 4.5], "size": [4, 6, 0], "uv": [2, 90], "mirror": true}
					]
				},
				{
					"name": "skirt_back_right7",
					"parent": "skirt_back_right6",
					"pivot": [-1, 27.5, 4.5],
					"rotation": [-2.5, 0, 0],
					"cubes": [
						{"origin": [-5, 20.5, 4.5], "size": [5, 7, 0], "inflate": 0.01, "uv": [32, 91], "mirror": true}
					]
				},
				{
					"name": "skirt_back_right8",
					"parent": "skirt_back_right7",
					"pivot": [0, 20.5, 4.5],
					"rotation": [5, 0, 2.5],
					"cubes": [
						{"origin": [-7, 12.5, 4.5], "size": [8, 8, 0], "uv": [84, 89], "mirror": true}
					]
				},
				{
					"name": "skirt_back_right9",
					"parent": "skirt_back_right8",
					"pivot": [-6, 12.5, 4.5],
					"rotation": [-2.5, 0, 0],
					"cubes": [
						{"origin": [-8, 4.5, 4.5], "size": [9, 8, 0], "inflate": 0.01, "uv": [89, 76], "mirror": true}
					]
				},
				{
					"name": "skirt_back_right10",
					"parent": "skirt_back_right9",
					"pivot": [-6, 4.5, 4.5],
					"cubes": [
						{"origin": [-8, 0.5, 4.5], "size": [9, 4, 0], "uv": [75, 42], "mirror": true}
					]
				},
				{
					"name": "hair_back",
					"parent": "head",
					"pivot": [0, 34.5, -0.5]
				},
				{
					"name": "hair_back_left",
					"parent": "hair_back",
					"pivot": [4.3, 33.6, 3.35],
					"rotation": [2.5, 10, -2.5],
					"cubes": [
						{"origin": [1.3, 30.6, 0.35], "size": [3, 3, 3], "uv": [25, 1]}
					]
				},
				{
					"name": "hair_back_left2",
					"parent": "hair_back_left",
					"pivot": [4.3, 33.6, 3.35],
					"rotation": [25, 0, 0],
					"cubes": [
						{"origin": [1.3, 29.6, 0.35], "size": [3, 4, 3], "inflate": 0.01, "uv": [24, 7]}
					]
				},
				{
					"name": "hair_back_left3",
					"parent": "hair_back_left2",
					"pivot": [2.8, 29.6, 2.85],
					"rotation": [-45, 0, 0],
					"cubes": [
						{"origin": [1.3, 25.6, -0.15], "size": [3, 4, 3], "uv": [25, 14]}
					]
				},
				{
					"name": "hair_back_left4",
					"parent": "hair_back_left3",
					"pivot": [2.8, 25.6, 2.35],
					"rotation": [-52.5, 0, 0],
					"cubes": [
						{"origin": [1.8, 22.6, 0.35], "size": [2, 3, 2], "inflate": 0.01, "uv": [18, 12]}
					]
				},
				{
					"name": "hair_back_right",
					"parent": "hair_back",
					"pivot": [-4.3, 33.6, 3.35],
					"rotation": [2.5, -10, 2.5],
					"cubes": [
						{"origin": [-4.3, 30.6, 0.35], "size": [3, 3, 3], "uv": [37, 1], "mirror": true}
					]
				},
				{
					"name": "hair_back_right2",
					"parent": "hair_back_right",
					"pivot": [-4.3, 33.6, 3.35],
					"rotation": [25, 0, 0],
					"cubes": [
						{"origin": [-4.3, 29.6, 0.35], "size": [3, 4, 3], "inflate": 0.01, "uv": [36, 7], "mirror": true}
					]
				},
				{
					"name": "hair_back_right3",
					"parent": "hair_back_right2",
					"pivot": [-2.8, 29.6, 2.85],
					"rotation": [-45, 0, 0],
					"cubes": [
						{"origin": [-4.3, 25.6, -0.15], "size": [3, 4, 3], "uv": [37, 14], "mirror": true}
					]
				},
				{
					"name": "hair_back_right4",
					"parent": "hair_back_right3",
					"pivot": [-2.8, 25.6, 2.35],
					"rotation": [-52.5, 0, 0],
					"cubes": [
						{"origin": [-3.8, 22.6, 0.35], "size": [2, 3, 2], "inflate": 0.01, "uv": [0, 31], "mirror": true}
					]
				},
				{
					"name": "head_side_left",
					"parent": "head",
					"pivot": [4, 28, 0.05],
					"rotation": [0, 47.5, 0],
					"cubes": [
						{"origin": [4, 28, 0.05], "size": [0, 3, 3], "uv": [18, -3]}
					]
				},
				{
					"name": "head_side_right",
					"parent": "head",
					"pivot": [-4, 28, 0.05],
					"rotation": [5, -45, 0],
					"cubes": [
						{"origin": [-4, 28, 0.05], "size": [0, 3, 3], "uv": [18, 0], "mirror": true}
					]
				},
				{
					"name": "legs",
					"parent": "body",
					"pivot": [0, 17, 0]
				},
				{
					"name": "leg_left",
					"parent": "legs",
					"pivot": [1.8, 16.5, 0],
					"cubes": [
						{"origin": [0.8, 9, -1], "size": [1, 8, 2], "inflate": 0.01, "uv": [14, 32]}
					]
				},
				{
					"name": "leg_left2",
					"parent": "leg_left",
					"pivot": [1.3, 9, -1],
					"cubes": [
						{"origin": [0.8, 0, -1], "size": [1, 9, 1], "uv": [10, 30]}
					]
				},
				{
					"name": "leg_right",
					"parent": "legs",
					"pivot": [-1.8, 16.5, 0],
					"cubes": [
						{"origin": [-1.8, 9, -1], "size": [1, 8, 2], "inflate": 0.01, "uv": [10, 40], "mirror": true}
					]
				},
				{
					"name": "leg_right2",
					"parent": "leg_right",
					"pivot": [-1.3, 9, -1],
					"cubes": [
						{"origin": [-1.8, 0, -1], "size": [1, 9, 1], "uv": [6, 40], "mirror": true}
					]
				}
			]
		}
	]
}