{
	"format_version": "1.12.0",
	"minecraft:geometry": [
		{
			"description": {
				"identifier": "geometry.cyndaquil",
				"texture_width": 128,
				"texture_height": 128,
				"visible_bounds_width": 4,
				"visible_bounds_height": 3.5,
				"visible_bounds_offset": [0, 1.25, 0]
			},
			"bones": [
				{
					"name": "cyndaquil",
					"pivot": [0, 0, 0]
				},
				{
					"name": "body",
					"parent": "cyndaquil",
					"pivot": [0, 11, 0]
				},
				{
					"name": "torso",
					"parent": "body",
					"pivot": [0, 5.75, 3],
					"rotation": [-42.5, 0, 0],
					"cubes": [
						{"origin": [-5, 2.5, -2.5], "size": [10, 9, 9], "uv": [25, 20]}
					]
				},
				{
					"name": "fire",
					"parent": "torso",
					"pivot": [0, 11.1, 1],
					"rotation": [5, 0, 0],
					"cubes": [
						{"origin": [0, 11.1, -7.5], "size": [0, 12, 17], "uv": [88, -4]},
						{"origin": [-8.5, 11.1, 0.5], "size": [17, 12, 0], "uv": [54, 13]},
						{"origin": [-4, 11.1, -6.5], "size": [0, 7, 15], "pivot": [-4, 11.1, 1], "rotation": [0, 0, -30], "uv": [30, 41], "mirror": true},
						{"origin": [4, 11.1, -6.5], "size": [0, 7, 15], "pivot": [4, 11.1, 1], "rotation": [0, 0, 30], "uv": [0, 34]},
						{"origin": [-5, 12.85, -5.25], "size": [10, 0, 12], "uv": [76, 0]},
						{"origin": [-7.5, 11.1, -4.5], "size": [15, 7, 0], "pivot": [0, 11.1, -4.5], "rotation": [25, 0, 0], "uv": [30, 49]},
						{"origin": [-7.5, 11.1, 6], "size": [15, 7, 0], "pivot": [0, 11.1, 6], "rotation": [-25, 0, 0], "uv": [0, 56]}
					]
				},
				{
					"name": "torso2",
					"parent": "torso",
					"pivot": [0, 3, -2.5],
					"rotation": [-5, 0, 0],
					"cubes": [
						{"origin": [-4, -2, -7], "size": [6, 6, 0], "pivot": [-1, 2, -7], "rotation": [15.00478, 8.29005, -48.21314], "uv": [3, 85]},
						{"origin": [-4, 3, -6.5], "size": [8, 8, 4], "uv": [0, 37]},
						{"origin": [-3, 3.5, -8.5], "size": [6, 6, 2], "uv": [0, 18]}
					]
				},
				{
					"name": "bone",
					"parent": "torso2",
					"pivot": [5, 11, -5],
					"rotation": [27.61174, -7.32857, -1.30321],
					"cubes": [
						{"origin": [6, 10, -5], "size": [0, 2, 2], "pivot": [5, 10, -4], "rotation": [26.58564, 40.33923, 22.55509], "uv": [31, 76]},
						{"origin": [4, 9, -4], "size": [5, 3, 0], "pivot": [5, 9, -5], "rotation": [-12.31296, -21.70532, 12.93617], "uv": [51, 65]},
						{"origin": [4, 11, -4], "size": [5, 3, 0], "pivot": [5, 11, -5], "rotation": [0, -15, -45], "uv": [51, 65]}
					]
				},
				{
					"name": "arm_right",
					"parent": "torso2",
					"pivot": [-3.5, 3.5, -4.5],
					"cubes": [
						{"origin": [-4.5, 0, -6], "size": [2, 4, 3], "uv": [50, 38]}
					]
				},
				{
					"name": "arm_left",
					"parent": "torso2",
					"pivot": [3.5, 3.5, -4.5],
					"cubes": [
						{"origin": [2.5, 0, -6], "size": [2, 4, 3], "uv": [40, 38]}
					]
				},
				{
					"name": "fork",
					"parent": "arm_left",
					"pivot": [4.67281, 2.98489, -5.5],
					"rotation": [4.85243, 34.59925, -38.15331],
					"cubes": [
						{"origin": [-2.82719, 2.48489, -6], "size": [9, 1, 1], "uv": [3, 98]},
						{"origin": [-4.82719, 1.48489, -5.5], "size": [3, 3, 0], "uv": [32, 83]},
						{"origin": [10.17281, 1.48489, -7], "size": [3, 3, 3], "uv": [17, 83]},
						{"origin": [6.17281, 0.48489, -5.5], "size": [5, 5, 0], "uv": [17, 91]}
					]
				},
				{
					"name": "head",
					"parent": "torso2",
					"pivot": [0, 6.5, -8],
					"rotation": [-30, 0, 0],
					"cubes": [
						{"origin": [-4.5, 2, -15.5], "size": [9, 9, 9], "uv": [0, 0]}
					]
				},
				{
					"name": "hat",
					"parent": "head",
					"pivot": [2.7392, 4.79743, -17.09626],
					"rotation": [87.5, 0, 0],
					"cubes": [
						{"origin": [-4, 1.90749, -18.07367], "size": [8, 6, 6], "pivot": [0, 3.90749, -15.07367], "rotation": [-7.5, 0, 0], "uv": [2, 68]},
						{"origin": [-3, 3.90749, -20.07367], "size": [6, 5, 3], "pivot": [0, 4.90749, -21.07367], "rotation": [-12.5, 0, 0], "uv": [26, 65]},
						{"origin": [4.5, 5.10749, -17.67367], "size": [0, 2, 2], "pivot": [5, 4.90749, -16.07367], "rotation": [34.68837, 10.32721, 10.83781], "uv": [31, 73]},
						{"origin": [4.6, 1.90749, -19.07367], "size": [0, 4, 2], "pivot": [5, 3.90749, -18.07367], "rotation": [-19.58779, -9.79271, -12.45176], "uv": [2, 65]},
						{"origin": [4.6, 1.90749, -18.07367], "size": [0, 4, 2], "pivot": [5, 3.90749, -17.07367], "rotation": [2.11545, 18.47578, -22.63138], "uv": [45, 62]}
					]
				},
				{
					"name": "eyes",
					"parent": "head",
					"pivot": [-1.5, 5.34976, -11.2609]
				},
				{
					"name": "eyelid_right",
					"parent": "eyes",
					"pivot": [-4.5, 5.35, -11.25],
					"rotation": [5, 0, 0],
					"cubes": [
						{"origin": [-4.5, 2.35, -12.75], "size": [0, 6, 3], "inflate": 0.01, "uv": [42, 11], "mirror": true}
					]
				},
				{
					"name": "eyelid_right_sleep",
					"parent": "eyelid_right",
					"pivot": [-4.4, 5.35, -11.25],
					"cubes": [
						{"origin": [-4.4, 2.35, -12.75], "size": [0, 6, 3], "inflate": 0.02, "uv": [36, 11], "mirror": true}
					]
				},
				{
					"name": "eyelid_right_angry",
					"parent": "eyelid_right",
					"pivot": [-4.4, 5.35, -11.25],
					"cubes": [
						{"origin": [-4.4, 2.35, -12.75], "size": [0, 6, 3], "inflate": 0.02, "uv": [68, -3], "mirror": true}
					]
				},
				{
					"name": "eye_right",
					"parent": "eyelid_right",
					"pivot": [-4.4, 5.35, -11.25],
					"cubes": [
						{"origin": [-4.4, 2.35, -12.75], "size": [0, 6, 3], "inflate": 0.03, "uv": [63, 32], "mirror": true}
					]
				},
				{
					"name": "eyelid_left",
					"parent": "eyes",
					"pivot": [4.5, 5.35, -11.25],
					"rotation": [5, 0, 0],
					"cubes": [
						{"origin": [4.5, 2.35, -12.75], "size": [0, 6, 3], "inflate": 0.01, "uv": [42, 5]}
					]
				},
				{
					"name": "eyelid_left_sleep",
					"parent": "eyelid_left",
					"pivot": [4.4, 5.35, -11.25],
					"mirror": true,
					"cubes": [
						{"origin": [4.4, 2.35, -12.75], "size": [0, 6, 3], "inflate": 0.02, "uv": [36, 5]}
					]
				},
				{
					"name": "eyelid_left_angry",
					"parent": "eyelid_left",
					"pivot": [4.4, 5.35, -11.25],
					"cubes": [
						{"origin": [4.4, 2.35, -12.75], "size": [0, 6, 3], "inflate": 0.02, "uv": [62, -3]}
					]
				},
				{
					"name": "eye_left",
					"parent": "eyelid_left",
					"pivot": [4.4, 5.35, -11.25],
					"cubes": [
						{"origin": [4.4, 2.35, -12.75], "size": [0, 6, 3], "inflate": 0.03, "uv": [63, 26]}
					]
				},
				{
					"name": "muzzle",
					"parent": "head",
					"pivot": [0, 2, -11],
					"cubes": [
						{"origin": [-3, -1.75, -11], "size": [6, 4, 4], "uv": [0, 29]}
					]
				},
				{
					"name": "mouth",
					"parent": "muzzle",
					"pivot": [0, 0.75, -7.1],
					"cubes": [
						{"origin": [-1, -0.75, -7.1], "size": [2, 3, 0], "uv": [0, 0]}
					]
				},
				{
					"name": "muzzle2",
					"parent": "muzzle",
					"pivot": [0, -1.75, -10.5],
					"rotation": [5, 0, 0],
					"cubes": [
						{"origin": [-2, -5.75, -10.5], "size": [4, 4, 3], "uv": [16, 18]}
					]
				},
				{
					"name": "leg_right",
					"parent": "body",
					"pivot": [-3.85, 5.75, 3],
					"cubes": [
						{"origin": [-5.85, 1.5, 0], "size": [4, 7, 6], "uv": [48, 0], "mirror": true}
					]
				},
				{
					"name": "foot_right",
					"parent": "leg_right",
					"pivot": [-3.85, 1.5, 3.6],
					"cubes": [
						{"origin": [-5.35, 0, 0.6], "size": [3, 3, 5], "uv": [27, 0], "mirror": true}
					]
				},
				{
					"name": "toe_right",
					"parent": "foot_right",
					"pivot": [-3.85, 0, 0.6],
					"cubes": [
						{"origin": [-4.85, 0, -0.4], "size": [2, 1, 1], "uv": [0, 26], "mirror": true}
					]
				},
				{
					"name": "leg_left",
					"parent": "body",
					"pivot": [3.85, 5.75, 3],
					"cubes": [
						{"origin": [1.85, 1.5, 0], "size": [4, 7, 6], "uv": [68, 0]}
					]
				},
				{
					"name": "foot_left",
					"parent": "leg_left",
					"pivot": [3.85, 1.5, 3.6],
					"cubes": [
						{"origin": [2.35, 0, 0.6], "size": [3, 3, 5], "uv": [24, 38]}
					]
				},
				{
					"name": "toe_left",
					"parent": "foot_left",
					"pivot": [3.85, 0, 0.6],
					"cubes": [
						{"origin": [2.85, 0, -0.4], "size": [2, 1, 1], "uv": [6, 26]}
					]
				}
			]
		}
	]
}