{
	"format_version": "1.12.0",
	"minecraft:geometry": [
		{
			"description": {
				"identifier": "geometry.noibat",
				"texture_width": 64,
				"texture_height": 64,
				"visible_bounds_width": 3,
				"visible_bounds_height": 3.5,
				"visible_bounds_offset": [0, 1.25, 0]
			},
			"bones": [
				{
					"name": "noibat",
					"pivot": [0, 0, 0]
				},
				{
					"name": "locator_root",
					"parent": "noibat",
					"pivot": [0, 0, 0],
					"locators": {
						"root": [0, 0, 0]
					}
				},
				{
					"name": "locator_top",
					"parent": "noibat",
					"pivot": [0, 21, 0],
					"locators": {
						"top": [0, 21, 0]
					}
				},
				{
					"name": "body",
					"parent": "noibat",
					"pivot": [0, 6.25, 0.25]
				},
				{
					"name": "locator_target",
					"parent": "body",
					"pivot": [0, 7, -4],
					"locators": {
						"target": [0, 7, -4]
					}
				},
				{
					"name": "locator_middle",
					"parent": "body",
					"pivot": [0, 7, 0],
					"locators": {
						"middle": [0, 7, 0]
					}
				},
				{
					"name": "torso",
					"parent": "body",
					"pivot": [0, 5.25, 0.25],
					"cubes": [
						{"origin": [-1, 4.25, -0.75], "size": [2, 3, 2], "uv": [46, 11]},
						{"origin": [-3, 2, 3], "size": [6, 7, 0], "pivot": [0, 6, 4], "rotation": [25, 0, 0], "uv": [36, 41]},
						{"origin": [-2, 6, -2], "size": [2, 2, 0], "pivot": [-1, 6, -1], "rotation": [-0.6574, -7.4713, 5.04292], "uv": [55, 50]},
						{"origin": [0, 6, -2], "size": [2, 2, 0], "pivot": [1, 6, -1], "rotation": [-0.6574, 7.4713, -5.04292], "uv": [55, 50], "mirror": true},
						{"origin": [-0.5, 6, -2], "size": [1, 2, 0], "uv": [50, 51]},
						{"origin": [-1.5, 6.75, -1.25], "size": [3, 2, 3], "uv": [0, 19]},
						{"origin": [-1.5, 6.76, -1.25], "size": [3, 2, 3], "pivot": [0, -6.75, 0.25], "rotation": [0, -45, 0], "uv": [12, 19]}
					]
				},
				{
					"name": "head",
					"parent": "torso",
					"pivot": [0, 8.75, 0.25]
				},
				{
					"name": "head_angle",
					"parent": "head",
					"pivot": [0, 8.75, 0.25],
					"cubes": [
						{"origin": [-3.5, 9.25, -3.25], "size": [7, 5, 7], "uv": [0, 1]},
						{"origin": [-2.75, 10, -3.26], "size": [1, 1, 0], "pivot": [-2.5, 10.25, 0], "rotation": [0, 0, -45], "uv": [22, 14]},
						{"origin": [1.75, 10, -3.26], "size": [1, 1, 0], "pivot": [2.5, 10.25, 0], "rotation": [0, 0, 45], "uv": [25, 14]},
						{"origin": [-11.5, 4.5, -3.251], "size": [1, 1, 0], "pivot": [0, -6.75, 0.25], "rotation": [0, 0, 45], "uv": [25, 20]},
						{"origin": [10.5, 4.5, -3.251], "size": [1, 1, 0], "pivot": [0, -6.75, 0.25], "rotation": [0, 0, -45], "uv": [22, 20]},
						{"origin": [7.75, 7.75, -3.252], "size": [1, 3, 0], "pivot": [0, -6.75, 0.25], "rotation": [0, 0, -30], "uv": [60, 6]},
						{"origin": [-8.75, 7.75, -3.252], "size": [1, 3, 0], "pivot": [0, -6.75, 0.25], "rotation": [0, 0, 30], "uv": [62, 6]},
						{"origin": [-3, 8.25, 0.75], "size": [6, 1, 3], "uv": [16, 24]},
						{"origin": [-5, 9.75, 0.25], "size": [2, 1, 0], "pivot": [-3, 10.25, 0.75], "rotation": [0, 30, 0], "uv": [60, 1]},
						{"origin": [-5, 10.25, 0.25], "size": [2, 1, 0], "pivot": [-3, 10.25, 0.75], "rotation": [0, 30, 25], "uv": [60, 0]},
						{"origin": [-5, 9.25, 0.25], "size": [2, 1, 0], "pivot": [-3, 10.25, 0.75], "rotation": [0, 30, -25], "uv": [60, 2]},
						{"origin": [3, 9.25, 0.25], "size": [2, 1, 0], "pivot": [3, 10.25, 0.75], "rotation": [0, -30, 25], "uv": [60, 5]},
						{"origin": [3, 9.75, 0.25], "size": [2, 1, 0], "pivot": [3, 10.25, 0.75], "rotation": [0, -30, 0], "uv": [60, 4]},
						{"origin": [3, 10.25, 0.25], "size": [2, 1, 0], "pivot": [3, 10.25, 0.75], "rotation": [0, -30, -25], "uv": [60, 3]}
					]
				},
				{
					"name": "locator_item_hat",
					"parent": "head_angle",
					"pivot": [0, 14.25004, 0.1],
					"locators": {
						"item_hat": [0, 14.25004, 0.1]
					}
				},
				{
					"name": "locator_face",
					"parent": "head_angle",
					"pivot": [0, 11.25004, -3.3],
					"locators": {
						"face": [0, 11.25004, -3.3]
					}
				},
				{
					"name": "locator_item_face",
					"parent": "head_angle",
					"pivot": [0, 11.25004, -3.3],
					"locators": {
						"item_face": [0, 11.25004, -3.3]
					}
				},
				{
					"name": "locator_jaw_upper",
					"parent": "head_angle",
					"pivot": [0, 9.25, -2.85],
					"locators": {
						"jaw1": [0, 9.25, -2.85]
					}
				},
				{
					"name": "locator_mouth",
					"parent": "head_angle",
					"pivot": [0, 9.15004, 0.6],
					"locators": {
						"mouth": [0, 9.15004, 0.6],
						"physical": [0, 9.15004, 0.6],
						"special": [0, 9.15004, 0.6]
					}
				},
				{
					"name": "locator_head",
					"parent": "head_angle",
					"pivot": [0, 14.25004, -2.6],
					"locators": {
						"head": [0, 14.25004, -2.6]
					}
				},
				{
					"name": "hat",
					"parent": "head_angle",
					"pivot": [0, 14, -1],
					"cubes": [
						{"origin": [0, 17, -2], "size": [0, 3, 2], "pivot": [1, 17, 0], "rotation": [0, 12.5, -32.5], "uv": [36, 51]},
						{"origin": [0, 17, -2], "size": [0, 3, 2], "pivot": [-1, 17, 0], "rotation": [0, -12.5, 32.5], "uv": [36, 51], "mirror": true},
						{"origin": [-2, 14, -3], "size": [4, 3, 4], "pivot": [0, 14, -1], "rotation": [-7.5, 0, 0], "uv": [38, 54]}
					]
				},
				{
					"name": "jaw",
					"parent": "head_angle",
					"pivot": [0, 9.25, 0.75],
					"cubes": [
						{"origin": [-3, 8.25, -3.25], "size": [6, 1, 4], "uv": [0, 24]},
						{"origin": [0, 9.5, -3.24], "size": [1, 1, 0], "pivot": [0, 8.25, -0.25], "rotation": [0, 0, 45], "uv": [4, 4]},
						{"origin": [-1, 9.5, -3.24], "size": [1, 1, 0], "pivot": [0, 8.25, -0.25], "rotation": [0, 0, -45], "uv": [1, 4]}
					]
				},
				{
					"name": "locator_jaw_lower",
					"parent": "jaw",
					"pivot": [0, 9.25, -2.95],
					"locators": {
						"jaw2": {
							"offset": [0, 9.25, -2.95],
							"rotation": [-90, 0, 0]
						}
					}
				},
				{
					"name": "eyes",
					"parent": "head_angle",
					"pivot": [0, 0, 0]
				},
				{
					"name": "eye_right",
					"parent": "eyes",
					"pivot": [-3.26, 11.25, -2.5],
					"cubes": [
						{"origin": [-3.5, 9.75, -3.26], "size": [1, 3, 2], "inflate": 0.01, "uv": [8, 30]}
					]
				},
				{
					"name": "pupil_right",
					"parent": "eye_right",
					"pivot": [-3.52, 11.25, -2.76],
					"cubes": [
						{"origin": [-3.52, 10.25, -3.26], "size": [0, 2, 1], "uv": [1, 0]}
					]
				},
				{
					"name": "locator_eye_right",
					"parent": "pupil_right",
					"pivot": [-3.5, 11.25, -2.75],
					"locators": {
						"eye1": [-3.5, 11.25, -2.75]
					}
				},
				{
					"name": "eye_left",
					"parent": "eyes",
					"pivot": [3.26, 11.25, -2.5],
					"cubes": [
						{"origin": [2.5, 9.75, -3.26], "size": [1, 3, 2], "inflate": 0.01, "uv": [1, 30]}
					]
				},
				{
					"name": "pupil_left",
					"parent": "eye_left",
					"pivot": [3.52, 11.25, -2.76],
					"cubes": [
						{"origin": [3.52, 10.25, -3.26], "size": [0, 2, 1], "uv": [4, 0]}
					]
				},
				{
					"name": "locator_eye_left",
					"parent": "pupil_left",
					"pivot": [3.5, 11.25, -2.75],
					"locators": {
						"eye2": [3.5, 11.25, -2.75]
					}
				},
				{
					"name": "eyelid_right",
					"parent": "eyes",
					"pivot": [-2.92, 11.25, -2.16],
					"cubes": [
						{"origin": [-3.42, 9.75, -3.16], "size": [1, 3, 2], "inflate": 0.02, "uv": [22, 30]}
					]
				},
				{
					"name": "eyelid_left",
					"parent": "eyes",
					"pivot": [2.92, 11.25, -2.16],
					"cubes": [
						{"origin": [2.42, 9.75, -3.16], "size": [1, 3, 2], "inflate": 0.02, "uv": [15, 30]}
					]
				},
				{
					"name": "ears",
					"parent": "head_angle",
					"pivot": [0, 12.25, 0.25],
					"rotation": [-27.5, 0, 0],
					"cubes": [
						{"origin": [-1, 12.25, -0.76], "size": [2, 8, 1.02], "uv": [40, 11]}
					]
				},
				{
					"name": "ear_right",
					"parent": "ears",
					"pivot": [-1, 13.25, 0.25],
					"cubes": [
						{"origin": [0, 16.25, -0.75], "size": [2, 4, 1], "pivot": [0, 13.25, 0.25], "rotation": [0, 0, -20], "uv": [28, 17]},
						{"origin": [-5, 20.25, -0.75], "size": [7, 2, 1], "pivot": [0, 13.25, 0.25], "rotation": [0, 0, -20], "uv": [28, 8]},
						{"origin": [-5, 15.25, -0.75], "size": [2, 5, 1], "pivot": [0, 13.25, 0.25], "rotation": [0, 0, -20], "uv": [28, 11]},
						{"origin": [-5, 13.25, -0.75], "size": [2, 2, 1], "pivot": [0, 13.25, 0.25], "rotation": [0, 0, -20], "uv": [53, 2]},
						{"origin": [-4.5, 14.25, 0.25], "size": [6, 6, 2], "pivot": [0, 13.25, 0.25], "rotation": [0, 0, -20], "uv": [37, 0]},
						{"origin": [-2.5, 22.25, -0.25], "size": [2, 3, 0], "pivot": [0, 13.25, 0.25], "rotation": [0, 0, -20], "uv": [32, 23]}
					]
				},
				{
					"name": "ear_left",
					"parent": "ears",
					"pivot": [1, 13.25, 0.25],
					"cubes": [
						{"origin": [-1.5, 14.25, 0.25], "size": [6, 6, 2], "pivot": [0, 13.25, 0.25], "rotation": [0, 0, 20], "uv": [21, 0]},
						{"origin": [-2, 16.25, -0.75], "size": [2, 4, 1], "pivot": [0, 13.25, 0.25], "rotation": [0, 0, 20], "uv": [34, 17]},
						{"origin": [-2, 20.25, -0.75], "size": [7, 2, 1], "pivot": [0, 13.25, 0.25], "rotation": [0, 0, 20], "uv": [44, 8]},
						{"origin": [3, 15.25, -0.75], "size": [2, 5, 1], "pivot": [0, 13.25, 0.25], "rotation": [0, 0, 20], "uv": [34, 11]},
						{"origin": [3, 13.25, -0.75], "size": [2, 2, 1], "pivot": [0, 13.25, 0.25], "rotation": [0, 0, 20], "uv": [53, 5]},
						{"origin": [0.5, 22.25, -0.25], "size": [2, 3, 0], "pivot": [0, 13.25, 0.25], "rotation": [0, 0, 20], "uv": [37, 23]}
					]
				},
				{
					"name": "wings",
					"parent": "torso",
					"pivot": [0, 7.5, 0.25]
				},
				{
					"name": "wing_right",
					"parent": "wings",
					"pivot": [-1, 7.5, 0.25],
					"cubes": [
						{"origin": [-7, 5.5, 0.25], "size": [6, 6, 0], "uv": [2, 46]}
					]
				},
				{
					"name": "wing_right2",
					"parent": "wing_right",
					"pivot": [-7, 11.5, 0.25],
					"cubes": [
						{"origin": [-14, 4.5, 0.26], "size": [7, 8, 0], "uv": [2, 54]}
					]
				},
				{
					"name": "locator_hand_primary",
					"parent": "wing_right2",
					"pivot": [-8, 12.25, 0.25],
					"rotation": [0, 90, 0],
					"locators": {
						"hand_primary": [-8, 12.25, 0.25]
					}
				},
				{
					"name": "locator_item",
					"parent": "wing_right2",
					"pivot": [-8, 12.25, 0.25],
					"rotation": [0, 90, 0],
					"locators": {
						"item": [-8, 12.25, 0.25]
					}
				},
				{
					"name": "locator_wing_right",
					"parent": "wing_right2",
					"pivot": [-10, 9.25, 0.25],
					"rotation": [0, 0, -30],
					"locators": {
						"wing1": [-10, 9.25, 0.25]
					}
				},
				{
					"name": "fingers_right",
					"parent": "wing_right2",
					"pivot": [-8, 12.25, 0.25]
				},
				{
					"name": "finger_outer_right",
					"parent": "fingers_right",
					"pivot": [-8.5, 12, 0.25],
					"rotation": [0, 0, -20],
					"cubes": [
						{"origin": [-8.75, 12, 0.25], "size": [1, 2, 0], "uv": [0, 24]}
					]
				},
				{
					"name": "finger_inner_right",
					"parent": "fingers_right",
					"pivot": [-7.5, 12, 0.25],
					"rotation": [0, 0, 20],
					"cubes": [
						{"origin": [-8.25, 12, 0.25], "size": [1, 2, 0], "inflate": 0.01, "uv": [2, 24]}
					]
				},
				{
					"name": "wing_left",
					"parent": "wings",
					"pivot": [1, 7.5, 0.25],
					"cubes": [
						{"origin": [1, 5.5, 0.25], "size": [6, 6, 0], "uv": [16, 46]}
					]
				},
				{
					"name": "wing_left2",
					"parent": "wing_left",
					"pivot": [7, 11.5, 0.25],
					"cubes": [
						{"origin": [7, 4.5, 0.26], "size": [7, 8, 0], "uv": [18, 54]}
					]
				},
				{
					"name": "locator_hand_secondary",
					"parent": "wing_left2",
					"pivot": [8, 12.25, 0.25],
					"rotation": [0, -90, 0],
					"locators": {
						"hand_secondary": [8, 12.25, 0.25]
					}
				},
				{
					"name": "locator_wing_left",
					"parent": "wing_left2",
					"pivot": [10, 9.25, 0.25],
					"rotation": [0, 0, 30],
					"locators": {
						"wing2": [10, 9.25, 0.25]
					}
				},
				{
					"name": "fingers_left",
					"parent": "wing_left2",
					"pivot": [8, 12.25, 0.25]
				},
				{
					"name": "finger_outer_left",
					"parent": "fingers_left",
					"pivot": [8.5, 12, 0.25],
					"rotation": [0, 0, 20],
					"cubes": [
						{"origin": [7.75, 12, 0.25], "size": [1, 2, 0], "uv": [0, 26]}
					]
				},
				{
					"name": "finger_inner_left",
					"parent": "fingers_left",
					"pivot": [7.5, 12, 0.25],
					"rotation": [0, 0, -20],
					"cubes": [
						{"origin": [7.25, 12, 0.25], "size": [1, 2, 0], "inflate": 0.01, "uv": [2, 26]}
					]
				},
				{
					"name": "legs",
					"parent": "body",
					"pivot": [0, 4.5, 0.25]
				},
				{
					"name": "leg_left",
					"parent": "legs",
					"pivot": [-1.75, 4.5, 0.25],
					"cubes": [
						{"origin": [-10, -1.25, -1.25], "size": [3, 3, 3], "pivot": [0, -5.75, 0.25], "rotation": [0, 0, 45], "uv": [0, 13]},
						{"origin": [-5, 4.5, 0.75], "size": [2, 1, 0], "pivot": [-3, 6.25, 0.25], "rotation": [20, 45, 30], "uv": [9, 13]},
						{"origin": [-5.5, 4, 0.75], "size": [2, 1, 0], "pivot": [-3, 3.25, 0.25], "rotation": [0, 48, 0], "uv": [9, 14]},
						{"origin": [-5, 3.5, 0.75], "size": [2, 1, 0], "pivot": [-3, 3.25, 0.25], "rotation": [-20, 45, -30], "uv": [9, 15]}
					]
				},
				{
					"name": "leg_left2",
					"parent": "leg_left",
					"pivot": [-1.75, 3, 0.25],
					"cubes": [
						{"origin": [-2.25, 1, -0.25], "size": [1, 2, 1], "uv": [46, 16]}
					]
				},
				{
					"name": "foot_left",
					"parent": "leg_left2",
					"pivot": [-1.75, 1, 0.25],
					"cubes": [
						{"origin": [-2.25, 0, -2], "size": [1, 1, 3], "uv": [54, 11]}
					]
				},
				{
					"name": "locator_foot_primary",
					"parent": "foot_left",
					"pivot": [-1.75, 0.5, -0.5],
					"rotation": [90, 0, 0],
					"locators": {
						"foot_primary": [-1.75, 0.5, -0.5]
					}
				},
				{
					"name": "leg_right",
					"parent": "legs",
					"pivot": [1.75, 4.5, 0.25],
					"cubes": [
						{"origin": [7, -1.25, -1.25], "size": [3, 3, 3], "pivot": [0, -5.75, 0.25], "rotation": [0, 0, -45], "uv": [12, 13]},
						{"origin": [3, 4.5, 0.75], "size": [2, 1, 0], "pivot": [3, 6.25, 0.25], "rotation": [20, -45, -30], "uv": [9, 19]},
						{"origin": [3.5, 4, 0.75], "size": [2, 1, 0], "pivot": [3, 3.25, 0.25], "rotation": [0, -48, 0], "uv": [9, 20]},
						{"origin": [3, 3.5, 0.75], "size": [2, 1, 0], "pivot": [3, 3.25, 0.25], "rotation": [-20, -45, 30], "uv": [9, 21]}
					]
				},
				{
					"name": "leg_right2",
					"parent": "leg_right",
					"pivot": [1.75, 3, 0.25],
					"cubes": [
						{"origin": [1.25, 1, -0.25], "size": [1, 2, 1], "uv": [50, 16]}
					]
				},
				{
					"name": "foot_right",
					"parent": "leg_right2",
					"pivot": [1.75, 1, 0.25],
					"cubes": [
						{"origin": [1.25, 0, -2], "size": [1, 1, 3], "uv": [54, 15]}
					]
				},
				{
					"name": "locator_foot_secondary",
					"parent": "foot_right",
					"pivot": [1.75, 0.5, -0.5],
					"rotation": [90, 0, 0],
					"locators": {
						"foot_secondary": [1.75, 0.5, -0.5]
					}
				}
			]
		}
	]
}