{
	"format_version": "1.12.0",
	"minecraft:geometry": [
		{
			"description": {
				"identifier": "geometry.dragonite",
				"texture_width": 256,
				"texture_height": 128,
				"visible_bounds_width": 9,
				"visible_bounds_height": 5.5,
				"visible_bounds_offset": [0, 2.25, 0]
			},
			"bones": [
				{
					"name": "dragonite",
					"pivot": [0, 0, 0]
				},
				{
					"name": "locator_root",
					"parent": "dragonite",
					"pivot": [0, 0, 0],
					"locators": {
						"root": [0, 0, 0]
					}
				},
				{
					"name": "locator_top",
					"parent": "dragonite",
					"pivot": [0, 56, 0],
					"locators": {
						"top": [0, 56, 0]
					}
				},
				{
					"name": "body",
					"parent": "dragonite",
					"pivot": [0, 7, -0.5]
				},
				{
					"name": "locator_target",
					"parent": "body",
					"pivot": [0, 25, -9],
					"locators": {
						"target": [0, 25, -9]
					}
				},
				{
					"name": "locator_middle",
					"parent": "body",
					"pivot": [0, 25, 0],
					"locators": {
						"middle": [0, 25, 0]
					}
				},
				{
					"name": "torso",
					"parent": "body",
					"pivot": [0, 14, -1],
					"cubes": [
						{"origin": [-10.5, 8.5, -11.75], "size": [21, 14, 21], "inflate": 0.02, "uv": [74, 69]}
					]
				},
				{
					"name": "chest",
					"parent": "torso",
					"pivot": [0, 22.5, -1],
					"cubes": [
						{"origin": [-9, 21, -10.5], "size": [18, 9, 19], "inflate": 0.01, "uv": [28, 5]},
						{"origin": [-9, 21, -10.5], "size": [18, 9, 19], "inflate": 0.25, "uv": [174, 0]}
					]
				},
				{
					"name": "mailbag",
					"parent": "chest",
					"pivot": [9.75, 25, -0.5],
					"rotation": [0, 0, -12.5],
					"cubes": [
						{"origin": [8.75, 19.5, -6], "size": [3, 7, 11], "inflate": 0.1, "uv": [227, 29]}
					]
				},
				{
					"name": "chest2",
					"parent": "chest",
					"pivot": [0, 30, -0.75],
					"cubes": [
						{"origin": [-6.5, 28, -7.75], "size": [13, 9, 14], "inflate": 0.25, "uv": [172, 29]},
						{"origin": [-6.5, 28, -7.75], "size": [13, 9, 14], "uv": [0, 44]}
					]
				},
				{
					"name": "bow",
					"parent": "chest2",
					"pivot": [0, 36, -8.75],
					"rotation": [-10, 0, 0],
					"cubes": [
						{"origin": [-1, 35, -8.75], "size": [2, 3, 1], "inflate": 0.3, "uv": [223, 74]},
						{"origin": [-4.75, 34.5, -8.75], "size": [4, 4, 1], "inflate": 0.001, "uv": [203, 68]},
						{"origin": [0.75, 34.5, -8.75], "size": [4, 4, 1], "inflate": 0.001, "uv": [177, 69], "mirror": true}
					]
				},
				{
					"name": "bone",
					"parent": "chest2",
					"pivot": [0.5, 33.75, -8.25],
					"cubes": [
						{"origin": [0.5, 31.75, -8.25], "size": [3, 5, 0], "pivot": [0.5, 33.75, -8.25], "rotation": [0, 15, 20], "uv": [248, 61], "mirror": true},
						{"origin": [-4.5, 31.75, -8.25], "size": [4, 5, 0], "pivot": [-0.5, 33.75, -8.25], "rotation": [0, -15, -20], "uv": [233, 59]}
					]
				},
				{
					"name": "locator_seat_1",
					"parent": "chest2",
					"pivot": [0, 38, 9.5],
					"rotation": [-12.5, 0, 0],
					"locators": {
						"seat_1": [0, 38, 9.5]
					}
				},
				{
					"name": "arms",
					"parent": "chest2",
					"pivot": [0, 36, 0]
				},
				{
					"name": "arm_left",
					"parent": "arms",
					"pivot": [6.5, 36.5, 0],
					"cubes": [
						{"origin": [6.5, 30.5, -2.5], "size": [6, 6, 5], "uv": [121, 0]}
					]
				},
				{
					"name": "arm_left2",
					"parent": "arm_left",
					"pivot": [12.5, 36.5, 2.5],
					"cubes": [
						{"origin": [12.5, 30.5, -3], "size": [5, 6, 6], "inflate": 0.01, "uv": [126, 11]}
					]
				},
				{
					"name": "hand_left",
					"parent": "arm_left2",
					"pivot": [17.5, 36.5, 2.5],
					"cubes": [
						{"origin": [17.5, 30.5, -3], "size": [4, 6, 6], "inflate": 0.02, "uv": [148, 11]}
					]
				},
				{
					"name": "locator_hand_secondary",
					"parent": "hand_left",
					"pivot": [21.5, 34, 0],
					"rotation": [0, -90, 0],
					"locators": {
						"hand_secondary": {
							"offset": [21.5, 34, 0],
							"rotation": [0, -90, 0]
						}
					}
				},
				{
					"name": "finger_back_left",
					"parent": "hand_left",
					"pivot": [21.5, 34.75, 2],
					"cubes": [
						{"origin": [21.5, 32.75, 2], "size": [2, 2, 0], "uv": [75, 83]}
					]
				},
				{
					"name": "finger_middle_left",
					"parent": "hand_left",
					"pivot": [21.5, 35.5, 0],
					"cubes": [
						{"origin": [21.5, 33.5, 0], "size": [2, 2, 0], "uv": [75, 85]}
					]
				},
				{
					"name": "finger_front_left",
					"parent": "hand_left",
					"pivot": [21.5, 34.75, -2],
					"cubes": [
						{"origin": [21.5, 32.75, -2], "size": [2, 2, 0], "uv": [75, 87]}
					]
				},
				{
					"name": "arm_right",
					"parent": "arms",
					"pivot": [-6.5, 36.5, 0],
					"cubes": [
						{"origin": [-12.5, 30.5, -2.5], "size": [6, 6, 5], "uv": [143, 0], "mirror": true}
					]
				},
				{
					"name": "arm_right2",
					"parent": "arm_right",
					"pivot": [-12.5, 36.5, 2.5],
					"cubes": [
						{"origin": [-17.5, 30.5, -3], "size": [5, 6, 6], "inflate": 0.01, "uv": [118, 23], "mirror": true}
					]
				},
				{
					"name": "hand_right",
					"parent": "arm_right2",
					"pivot": [-17.5, 36.5, 2.5],
					"cubes": [
						{"origin": [-21.5, 30.5, -3], "size": [4, 6, 6], "inflate": 0.02, "uv": [140, 23], "mirror": true}
					]
				},
				{
					"name": "locator_hand_primary",
					"parent": "hand_right",
					"pivot": [-21.5, 34, 0],
					"rotation": [0, 90, 0],
					"locators": {
						"hand_primary": {
							"offset": [-21.5, 34, 0],
							"rotation": [0, 90, 0]
						},
						"physical": {
							"offset": [-21.5, 34, 0],
							"rotation": [0, 90, 0]
						}
					}
				},
				{
					"name": "locator_item",
					"parent": "hand_right",
					"pivot": [-21.5, 34, 0],
					"locators": {
						"item": [-21.5, 34, 0]
					}
				},
				{
					"name": "finger_back_right",
					"parent": "hand_right",
					"pivot": [-21.5, 34.75, 2],
					"cubes": [
						{"origin": [-23.5, 32.75, 2], "size": [2, 2, 0], "uv": [79, 83], "mirror": true}
					]
				},
				{
					"name": "finger_middle_right",
					"parent": "hand_right",
					"pivot": [-21.5, 35.5, 0],
					"cubes": [
						{"origin": [-23.5, 33.5, 0], "size": [2, 2, 0], "uv": [79, 85], "mirror": true}
					]
				},
				{
					"name": "finger_front_right",
					"parent": "hand_right",
					"pivot": [-21.5, 34.75, -2],
					"cubes": [
						{"origin": [-23.5, 32.75, -2], "size": [2, 2, 0], "uv": [79, 87], "mirror": true}
					]
				},
				{
					"name": "wings",
					"parent": "chest2",
					"pivot": [0, 34, 6.25]
				},
				{
					"name": "wing_left",
					"parent": "wings",
					"pivot": [2.5, 37, 6.25],
					"rotation": [0, -25, 0],
					"cubes": [
						{"origin": [2.5, 26.5, 6.25], "size": [11, 19, 0], "uv": [207, 85]}
					]
				},
				{
					"name": "wing_left2",
					"parent": "wing_left",
					"pivot": [13.5, 45.5, 6.25],
					"cubes": [
						{"origin": [13.5, 23.5, 6.25], "size": [12, 22, 0], "uv": [206, 105]}
					]
				},
				{
					"name": "locator_wing_secondary",
					"parent": "wing_left2",
					"pivot": [14, 44.5, 6.25],
					"locators": {
						"wing2": [14, 44.5, 6.25]
					}
				},
				{
					"name": "wing_right",
					"parent": "wings",
					"pivot": [-2.5, 37, 6.25],
					"rotation": [0, 25, 0],
					"cubes": [
						{"origin": [-13.5, 26.5, 6.25], "size": [11, 19, 0], "uv": [230, 85], "mirror": true}
					]
				},
				{
					"name": "wing_right2",
					"parent": "wing_right",
					"pivot": [-13.5, 45.5, 6.25],
					"cubes": [
						{"origin": [-25.5, 23.5, 6.25], "size": [12, 22, 0], "uv": [231, 105], "mirror": true}
					]
				},
				{
					"name": "locator_wing_primary",
					"parent": "wing_right2",
					"pivot": [-14, 44.5, 6.25],
					"locators": {
						"wing1": [-14, 44.5, 6.25]
					}
				},
				{
					"name": "neck",
					"parent": "chest2",
					"pivot": [0, 37, -0.75],
					"cubes": [
						{"origin": [-4.5, 35, -5.25], "size": [9, 10, 10], "inflate": 0.25, "uv": [0, 24]}
					]
				},
				{
					"name": "head",
					"parent": "neck",
					"pivot": [0, 43.5, -0.25],
					"cubes": [
						{"origin": [-5.5, 41.5, -6.75], "size": [11, 12, 12], "uv": [0, 0]}
					]
				},
				{
					"name": "hat",
					"parent": "head",
					"pivot": [0, 53.5, 0],
					"cubes": [
						{"origin": [-4, 53.5, -4], "size": [8, 1, 8], "uv": [166, 118]},
						{"origin": [-2.5, 54.5, -2.5], "size": [5, 7, 5], "uv": [174, 97]},
						{"origin": [-3.3, 54.55, -3], "size": [3, 3, 0], "pivot": [-1.8, 56.05, -3], "rotation": [-20.02438, -12.47544, -43.21345], "uv": [168, 88]}
					]
				},
				{
					"name": "locator_item_hat",
					"parent": "head",
					"pivot": [0, 56, -0.25],
					"locators": {
						"item_hat": [0, 56, -0.25]
					}
				},
				{
					"name": "locator_head",
					"parent": "head",
					"pivot": [0, 53, -4.25],
					"locators": {
						"head": [0, 53, -4.25]
					}
				},
				{
					"name": "locator_face",
					"parent": "head",
					"pivot": [0, 48, -11.25],
					"locators": {
						"face": [0, 48, -11.25]
					}
				},
				{
					"name": "locator_special",
					"parent": "head",
					"pivot": [0, 42, -13.25],
					"locators": {
						"special": [0, 42, -13.25]
					}
				},
				{
					"name": "locator_item_face",
					"parent": "head",
					"pivot": [0, 49, -6.25],
					"locators": {
						"item_face": [0, 49, -6.25]
					}
				},
				{
					"name": "face_ditto",
					"parent": "head",
					"pivot": [0, 47.125, -6.61125]
				},
				{
					"name": "eyes_ditto",
					"parent": "face_ditto",
					"pivot": [0, 48, -6.66],
					"cubes": [
						{"origin": [-4.5, 45.5, -6.66], "size": [9, 5, 0], "uv": [140, 73]}
					]
				},
				{
					"name": "eyes_blink_ditto",
					"parent": "face_ditto",
					"pivot": [0, 48.25, -6.565],
					"cubes": [
						{"origin": [-5, 47.5, -6.57], "size": [10, 1, 0], "uv": [139, 79]},
						{"origin": [-4.5, 48, -6.58], "size": [9, 1, 0], "uv": [140, 81]}
					]
				},
				{
					"name": "mouth_ditto",
					"parent": "face_ditto",
					"pivot": [0, 45.75, -6.66],
					"cubes": [
						{"origin": [-4.5, 45, -6.67], "size": [9, 1, 0], "uv": [140, 85]},
						{"origin": [-5.5, 45.5, -6.67], "size": [11, 1, 0], "uv": [138, 83]}
					]
				},
				{
					"name": "mouth_open_ditto",
					"parent": "face_ditto",
					"pivot": [0, 45.5, -6.56],
					"cubes": [
						{"origin": [-5.5, 44.5, -6.57], "size": [11, 2, 0], "uv": [138, 87]}
					]
				},
				{
					"name": "face",
					"parent": "head",
					"pivot": [0, 48.5, -6.77]
				},
				{
					"name": "eyes",
					"parent": "face",
					"pivot": [0, 48.5, -6.77]
				},
				{
					"name": "eye_left",
					"parent": "eyes",
					"pivot": [4.52, 48.5, -5.27],
					"cubes": [
						{"origin": [4.5, 46, -6.75], "size": [1, 5, 4], "inflate": 0.01, "uv": [74, 106]}
					]
				},
				{
					"name": "pupil_left",
					"parent": "eye_left",
					"pivot": [4.75, 48.5, -6.5],
					"cubes": [
						{"origin": [4.5, 47, -6.75], "size": [1, 3, 1], "inflate": 0.02, "uv": [81, 105]}
					]
				},
				{
					"name": "locator_eye_left",
					"parent": "pupil_left",
					"pivot": [5, 48.5, -6.75],
					"locators": {
						"eye_left": [5, 48.5, -6.75]
					}
				},
				{
					"name": "eye_shine_left",
					"parent": "eye_left",
					"pivot": [5, 50, -6.25],
					"cubes": [
						{"origin": [4.5, 49.5, -6.75], "size": [1, 1, 1], "inflate": 0.03, "uv": [73, 107]}
					]
				},
				{
					"name": "eye_angry_left",
					"parent": "eye_left",
					"pivot": [4.9, 50.5, -5.15],
					"cubes": [
						{"origin": [4.4, 49.5, -6.65], "size": [1, 2, 3], "inflate": 0.04, "uv": [118, 110]}
					]
				},
				{
					"name": "eye_sad_left",
					"parent": "eye_left",
					"pivot": [4.9, 50.5, -4.65],
					"cubes": [
						{"origin": [4.4, 49.5, -6.65], "size": [1, 2, 4], "inflate": 0.04, "uv": [127, 109]}
					]
				},
				{
					"name": "eye_right",
					"parent": "eyes",
					"pivot": [-4.52, 48.5, -5.27],
					"cubes": [
						{"origin": [-5.5, 46, -6.75], "size": [1, 5, 4], "inflate": 0.01, "uv": [74, 118], "mirror": true}
					]
				},
				{
					"name": "pupil_right",
					"parent": "eye_right",
					"pivot": [-4.75, 48.5, -6.5],
					"cubes": [
						{"origin": [-5.5, 47, -6.75], "size": [1, 3, 1], "inflate": 0.02, "uv": [81, 117], "mirror": true}
					]
				},
				{
					"name": "locator_eye_right",
					"parent": "pupil_right",
					"pivot": [-5, 48.5, -6.75],
					"locators": {
						"eye_right": [-5, 48.5, -6.75]
					}
				},
				{
					"name": "eye_shine_right",
					"parent": "eye_right",
					"pivot": [-5, 50, -6.25],
					"cubes": [
						{"origin": [-5.5, 49.5, -6.75], "size": [1, 1, 1], "inflate": 0.03, "uv": [73, 119], "mirror": true}
					]
				},
				{
					"name": "eye_angry_right",
					"parent": "eye_right",
					"pivot": [-4.9, 50.5, -5.15],
					"cubes": [
						{"origin": [-5.4, 49.5, -6.65], "size": [1, 2, 3], "inflate": 0.04, "uv": [118, 122], "mirror": true}
					]
				},
				{
					"name": "eye_sad_right",
					"parent": "eye_right",
					"pivot": [-4.9, 50.5, -4.65],
					"cubes": [
						{"origin": [-5.4, 49.5, -6.65], "size": [1, 2, 4], "inflate": 0.04, "uv": [127, 121], "mirror": true}
					]
				},
				{
					"name": "eyelid_left",
					"parent": "eyes",
					"pivot": [4.9, 48.5, -4.65],
					"cubes": [
						{"origin": [4.4, 46, -6.65], "size": [1, 5, 4], "inflate": 0.04, "uv": [85, 106]}
					]
				},
				{
					"name": "eyelid_right",
					"parent": "eyes",
					"pivot": [-4.9, 48.5, -4.65],
					"cubes": [
						{"origin": [-5.4, 46, -6.65], "size": [1, 5, 4], "inflate": 0.04, "uv": [85, 118], "mirror": true}
					]
				},
				{
					"name": "eyelid_happy_left",
					"parent": "eyes",
					"pivot": [4.9, 48.5, -4.69],
					"cubes": [
						{"origin": [4.4, 46, -6.69], "size": [1, 5, 4], "inflate": 0.04, "uv": [107, 106]}
					]
				},
				{
					"name": "eyelid_happy_right",
					"parent": "eyes",
					"pivot": [-4.9, 48.5, -4.69],
					"cubes": [
						{"origin": [-5.4, 46, -6.69], "size": [1, 5, 4], "inflate": 0.04, "uv": [107, 118], "mirror": true}
					]
				},
				{
					"name": "eyelid_recoil_left",
					"parent": "eyes",
					"pivot": [4.9, 48.5, -4.65],
					"cubes": [
						{"origin": [4.4, 46, -6.65], "size": [1, 5, 4], "inflate": 0.04, "uv": [96, 106]}
					]
				},
				{
					"name": "eyelid_recoil_right",
					"parent": "eyes",
					"pivot": [-4.9, 48.5, -4.65],
					"cubes": [
						{"origin": [-5.4, 46, -6.65], "size": [1, 5, 4], "inflate": 0.04, "uv": [96, 118], "mirror": true}
					]
				},
				{
					"name": "muzzle",
					"parent": "face",
					"pivot": [0, 48, -6.75],
					"cubes": [
						{"origin": [-4.5, 41.5, -11.75], "size": [9, 6, 5], "uv": [38, 33]}
					]
				},
				{
					"name": "mouth",
					"parent": "muzzle",
					"pivot": [0, 41.5, -7.75]
				},
				{
					"name": "locator_mouth",
					"parent": "mouth",
					"pivot": [0, 41.5, -7.75],
					"locators": {
						"mouth": [0, 41.5, -7.75]
					}
				},
				{
					"name": "mouth_closed",
					"parent": "mouth",
					"pivot": [0, 42.5, -7.75],
					"cubes": [
						{"origin": [-4.5, 41.5, -8.75], "size": [9, 2, 2], "inflate": 0.01, "uv": [138, 115]}
					]
				},
				{
					"name": "mouth_sad",
					"parent": "mouth",
					"pivot": [0, 42.6, -7.75],
					"cubes": [
						{"origin": [-4.5, 41.58, -8.75], "size": [9, 1, 2], "inflate": -0.01, "uv": [138, 105]}
					]
				},
				{
					"name": "mouth_open",
					"parent": "mouth",
					"pivot": [0, 42.5, -8.25],
					"cubes": [
						{"origin": [-4.5, 41.58, -9.75], "size": [9, 2, 3], "inflate": -0.01, "uv": [138, 109]}
					]
				},
				{
					"name": "spike",
					"parent": "head",
					"pivot": [0, 53.5, -0.25],
					"rotation": [-5, 0, 0],
					"cubes": [
						{"origin": [-1.5, 53.25, -1.75], "size": [3, 2, 3], "uv": [0, 0]},
						{"origin": [-1, 54.75, -1.25], "size": [2, 2, 2], "uv": [0, 5]}
					]
				},
				{
					"name": "locator_horn",
					"parent": "spike",
					"pivot": [0, 56.5, -0.25],
					"locators": {
						"horn": [0, 56.5, -0.25]
					}
				},
				{
					"name": "antennae",
					"parent": "head",
					"pivot": [0, 53, -4.75]
				},
				{
					"name": "antenna_left",
					"parent": "antennae",
					"pivot": [2.5, 53.5, -4.75],
					"cubes": [
						{"origin": [2, 52.5, -4.75], "size": [6, 4, 0], "uv": [1, 77]}
					]
				},
				{
					"name": "antenna_left2",
					"parent": "antenna_left",
					"pivot": [8, 55.5, -4.75],
					"cubes": [
						{"origin": [8, 54.5, -4.75], "size": [5, 3, 0], "uv": [12, 68]}
					]
				},
				{
					"name": "antenna_right",
					"parent": "antennae",
					"pivot": [-2.5, 53.5, -4.75],
					"cubes": [
						{"origin": [-8, 52.5, -4.75], "size": [6, 4, 0], "uv": [1, 72], "mirror": true}
					]
				},
				{
					"name": "antenna_right2",
					"parent": "antenna_right",
					"pivot": [-8, 55.5, -4.75],
					"cubes": [
						{"origin": [-13, 54.5, -4.75], "size": [5, 3, 0], "uv": [1, 68], "mirror": true}
					]
				},
				{
					"name": "tail1",
					"parent": "torso",
					"pivot": [0, 11, -4],
					"cubes": [
						{"origin": [-7, 6, -9], "size": [14, 13, 23], "uv": [0, 67]}
					]
				},
				{
					"name": "locator_seat_2",
					"parent": "tail1",
					"pivot": [0, 19, 11.5],
					"rotation": [-12.5, 0, 0],
					"locators": {
						"seat_2": [0, 19, 11.5]
					}
				},
				{
					"name": "tail2",
					"parent": "tail1",
					"pivot": [0, 12, 14],
					"cubes": [
						{"origin": [-5, 6.5, 12.5], "size": [10, 11, 12], "uv": [84, 46]}
					]
				},
				{
					"name": "tail3",
					"parent": "tail2",
					"pivot": [0, 12, 24.5],
					"cubes": [
						{"origin": [-4, 8, 23.5], "size": [8, 8, 12], "uv": [90, 24]}
					]
				},
				{
					"name": "tail4",
					"parent": "tail3",
					"pivot": [0, 12.25, 35.5],
					"cubes": [
						{"origin": [-3, 9.25, 34.5], "size": [6, 6, 12], "uv": [118, 35]}
					]
				},
				{
					"name": "locator_tail",
					"parent": "tail4",
					"pivot": [0, 12.25, 40.5],
					"rotation": [180, 0, 0],
					"locators": {
						"tail": {
							"offset": [0, 12.25, 40.5],
							"rotation": [180, 0, 0]
						}
					}
				},
				{
					"name": "tail5",
					"parent": "tail4",
					"pivot": [0, 12.75, 46.5],
					"cubes": [
						{"origin": [-2, 10.75, 45.5], "size": [4, 4, 11], "uv": [102, 1]}
					]
				},
				{
					"name": "locator_tail_tip",
					"parent": "tail5",
					"pivot": [0, 12.75, 56.5],
					"rotation": [180, 0, 0],
					"locators": {
						"tail_tip": {
							"offset": [0, 12.75, 56.5],
							"rotation": [180, 0, 0]
						}
					}
				},
				{
					"name": "legs",
					"parent": "body",
					"pivot": [0, 14, 0]
				},
				{
					"name": "leg_left",
					"parent": "legs",
					"pivot": [10, 14.5, 0],
					"cubes": [
						{"origin": [5.5, 6.5, -6], "size": [9, 13, 12], "uv": [54, 33]}
					]
				},
				{
					"name": "leg_left2",
					"parent": "leg_left",
					"pivot": [13.5, 6, 0.5],
					"cubes": [
						{"origin": [6.5, 4, -3.5], "size": [7, 3, 8], "inflate": 0.01, "uv": [0, 103]}
					]
				},
				{
					"name": "leg_left3",
					"parent": "leg_left2",
					"pivot": [9.75, 4, 1],
					"cubes": [
						{"origin": [7.25, 2, -2.5], "size": [5, 3, 7], "uv": [43, 115]}
					]
				},
				{
					"name": "foot_left",
					"parent": "leg_left3",
					"pivot": [9.75, 3, 1.5],
					"cubes": [
						{"origin": [7.25, 0, -3.25], "size": [5, 3, 9], "inflate": 0.01, "uv": [83, 0]}
					]
				},
				{
					"name": "locator_foot_secondary",
					"parent": "foot_left",
					"pivot": [9.75, 1.5, -2.5],
					"rotation": [90, 0, 0],
					"locators": {
						"foot_secondary": [9.75, 1.5, -2.5]
					}
				},
				{
					"name": "foot_left2",
					"parent": "foot_left",
					"pivot": [9.75, 0, -3.25],
					"cubes": [
						{"origin": [6.25, 0, -9.25], "size": [7, 3, 6], "inflate": 0.02, "uv": [24, 112]}
					]
				},
				{
					"name": "toe_inner_left",
					"parent": "foot_left2",
					"pivot": [7.25, 3, -9.25],
					"cubes": [
						{"origin": [7.25, 0, -12.25], "size": [0, 3, 3], "uv": [51, 80]}
					]
				},
				{
					"name": "toe_middle_left",
					"parent": "foot_left2",
					"pivot": [9.75, 3, -9.25],
					"cubes": [
						{"origin": [9.75, 0, -12.25], "size": [0, 3, 3], "uv": [51, 83]}
					]
				},
				{
					"name": "toe_outer_left",
					"parent": "foot_left2",
					"pivot": [12.25, 3, -9.25],
					"cubes": [
						{"origin": [12.25, 0, -12.25], "size": [0, 3, 3], "uv": [63, 80]}
					]
				},
				{
					"name": "leg_right",
					"parent": "legs",
					"pivot": [-10, 14.5, 0],
					"cubes": [
						{"origin": [-14.5, 6.5, -6], "size": [9, 13, 12], "uv": [51, 58], "mirror": true}
					]
				},
				{
					"name": "leg_right2",
					"parent": "leg_right",
					"pivot": [-13.5, 6, 0.5],
					"cubes": [
						{"origin": [-13.5, 4, -3.5], "size": [7, 3, 8], "inflate": 0.01, "uv": [0, 114], "mirror": true}
					]
				},
				{
					"name": "leg_right3",
					"parent": "leg_right2",
					"pivot": [-9.75, 4, 1],
					"cubes": [
						{"origin": [-12.25, 2, -2.5], "size": [5, 3, 7], "uv": [49, 105], "mirror": true}
					]
				},
				{
					"name": "foot_right",
					"parent": "leg_right3",
					"pivot": [-9.75, 3, 1.5],
					"cubes": [
						{"origin": [-12.25, 0, -3.25], "size": [5, 3, 9], "inflate": 0.01, "uv": [83, 12], "mirror": true}
					]
				},
				{
					"name": "locator_foot_primary",
					"parent": "foot_right",
					"pivot": [-9.75, 1.5, -2.5],
					"rotation": [90, 0, 0],
					"locators": {
						"foot_primary": [-9.75, 1.5, -2.5]
					}
				},
				{
					"name": "foot_right2",
					"parent": "foot_right",
					"pivot": [-9.75, 0, -3.25],
					"cubes": [
						{"origin": [-13.25, 0, -9.25], "size": [7, 3, 6], "inflate": 0.02, "uv": [30, 103], "mirror": true}
					]
				},
				{
					"name": "toe_inner_right",
					"parent": "foot_right2",
					"pivot": [-7.25, 3, -9.25],
					"cubes": [
						{"origin": [-7.25, 0, -12.25], "size": [0, 3, 3], "uv": [57, 80], "mirror": true}
					]
				},
				{
					"name": "toe_middle_right",
					"parent": "foot_right2",
					"pivot": [-9.75, 3, -9.25],
					"cubes": [
						{"origin": [-9.75, 0, -12.25], "size": [0, 3, 3], "uv": [57, 83], "mirror": true}
					]
				},
				{
					"name": "toe_outer_right",
					"parent": "foot_right2",
					"pivot": [-12.25, 3, -9.25],
					"cubes": [
						{"origin": [-12.25, 0, -12.25], "size": [0, 3, 3], "uv": [69, 80], "mirror": true}
					]
				}
			]
		}
	]
}