{
	"format_version": "1.12.0",
	"minecraft:geometry": [
		{
			"description": {
				"identifier": "geometry.vulpix_alola",
				"texture_width": 64,
				"texture_height": 164,
				"visible_bounds_width": 4,
				"visible_bounds_height": 2.5,
				"visible_bounds_offset": [0, 0.75, 0]
			},
			"bones": [
				{
					"name": "vulpix_alolan",
					"pivot": [0, 0, 0]
				},
				{
					"name": "body",
					"parent": "vulpix_alolan",
					"pivot": [0, 6.5, 0]
				},
				{
					"name": "torso",
					"parent": "body",
					"pivot": [0, 7.5, 3.75],
					"cubes": [
						{"origin": [-2.5, 5, -1], "size": [5, 5, 6], "uv": [20, 14]},
						{"origin": [-6.5, 10, -2], "size": [4, 0, 7], "pivot": [-2.5, 10, 0], "rotation": [0, 0, -62.5], "uv": [23, 76], "mirror": true},
						{"origin": [2.5, 10, -2], "size": [4, 0, 7], "pivot": [2.5, 10, 0], "rotation": [0, 0, 62.5], "uv": [33, 76]}
					]
				},
				{
					"name": "flower4",
					"parent": "torso",
					"pivot": [4.0804, 7.98845, 1.73665],
					"rotation": [0, -45, 62.5],
					"cubes": [
						{"origin": [3.5804, 7.5944, 1.25], "size": [1, 1, 1], "uv": [39, 73]},
						{"origin": [3.5804, 7.5944, 2.25], "size": [1, 0, 1], "pivot": [3.5804, 7.5944, 2.25], "rotation": [55, 0, 0], "uv": [2, 3]},
						{"origin": [3.5804, 7.5944, 0.25], "size": [1, 0, 1], "pivot": [3.5804, 7.5944, 1.25], "rotation": [-45, 0, 0], "uv": [2, 3]},
						{"origin": [4.5804, 7.5944, 1.25], "size": [1, 0, 1], "pivot": [4.5804, 7.5944, 2.25], "rotation": [0, 0, -45], "uv": [0, 5]},
						{"origin": [2.5804, 7.5944, 1.25], "size": [1, 0, 1], "pivot": [3.5804, 7.5944, 2.25], "rotation": [0, 0, 45], "uv": [-1, 3], "mirror": true}
					]
				},
				{
					"name": "flower5",
					"parent": "torso",
					"pivot": [-3.3304, 7.98845, 1.73665],
					"rotation": [0, 45, -62.5],
					"cubes": [
						{"origin": [-3.75, 8.25, 1.25], "size": [1, 1, 1], "uv": [24, 105], "mirror": true},
						{"origin": [-3.75, 8.25, 2.25], "size": [1, 0, 1], "pivot": [-2.75, 8.25, 2.25], "rotation": [55, 0, 0], "uv": [28, 102], "mirror": true},
						{"origin": [-3.75, 8.25, 0.25], "size": [1, 0, 1], "pivot": [-2.75, 8.25, 1.25], "rotation": [-45, 0, 0], "uv": [32, 97], "mirror": true},
						{"origin": [-4.75, 8.25, 1.25], "size": [1, 0, 1], "pivot": [-3.75, 8.25, 2.25], "rotation": [0, 0, 45], "uv": [29, 99], "mirror": true},
						{"origin": [-2.75, 8.25, 1.25], "size": [1, 0, 1], "pivot": [-2.75, 8.25, 2.25], "rotation": [0, 0, -45], "uv": [29, 97]}
					]
				},
				{
					"name": "chest",
					"parent": "torso",
					"pivot": [0, 7.5, -0.5],
					"cubes": [
						{"origin": [-2.5, 5, -5], "size": [5, 5, 5], "inflate": 0.01, "uv": [0, 14]}
					]
				},
				{
					"name": "neck",
					"parent": "chest",
					"pivot": [0, 7.75, -2.75],
					"rotation": [20, 0, 0],
					"cubes": [
						{"origin": [-2, 6.75, -4.75], "size": [4, 5, 4], "uv": [28, 5]}
					]
				},
				{
					"name": "bone",
					"parent": "neck",
					"pivot": [1.5, 7.75, -6],
					"rotation": [5, 0, 0],
					"cubes": [
						{"origin": [0.5, 7.75, -6], "size": [3, 3, 0], "uv": [47, 64], "mirror": true},
						{"origin": [-3.5, 7.75, -6], "size": [3, 3, 0], "uv": [50, 68]},
						{"origin": [-2.75, 5.75, -6], "size": [3, 3, 0], "pivot": [-0.75, 8.75, -6], "rotation": [-2.5, 0, 12.5], "uv": [29, 65]},
						{"origin": [-0.25, 5.75, -6], "size": [3, 3, 0], "pivot": [0.75, 8.75, -6], "rotation": [-2.5, 0, -12.5], "uv": [50, 72], "mirror": true}
					]
				},
				{
					"name": "flower3",
					"parent": "bone",
					"pivot": [0, 8.5, -6.25],
					"rotation": [81.09072, -8.80348, -44.31282],
					"cubes": [
						{"origin": [-1, 8.5, -7.25], "size": [2, 2, 2], "uv": [50, 106]},
						{"origin": [-1, 8.5, -5.25], "size": [2, 0, 2], "pivot": [0, 8.5, -5.25], "rotation": [55, 0, 0], "uv": [31, 39]},
						{"origin": [-1, 8.5, -9.25], "size": [2, 0, 2], "pivot": [0, 8.5, -7.25], "rotation": [-45, 0, 0], "uv": [34, 69]},
						{"origin": [1, 8.5, -7.25], "size": [2, 0, 2], "pivot": [1, 8.5, -6.25], "rotation": [0, 0, -45], "uv": [34, 66]},
						{"origin": [-3, 8.5, -7.25], "size": [2, 0, 2], "pivot": [-1, 8.5, -6.25], "rotation": [0, 0, 45], "uv": [39, 66], "mirror": true}
					]
				},
				{
					"name": "head",
					"parent": "neck",
					"pivot": [0, 12.25, -1.25],
					"rotation": [-20, 0, 0]
				},
				{
					"name": "head_rotation",
					"parent": "head",
					"pivot": [0, 11.25, -2.25],
					"cubes": [
						{"origin": [-3.5, 9.25, -7.25], "size": [7, 7, 7], "uv": [0, 0]}
					]
				},
				{
					"name": "hat",
					"parent": "head_rotation",
					"pivot": [0.00024, 13.48305, -2.85662],
					"cubes": [
						{"origin": [-4.5, 20, -9], "size": [9, 0, 10], "pivot": [0, 16, -3], "rotation": [-15, 0, 0], "uv": [33, 85]},
						{"origin": [-4.5, 12, 1], "size": [9, 8, 0], "pivot": [0, 16, -3], "rotation": [-15, 0, 0], "uv": [23, 85]},
						{"origin": [-3, 11.85235, -0.28274], "size": [6, 5, 3], "pivot": [0, 14.35235, 1.21726], "rotation": [-5, 0, 0], "uv": [9, 75]},
						{"origin": [-4.25, 7.17037, -3.2941], "size": [0, 4, 1], "pivot": [-4.25, 10.17037, -1.2941], "rotation": [-34.08151, -7.44958, -18.30282], "uv": [23, 67]},
						{"origin": [4.5, 12, -9], "size": [0, 8, 10], "pivot": [0, 16, -3], "rotation": [-15, 0, 0], "uv": [1, 75], "mirror": true},
						{"origin": [4.5, 10.17037, -4.2941], "size": [0, 2, 4], "pivot": [4.5, 12.17037, -4.2941], "rotation": [-12.0012, 9.06524, 36.54514], "uv": [26, 69], "mirror": true},
						{"origin": [4.25, 7.17037, -3.2941], "size": [0, 4, 1], "pivot": [4.25, 10.17037, -1.2941], "rotation": [-34.08151, 7.44958, 18.30282], "uv": [58, 66], "mirror": true},
						{"origin": [-3.5, 8.99066, -4.50212], "size": [7, 0, 1], "pivot": [3.31602, 8.99066, -4.00212], "rotation": [32.25706, 2.12814, -0.37995], "uv": [25, 95], "mirror": true},
						{"origin": [-4.5, 12, -9], "size": [0, 8, 10], "pivot": [0, 16, -3], "rotation": [-15, 0, 0], "uv": [2, 56]},
						{"origin": [-4.5, 10.17037, -4.2941], "size": [0, 2, 4], "pivot": [-4.5, 12.17037, -4.2941], "rotation": [-12.0012, -9.06524, -36.54514], "uv": [15, 92]}
					]
				},
				{
					"name": "flower2",
					"parent": "hat",
					"pivot": [-5, 16.75, -5.25],
					"rotation": [25.94102, 8.42106, -73.44102],
					"cubes": [
						{"origin": [-6, 16.75, -6.25], "size": [2, 2, 2], "uv": [2, 100]},
						{"origin": [-6, 16.75, -4.25], "size": [2, 0, 2], "pivot": [-5, 16.75, -4.25], "rotation": [55, 0, 0], "uv": [1, 97]},
						{"origin": [-6, 16.75, -8.25], "size": [2, 0, 2], "pivot": [-5, 16.75, -6.25], "rotation": [-45, 0, 0], "uv": [6, 97]},
						{"origin": [-4, 16.75, -6.25], "size": [2, 0, 2], "pivot": [-4, 16.75, -5.25], "rotation": [0, 0, -45], "uv": [4, 94]},
						{"origin": [-8, 16.75, -6.25], "size": [2, 0, 2], "pivot": [-6, 16.75, -5.25], "rotation": [0, 0, 45], "uv": [-1, 94], "mirror": true}
					]
				},
				{
					"name": "flower",
					"parent": "hat",
					"pivot": [5, 16, -5.75],
					"rotation": [7.12165, -4.98093, 66.1822],
					"cubes": [
						{"origin": [4, 16, -6.75], "size": [2, 2, 2], "uv": [12, 103]},
						{"origin": [4, 16, -4.75], "size": [2, 0, 2], "pivot": [5, 16, -4.75], "rotation": [55, 0, 0], "uv": [16, 100]},
						{"origin": [4, 16, -8.75], "size": [2, 0, 2], "pivot": [5, 16, -6.75], "rotation": [-45, 0, 0], "uv": [20, 100]},
						{"origin": [6, 16, -6.75], "size": [2, 0, 2], "pivot": [6, 16, -5.75], "rotation": [0, 0, -45], "uv": [12, 100]},
						{"origin": [2, 16, -6.75], "size": [2, 0, 2], "pivot": [4, 16, -5.75], "rotation": [0, 0, 45], "uv": [23, 97], "mirror": true}
					]
				},
				{
					"name": "eyes",
					"parent": "head_rotation",
					"pivot": [0, 12.85, -6.75]
				},
				{
					"name": "eye_left",
					"parent": "eyes",
					"pivot": [2.41, 12.6, -6.16],
					"cubes": [
						{"origin": [1.41, 11.6, -7.16], "size": [2, 2, 2], "inflate": 0.1, "uv": [15, 14]}
					]
				},
				{
					"name": "eye_angry_left",
					"parent": "eye_left",
					"pivot": [2.81, 13.6, -6.57],
					"cubes": [
						{"origin": [1.31, 12.6, -7.07], "size": [1, 1, 0], "inflate": 0.11, "uv": [15, 14]},
						{"origin": [2.31, 13.1, -7.07], "size": [1, 1, 1], "inflate": 0.11, "uv": [21, 14]}
					]
				},
				{
					"name": "eye_sad_left",
					"parent": "eye_left",
					"pivot": [2.81, 13.6, -6.57],
					"cubes": [
						{"origin": [2.31, 13.1, -7.07], "size": [1, 1, 1], "inflate": 0.11, "uv": [18, 25]}
					]
				},
				{
					"name": "pupil_left",
					"parent": "eye_left",
					"pivot": [2.16, 12.85, -7.17],
					"cubes": [
						{"origin": [1.66, 12.35, -7.17], "size": [1, 1, 0], "inflate": 0.1, "uv": [0, 0]}
					]
				},
				{
					"name": "eyelid_left",
					"parent": "eye_left",
					"pivot": [2.31, 12.6, -6.07],
					"cubes": [
						{"origin": [1.31, 11.6, -7.07], "size": [2, 2, 2], "inflate": 0.11, "uv": [0, 58]}
					]
				},
				{
					"name": "eyelid_happy_left",
					"parent": "eye_left",
					"pivot": [2.31, 12.6, -6.07],
					"cubes": [
						{"origin": [1.31, 11.6, -7.07], "size": [2, 2, 2], "inflate": 0.11, "uv": [55, 43]}
					]
				},
				{
					"name": "eyelid_recoil_left",
					"parent": "eye_left",
					"pivot": [2.31, 12.6, -6.07],
					"cubes": [
						{"origin": [1.31, 11.6, -7.07], "size": [2, 2, 2], "inflate": 0.11, "uv": [46, 59]}
					]
				},
				{
					"name": "eye_right",
					"parent": "eyes",
					"pivot": [-2.41, 12.6, -6.16],
					"cubes": [
						{"origin": [-3.41, 11.6, -7.16], "size": [2, 2, 2], "inflate": 0.1, "uv": [18, 30], "mirror": true}
					]
				},
				{
					"name": "eye_angry_right",
					"parent": "eye_right",
					"pivot": [-2.81, 13.6, -6.57],
					"cubes": [
						{"origin": [-2.31, 12.6, -7.07], "size": [1, 1, 0], "inflate": 0.11, "uv": [15, 15], "mirror": true},
						{"origin": [-3.31, 13.1, -7.07], "size": [1, 1, 1], "inflate": 0.11, "uv": [20, 18], "mirror": true}
					]
				},
				{
					"name": "eye_sad_right",
					"parent": "eye_right",
					"pivot": [-2.81, 13.6, -6.57],
					"cubes": [
						{"origin": [-3.31, 13.1, -7.07], "size": [1, 1, 1], "inflate": 0.11, "uv": [26, 25], "mirror": true}
					]
				},
				{
					"name": "pupil_right",
					"parent": "eye_right",
					"pivot": [-2.16, 12.85, -7.17],
					"cubes": [
						{"origin": [-2.66, 12.35, -7.17], "size": [1, 1, 0], "inflate": 0.1, "uv": [0, 1], "mirror": true}
					]
				},
				{
					"name": "eyelid_right",
					"parent": "eye_right",
					"pivot": [-2.31, 12.6, -6.07],
					"cubes": [
						{"origin": [-3.31, 11.6, -7.07], "size": [2, 2, 2], "inflate": 0.11, "uv": [6, 60], "mirror": true}
					]
				},
				{
					"name": "eyelid_happy_right",
					"parent": "eye_right",
					"pivot": [-2.31, 12.6, -6.07],
					"cubes": [
						{"origin": [-3.31, 11.6, -7.07], "size": [2, 2, 2], "inflate": 0.11, "uv": [54, 50], "mirror": true}
					]
				},
				{
					"name": "eyelid_recoil_right",
					"parent": "eye_right",
					"pivot": [-2.31, 12.6, -6.07],
					"cubes": [
						{"origin": [-3.31, 11.6, -7.07], "size": [2, 2, 2], "inflate": 0.11, "uv": [54, 59], "mirror": true}
					]
				},
				{
					"name": "muzzle",
					"parent": "head_rotation",
					"pivot": [0, 12.3, -7.75],
					"rotation": [2.5, 0, 0],
					"cubes": [
						{"origin": [-1.5, 9.3, -8.75], "size": [3, 2, 2], "inflate": 0.1, "uv": [45, 0]}
					]
				},
				{
					"name": "mouth",
					"parent": "muzzle",
					"pivot": [0, 9.29, -8.25],
					"cubes": [
						{"origin": [-1, 9.29, -8.25], "size": [2, 0, 2], "inflate": 0.01, "uv": [0, 0]}
					]
				},
				{
					"name": "hair",
					"parent": "head_rotation",
					"pivot": [0, 16.25, -4.25],
					"rotation": [-5, 0, 0]
				},
				{
					"name": "hair_left",
					"parent": "hair",
					"pivot": [1.5, 15.65, -3.25],
					"rotation": [0, 0, 10],
					"cubes": [
						{"origin": [0.75, 16.15, -5.85], "size": [3, 3, 4], "pivot": [2.25, 18.15, -4.35], "rotation": [0, -12.5, 0], "uv": [32, 26]}
					]
				},
				{
					"name": "hair_right",
					"parent": "hair",
					"pivot": [-1.5, 15.65, -3.25],
					"rotation": [0, 0, -10],
					"cubes": [
						{"origin": [-3.75, 15.9, -7.5], "size": [3, 3, 5], "pivot": [-2.25, 17.9, -5], "rotation": [0, 2.5, 0], "uv": [46, 26], "mirror": true}
					]
				},
				{
					"name": "hair_middle",
					"parent": "hair",
					"pivot": [0, 15.65, -3.25],
					"cubes": [
						{"origin": [-1.5, 15.65, -6.85], "size": [3, 4, 5], "inflate": 0.1, "pivot": [0, 17.65, -4.35], "rotation": [0, -7.5, 0], "uv": [42, 17]}
					]
				},
				{
					"name": "hair_front",
					"parent": "head_rotation",
					"pivot": [0, 16.25, -7.25],
					"rotation": [-22.5, 0, 0],
					"cubes": [
						{"origin": [-2.5, 14.25, -7.25], "size": [5, 2, 0], "uv": [53, 20]},
						{"origin": [-1.5, 13.75, -7.76], "size": [3, 3, 1], "uv": [42, 26]}
					]
				},
				{
					"name": "ears",
					"parent": "head_rotation",
					"pivot": [0, 14.75, -6],
					"rotation": [10, 0, 0]
				},
				{
					"name": "ear_left",
					"parent": "ears",
					"pivot": [3, 14.75, -5.25],
					"rotation": [50, -30, -40]
				},
				{
					"name": "ear_left_rotation",
					"parent": "ear_left",
					"pivot": [2.75, 13.5, -5.25],
					"cubes": [
						{"origin": [3, 10.5, -5.25], "size": [6, 5, 0], "pivot": [5.5, 13.5, -5.25], "rotation": [5, 0, 0], "uv": [21, 0]},
						{"origin": [2.75, 12.25, -5.35], "size": [3, 2, 0], "pivot": [3, 13.5, -5.35], "rotation": [0, 7.5, -7.5], "uv": [26, 5]},
						{"origin": [2.75, 11, -5.35], "size": [2, 1, 0], "pivot": [3.25, 11.5, -5.35], "rotation": [0, 7.5, 25], "uv": [28, 7]}
					]
				},
				{
					"name": "ear_right",
					"parent": "ears",
					"pivot": [-3, 14.75, -5.25],
					"rotation": [50, 30, 40]
				},
				{
					"name": "ear_right_rotation",
					"parent": "ear_right",
					"pivot": [-2.75, 13.5, -5.25],
					"cubes": [
						{"origin": [-9, 10.5, -5.25], "size": [6, 5, 0], "pivot": [-5.5, 13.5, -5.25], "rotation": [5, 0, 0], "uv": [33, 0], "mirror": true},
						{"origin": [-5.75, 12.25, -5.35], "size": [3, 2, 0], "pivot": [-3, 13.5, -5.35], "rotation": [0, -7.5, 7.5], "uv": [40, 5], "mirror": true},
						{"origin": [-4.75, 11, -5.35], "size": [2, 1, 0], "pivot": [-3.25, 11.5, -5.35], "rotation": [0, -7.5, -25], "uv": [28, 8], "mirror": true}
					]
				},
				{
					"name": "tail",
					"parent": "torso",
					"pivot": [0, 10, 4.25]
				},
				{
					"name": "tail_left1",
					"parent": "tail",
					"pivot": [0.25, 9.5, 4.25],
					"rotation": [37.5, 7.5, 2.5],
					"cubes": [
						{"origin": [-0.75, 8, 4.25], "size": [2, 2, 3], "inflate": 0.01, "uv": [11, 32], "mirror": true}
					]
				},
				{
					"name": "tail_left1_2",
					"parent": "tail_left1",
					"pivot": [0.25, 10, 7.25],
					"rotation": [-20, 0, 0],
					"cubes": [
						{"origin": [-1.25, 7.25, 7.25], "size": [3, 3, 5], "inflate": 0.02, "uv": [0, 32], "mirror": true}
					]
				},
				{
					"name": "tail_left1_3",
					"parent": "tail_left1_2",
					"pivot": [0.25, 8, 11.25],
					"rotation": [-17.5, 0, 0],
					"cubes": [
						{"origin": [-1.5, 6.25, 11.25], "size": [4, 5, 4], "inflate": 0.02, "uv": [0, 40], "mirror": true}
					]
				},
				{
					"name": "tail_left2",
					"parent": "tail",
					"pivot": [0.75, 9.5, 4.25],
					"rotation": [20, 32.5, 0]
				},
				{
					"name": "tail_left2_rotation",
					"parent": "tail_left2",
					"pivot": [0.75, 9.5, 4.25],
					"cubes": [
						{"origin": [-0.25, 8, 4.25], "size": [2, 2, 3], "inflate": 0.01, "uv": [37, 33], "mirror": true}
					]
				},
				{
					"name": "tail_left2_2",
					"parent": "tail_left2_rotation",
					"pivot": [0.75, 10, 7.25],
					"rotation": [-12.5, 0, 0],
					"cubes": [
						{"origin": [-0.75, 7.25, 7.25], "size": [3, 3, 4], "inflate": 0.02, "uv": [50, 36], "mirror": true}
					]
				},
				{
					"name": "tail_left2_3",
					"parent": "tail_left2_2",
					"pivot": [0.75, 8, 10.25],
					"rotation": [-17.5, 0, 0],
					"cubes": [
						{"origin": [-1.25, 6.25, 10.25], "size": [4, 5, 4], "inflate": 0.02, "uv": [0, 49], "mirror": true}
					]
				},
				{
					"name": "tail_left3",
					"parent": "tail",
					"pivot": [0.75, 9.4, 4.25],
					"rotation": [7.5, 55, 0]
				},
				{
					"name": "tail_left3_rotation",
					"parent": "tail_left3",
					"pivot": [0.75, 9.4, 4.25],
					"cubes": [
						{"origin": [-0.25, 7.9, 4.25], "size": [2, 2, 3], "inflate": 0.01, "uv": [13, 56], "mirror": true}
					]
				},
				{
					"name": "tail_left3_2",
					"parent": "tail_left3_rotation",
					"pivot": [0.75, 9.9, 7.25],
					"rotation": [-22.5, 0, 0],
					"cubes": [
						{"origin": [-0.75, 7.15, 7.25], "size": [3, 3, 4], "inflate": 0.02, "uv": [45, 43], "mirror": true}
					]
				},
				{
					"name": "tail_left3_3",
					"parent": "tail_left3_2",
					"pivot": [0.75, 7.9, 10.25],
					"rotation": [-10, 0, 0],
					"cubes": [
						{"origin": [-1.25, 6.15, 10.25], "size": [4, 5, 4], "inflate": 0.02, "uv": [30, 55], "mirror": true}
					]
				},
				{
					"name": "tail_right1",
					"parent": "tail",
					"pivot": [-0.25, 9.5, 4.25],
					"rotation": [37.5, -7.5, -2.5],
					"cubes": [
						{"origin": [-1.25, 8, 4.25], "size": [2, 2, 3], "uv": [13, 37]}
					]
				},
				{
					"name": "tail_right1_2",
					"parent": "tail_right1",
					"pivot": [-0.25, 10, 7.25],
					"rotation": [-20, 0, 0],
					"cubes": [
						{"origin": [-1.75, 7.25, 7.25], "size": [3, 3, 5], "inflate": 0.01, "uv": [21, 30]}
					]
				},
				{
					"name": "tail_right1_3",
					"parent": "tail_right1_2",
					"pivot": [-0.25, 8, 11.25],
					"rotation": [-17.5, 0, 0],
					"cubes": [
						{"origin": [-2.5, 6.25, 11.25], "size": [4, 5, 4], "inflate": 0.01, "uv": [19, 38]}
					]
				},
				{
					"name": "tail_right2",
					"parent": "tail",
					"pivot": [-0.75, 9.5, 4.25],
					"rotation": [20, -32.5, 0]
				},
				{
					"name": "tail_right2_rotation",
					"parent": "tail_right2",
					"pivot": [-0.75, 9.5, 4.25],
					"cubes": [
						{"origin": [-1.75, 8, 4.25], "size": [2, 2, 3], "inflate": 0.01, "uv": [44, 35]}
					]
				},
				{
					"name": "tail_right2_2",
					"parent": "tail_right2_rotation",
					"pivot": [-0.75, 10, 7.25],
					"rotation": [-12.5, 0, 0],
					"cubes": [
						{"origin": [-2.25, 7.25, 7.25], "size": [3, 3, 4], "inflate": 0.02, "uv": [35, 40]}
					]
				},
				{
					"name": "tail_right2_3",
					"parent": "tail_right2_2",
					"pivot": [-0.75, 8, 10.25],
					"rotation": [-17.5, 0, 0],
					"cubes": [
						{"origin": [-2.75, 6.25, 10.25], "size": [4, 5, 4], "inflate": 0.02, "uv": [16, 47]}
					]
				},
				{
					"name": "tail_right3",
					"parent": "tail",
					"pivot": [-0.75, 9.4, 4.25],
					"rotation": [7.5, -55, 0]
				},
				{
					"name": "tail_right3_rotation",
					"parent": "tail_right3",
					"pivot": [-0.75, 9.4, 4.25],
					"cubes": [
						{"origin": [-1.75, 7.9, 4.25], "size": [2, 2, 3], "inflate": 0.01, "uv": [20, 58]}
					]
				},
				{
					"name": "tail_right3_2",
					"parent": "tail_right3_rotation",
					"pivot": [-0.75, 9.9, 7.25],
					"rotation": [-22.5, 0, 0],
					"cubes": [
						{"origin": [-2.25, 7.15, 7.25], "size": [3, 3, 4], "inflate": 0.02, "uv": [32, 47]}
					]
				},
				{
					"name": "tail_right3_3",
					"parent": "tail_right3_2",
					"pivot": [-0.75, 7.9, 10.25],
					"rotation": [-10, 0, 0],
					"cubes": [
						{"origin": [-2.75, 6.15, 10.25], "size": [4, 5, 4], "inflate": 0.02, "uv": [42, 50]}
					]
				},
				{
					"name": "legs",
					"parent": "body",
					"pivot": [0, 6.5, -1.25]
				},
				{
					"name": "leg_front_left",
					"parent": "legs",
					"pivot": [1.75, 6.5, -3.5],
					"cubes": [
						{"origin": [0.75, 3.5, -4.5], "size": [2, 4, 2], "inflate": 0.01, "uv": [44, 5]}
					]
				},
				{
					"name": "leg_front_left2",
					"parent": "leg_front_left",
					"pivot": [1.75, 3.5, -2.5],
					"cubes": [
						{"origin": [0.75, 0.5, -4.5], "size": [2, 3, 2], "uv": [56, 3]},
						{"origin": [0.75, 1.25, -4.5], "size": [2, 1, 2], "inflate": 0.01, "uv": [39, 101]}
					]
				},
				{
					"name": "foot_front_left",
					"parent": "leg_front_left2",
					"pivot": [1.75, 1, -3.75],
					"cubes": [
						{"origin": [0.75, 0, -5.25], "size": [2, 1, 2], "inflate": -0.01, "uv": [44, 11]},
						{"origin": [1.25, 0, -4.75], "size": [1, 0, 1], "uv": [35, 14]}
					]
				},
				{
					"name": "leg_back_left",
					"parent": "legs",
					"pivot": [2, 5.5, 3.25],
					"cubes": [
						{"origin": [1, 3, 2.25], "size": [2, 5, 3], "inflate": 0.01, "uv": [0, 24]}
					]
				},
				{
					"name": "leg_back_left2",
					"parent": "leg_back_left",
					"pivot": [2, 3.5, 5.25],
					"cubes": [
						{"origin": [1, 0.5, 3.75], "size": [2, 3, 2], "uv": [20, 25]}
					]
				},
				{
					"name": "foot_back_left",
					"parent": "leg_back_left2",
					"pivot": [2, 1, 4.5],
					"cubes": [
						{"origin": [1, 0, 3], "size": [2, 1, 2], "inflate": -0.01, "uv": [50, 13]},
						{"origin": [1.5, 0, 3.5], "size": [1, 0, 1], "uv": [41, 14]}
					]
				},
				{
					"name": "leg_front_right",
					"parent": "legs",
					"pivot": [-1.75, 6.5, -3.5],
					"cubes": [
						{"origin": [-2.75, 3.5, -4.5], "size": [2, 4, 2], "inflate": 0.01, "uv": [36, 14], "mirror": true}
					]
				},
				{
					"name": "leg_front_right2",
					"parent": "leg_front_right",
					"pivot": [-1.75, 3.5, -2.5],
					"cubes": [
						{"origin": [-2.75, 0.5, -4.5], "size": [2, 3, 2], "uv": [52, 8], "mirror": true},
						{"origin": [-2.75, 1.25, -4.5], "size": [2, 1, 2], "inflate": 0.01, "uv": [39, 101], "mirror": true}
					]
				},
				{
					"name": "foot_front_right",
					"parent": "leg_front_right2",
					"pivot": [-1.75, 1, -3.75],
					"cubes": [
						{"origin": [-2.75, 0, -5.25], "size": [2, 1, 2], "inflate": -0.01, "uv": [44, 14], "mirror": true},
						{"origin": [-2.25, 0, -4.75], "size": [1, 0, 1], "uv": [35, 15], "mirror": true}
					]
				},
				{
					"name": "leg_back_right",
					"parent": "legs",
					"pivot": [-2, 5.5, 3.25],
					"cubes": [
						{"origin": [-3, 3, 2.25], "size": [2, 5, 3], "inflate": 0.01, "uv": [10, 24], "mirror": true}
					]
				},
				{
					"name": "leg_back_right2",
					"parent": "leg_back_right",
					"pivot": [-2, 3.5, 5.25],
					"cubes": [
						{"origin": [-3, 0.5, 3.75], "size": [2, 3, 2], "uv": [28, 25], "mirror": true}
					]
				},
				{
					"name": "foot_back_right",
					"parent": "leg_back_right2",
					"pivot": [-2, 1, 4.5],
					"cubes": [
						{"origin": [-3, 0, 3], "size": [2, 1, 2], "inflate": -0.01, "uv": [56, 14], "mirror": true},
						{"origin": [-2.5, 0, 3.5], "size": [1, 0, 1], "uv": [41, 15], "mirror": true}
					]
				}
			]
		}
	]
}