{
	"format_version": "1.12.0",
	"minecraft:geometry": [
		{
			"description": {
				"identifier": "geometry.whimsicott",
				"texture_width": 128,
				"texture_height": 64,
				"visible_bounds_width": 3,
				"visible_bounds_height": 3.5,
				"visible_bounds_offset": [0, 1.25, 0]
			},
			"bones": [
				{
					"name": "bb_main",
					"pivot": [0, 0, 0],
					"cubes": [
						{"origin": [-4, 2.75, -2.75], "size": [4, 4, 0], "pivot": [-2, 4.75, -2.75], "rotation": [-29.40612, 4.0153, -44.78878], "uv": [84, 33]},
						{"origin": [0, 2.75, -2.75], "size": [4, 4, 0], "pivot": [2, 4.75, -2.75], "rotation": [-29.40612, -4.0153, 44.78878], "uv": [84, 28], "mirror": true}
					]
				},
				{
					"name": "whimsicott",
					"pivot": [0, 0, 0]
				},
				{
					"name": "body",
					"parent": "whimsicott",
					"pivot": [0, 3, 0]
				},
				{
					"name": "torso",
					"parent": "body",
					"pivot": [0, 2.75, -0.25],
					"cubes": [
						{"origin": [-2.5, 1.5, -2.25], "size": [5, 7, 4], "uv": [110, 16]}
					]
				},
				{
					"name": "neck",
					"parent": "torso",
					"pivot": [0, 8.25, 1],
					"cubes": [
						{"origin": [-3, 6.75, -3.5], "size": [6, 2, 7], "inflate": 0.01, "pivot": [0, 7.75, 2], "rotation": [15, 0, 0], "uv": [54, 26]},
						{"origin": [-1.5, 6, -4], "size": [3, 3, 2], "inflate": 0.01, "pivot": [0, 7.75, 2], "rotation": [15, 0, 0], "uv": [0, 0]}
					]
				},
				{
					"name": "head",
					"parent": "neck",
					"pivot": [0, 8, 0],
					"cubes": [
						{"origin": [-3.5, 7.5, -3], "size": [7, 6, 6], "uv": [54, 0]}
					]
				},
				{
					"name": "hair",
					"parent": "head",
					"pivot": [0, 14.75, 2.225],
					"rotation": [7.5, 0, 0],
					"cubes": [
						{"origin": [-7.5, 13, -1.5], "size": [7, 7, 11], "pivot": [-2, 13.5, 4], "rotation": [0, 0, -2.5], "uv": [29, 8]},
						{"origin": [-3, 19.5, 7], "size": [3, 3, 0], "pivot": [-1.5, 20, 7], "rotation": [0, 0, -17.5], "uv": [45, 5]},
						{"origin": [-9, 14.5, 6], "size": [3, 3, 0], "pivot": [-7.5, 15, 7], "rotation": [0, 0, -50], "uv": [0, 45]},
						{"origin": [6, 14.5, 6], "size": [3, 3, 0], "pivot": [7.5, 15, 7], "rotation": [0, 0, 50], "uv": [0, 42]},
						{"origin": [6.5, 2.5, 4], "size": [3, 3, 0], "pivot": [8, 5, 4], "rotation": [0, 0, -47.5], "uv": [0, 39]},
						{"origin": [-9.5, 2.5, 4], "size": [3, 3, 0], "pivot": [-8, 5, 4], "rotation": [0, 0, 47.5], "uv": [27, 26]},
						{"origin": [-1.5, 13, -1.5], "size": [9, 8, 11], "inflate": 0.01, "pivot": [0, 14, 4], "rotation": [0, 0, 2.5], "uv": [0, 0]},
						{"origin": [-3.5, 8, 8], "size": [7, 5, 0], "uv": [45, 0]},
						{"origin": [-10.5, 6, -0.5], "size": [8, 9, 11], "pivot": [-3, 10.5, 6], "rotation": [0, 0, -7.5], "uv": [27, 28]},
						{"origin": [2.5, 6, -0.5], "size": [8, 9, 11], "pivot": [3, 10.5, 6], "rotation": [0, 0, 7.5], "uv": [0, 19]},
						{"origin": [-7.75, 1.25, -1], "size": [8, 7, 10], "pivot": [-0.5, 8, 4], "rotation": [0, 0, 5], "uv": [83, 28]},
						{"origin": [-2.5, 4.5, 6], "size": [5, 4, 5], "uv": [100, 0]},
						{"origin": [-0.25, 1.25, -1], "size": [8, 7, 10], "pivot": [0.5, 8, 4], "rotation": [0, 0, -5], "uv": [0, 39]}
					]
				},
				{
					"name": "bone",
					"parent": "hair",
					"pivot": [5, 19.25, 0.5],
					"rotation": [-27.5, 0, 0],
					"cubes": [
						{"origin": [1, 14.25, -1.75], "size": [9, 8, 2], "pivot": [5, 19.25, -0.75], "rotation": [0, 5, -10], "uv": [106, 54]},
						{"origin": [-7, 13.75, -2.5], "size": [6, 10, 2], "pivot": [-4, 18.75, -1.5], "rotation": [0, -10, 0], "uv": [88, 52], "mirror": true},
						{"origin": [-10, 14.25, -1.75], "size": [9, 8, 2], "pivot": [-5, 19.25, -0.75], "rotation": [0, -5, 10], "uv": [87, 17], "mirror": true},
						{"origin": [-1, 14.75, -2.5], "size": [2, 3, 2], "uv": [118, 33]},
						{"origin": [1, 13.75, -2.5], "size": [6, 10, 2], "pivot": [4, 18.75, -1.5], "rotation": [0, 10, 0], "uv": [83, 3]}
					]
				},
				{
					"name": "bone2",
					"parent": "bone",
					"pivot": [3, 14.75, -3],
					"cubes": [
						{"origin": [1, 12.75, -3], "size": [4, 4, 0], "pivot": [3, 14.75, -3], "rotation": [0, 0, -45], "uv": [119, 49]},
						{"origin": [-5, 12.75, -3], "size": [4, 4, 0], "pivot": [-3, 14.75, -3], "rotation": [0, 0, 45], "uv": [119, 44], "mirror": true},
						{"origin": [-1, 13.75, -4], "size": [2, 2, 2], "uv": [119, 39]}
					]
				},
				{
					"name": "front_hair",
					"parent": "head",
					"pivot": [0, 15.5, -0.25],
					"rotation": [35, 0, 0],
					"cubes": [
						{"origin": [-2.5, 14.25, -6], "size": [5, 3, 3], "uv": [29, 0]},
						{"origin": [-4.5, 13.75, -4], "size": [9, 3, 5], "uv": [52, 48]}
					]
				},
				{
					"name": "horn_left",
					"parent": "head",
					"pivot": [4.75, 12, -1],
					"rotation": [0, 17.5, 0],
					"cubes": [
						{"origin": [3.25, 9, -2.5], "size": [3, 4, 3], "uv": [100, 9]}
					]
				},
				{
					"name": "horn_left2",
					"parent": "horn_left",
					"pivot": [4.5, 9, 0.5],
					"rotation": [15, 0, 0],
					"cubes": [
						{"origin": [3.75, 9, -3.5], "size": [2, 3, 4], "uv": [65, 15]}
					]
				},
				{
					"name": "horn_right",
					"parent": "head",
					"pivot": [-4.75, 12, -1],
					"rotation": [0, -17.5, 0],
					"cubes": [
						{"origin": [-6.25, 9, -2.5], "size": [3, 4, 3], "uv": [54, 12]}
					]
				},
				{
					"name": "horn_right2",
					"parent": "horn_right",
					"pivot": [-4.5, 9, 0.5],
					"rotation": [15, 0, 0],
					"cubes": [
						{"origin": [-5.75, 9, -3.5], "size": [2, 3, 4], "uv": [116, 5]}
					]
				},
				{
					"name": "mouth_closed",
					"parent": "head",
					"pivot": [0, 8.5, -3.01],
					"cubes": [
						{"origin": [-1.75, 8, -3.01], "size": [1, 1, 0], "uv": [0, 1]},
						{"origin": [0.75, 8, -3.01], "size": [1, 1, 0], "uv": [0, 0]},
						{"origin": [-1, 7.75, -3.01], "size": [2, 1, 0], "uv": [0, 9]}
					]
				},
				{
					"name": "mouth_open",
					"parent": "head",
					"pivot": [0, 8.5, -2.91],
					"cubes": [
						{"origin": [-1.5, 7.5, -2.91], "size": [3, 2, 0], "uv": [36, 48]}
					]
				},
				{
					"name": "eye_right",
					"parent": "head",
					"pivot": [-2.25, 10.25, -2.51],
					"cubes": [
						{"origin": [-2.75, 9.25, -3.01], "size": [1, 2, 1], "uv": [33, 26]}
					]
				},
				{
					"name": "eyelid_right",
					"parent": "eye_right",
					"pivot": [-2.25, 10.25, -2.41],
					"cubes": [
						{"origin": [-2.75, 9.25, -2.91], "size": [1, 2, 1], "inflate": 0.01, "uv": [40, 50]}
					]
				},
				{
					"name": "eye_left",
					"parent": "head",
					"pivot": [2.25, 10.25, -2.51],
					"cubes": [
						{"origin": [1.75, 9.25, -3.01], "size": [1, 2, 1], "uv": [7, 27]}
					]
				},
				{
					"name": "eyelid_left",
					"parent": "eye_left",
					"pivot": [2.25, 10.25, -2.41],
					"cubes": [
						{"origin": [1.75, 9.25, -2.91], "size": [1, 2, 1], "inflate": 0.01, "uv": [36, 50]}
					]
				},
				{
					"name": "arm_right",
					"parent": "torso",
					"pivot": [-2, 6, 0],
					"cubes": [
						{"origin": [-4.5, 5, -1], "size": [3, 2, 2], "uv": [0, 19]}
					]
				},
				{
					"name": "arm_left",
					"parent": "torso",
					"pivot": [2, 6, 0],
					"cubes": [
						{"origin": [1.5, 5, -1], "size": [3, 2, 2], "uv": [0, 5]}
					]
				},
				{
					"name": "leg_right",
					"parent": "body",
					"pivot": [-1.75, 2.5, -0.25],
					"cubes": [
						{"origin": [-2.75, 0, -1.25], "size": [2, 3, 2], "uv": [0, 23]}
					]
				},
				{
					"name": "leg_left",
					"parent": "body",
					"pivot": [1.75, 2.5, -0.25],
					"cubes": [
						{"origin": [0.75, 0, -1.25], "size": [2, 3, 2], "uv": [29, 6]}
					]
				}
			]
		}
	]
}