{
	"format_version": "1.12.0",
	"minecraft:geometry": [
		{
			"description": {
				"identifier": "geometry.typhlosion_hisuian",
				"texture_width": 128,
				"texture_height": 268,
				"visible_bounds_width": 5,
				"visible_bounds_height": 4,
				"visible_bounds_offset": [0, 1, 0]
			},
			"bones": [
				{
					"name": "typhlosion_hisui",
					"pivot": [0, 0, 0]
				},
				{
					"name": "body",
					"parent": "typhlosion_hisui",
					"pivot": [0, 24, 0]
				},
				{
					"name": "torso",
					"parent": "body",
					"pivot": [0, 10.75, 9.5]
				},
				{
					"name": "bone",
					"parent": "torso",
					"pivot": [0, -0.29847, 4.88199],
					"rotation": [-7.5, 0, 0],
					"cubes": [
						{"origin": [-8, -1.79694, -2.23601], "size": [16, 0, 17], "pivot": [0, 0.40306, 10.76399], "rotation": [-15, 0, 0], "uv": [5, 185]},
						{"origin": [-7, -1.79694, -4.23601], "size": [14, 0, 15], "pivot": [0, 0.40306, 8.76399], "rotation": [-15, 0, 0], "uv": [25, 210]}
					]
				},
				{
					"name": "bone2",
					"parent": "torso",
					"pivot": [-2, 16, 2],
					"cubes": [
						{"origin": [-7.5, 2.5, -2.5], "size": [15, 15, 16], "inflate": 0.01, "uv": [52, 0]},
						{"origin": [-7, 17, 7], "size": [14, 8, 0], "pivot": [0, 17, 7], "rotation": [-52.5, 0, 0], "uv": [20, 242]},
						{"origin": [7, 7, 7], "size": [6, 11, 0], "pivot": [7, 10, 6], "rotation": [-5, -37.5, 0], "uv": [115, 149], "mirror": true},
						{"origin": [0.1, 16, -6], "size": [0, 7, 7], "pivot": [2, 16, 0], "rotation": [0, 0, 50], "uv": [101, 230]},
						{"origin": [-0.1, 16, -6], "size": [0, 7, 7], "pivot": [-2, 16, 0], "rotation": [0, 0, -50], "uv": [101, 230], "mirror": true},
						{"origin": [-2, 18, -5], "size": [4, 1, 5], "uv": [73, 196]},
						{"origin": [-4, 18.5, -1], "size": [3, 0, 9], "pivot": [-2, 16, 2], "rotation": [0, -20, 0], "uv": [71, 220], "mirror": true}
					]
				},
				{
					"name": "torso_ruff",
					"parent": "torso",
					"pivot": [0, 17.5, 10],
					"rotation": [20, 0, 0],
					"cubes": [
						{"origin": [-8, 17.5, 10], "size": [16, 0, 5], "inflate": 0.01, "uv": [76, 55]},
						{"origin": [-5, 15.5, 10], "size": [10, 2, 7], "uv": [0, 90]},
						{"origin": [-8, 13.5, 10], "size": [0, 4, 4], "pivot": [-8, 17.5, 13], "rotation": [0, 0, 22.5], "uv": [18, 76]},
						{"origin": [8, 13.5, 10], "size": [0, 4, 4], "pivot": [8, 17.5, 13], "rotation": [0, 0, -22.5], "uv": [27, 89]}
					]
				},
				{
					"name": "torso_ruff_fur",
					"parent": "torso_ruff",
					"pivot": [2, 16.75, 17.25],
					"rotation": [-15, 35, 5],
					"cubes": [
						{"origin": [2, 16.75, 17.25], "size": [2, 0, 3], "uv": [-3, 94]}
					]
				},
				{
					"name": "tail1",
					"parent": "torso_ruff",
					"pivot": [0, 15.5, 17],
					"cubes": [
						{"origin": [-2.5, 15.5, 17], "size": [5, 2, 5], "inflate": 0.01, "uv": [0, 99]}
					]
				},
				{
					"name": "tail1_fur",
					"parent": "tail1",
					"pivot": [-2.25, 17.5, 19],
					"rotation": [22.5, -15, -25],
					"cubes": [
						{"origin": [-2.25, 17.5, 16], "size": [0, 3, 3], "uv": [27, 87]}
					]
				},
				{
					"name": "tail2",
					"parent": "tail1",
					"pivot": [0.5, 15.5, 22],
					"cubes": [
						{"origin": [-1.58724, 15.4981, 22], "size": [4, 2, 4], "uv": [0, 106]}
					]
				},
				{
					"name": "tail3",
					"parent": "tail2",
					"pivot": [-1.58724, 16.4981, 26],
					"rotation": [0, 22.5, 0],
					"cubes": [
						{"origin": [-1.58724, 16.4981, 26], "size": [3, 0, 3], "uv": [-3, 90]}
					]
				},
				{
					"name": "torso2",
					"parent": "torso",
					"pivot": [0, 17, -2.5],
					"cubes": [
						{"origin": [-6.5, 3, -14.5], "size": [13, 14, 12], "uv": [2, 34]}
					]
				},
				{
					"name": "torso3",
					"parent": "torso2",
					"pivot": [0, 16.5, -14.5],
					"cubes": [
						{"origin": [-6, 7, -23], "size": [0, 7, 11], "pivot": [-5, 7, -22], "rotation": [0, 0, -27.5], "uv": [69, 130], "mirror": true},
						{"origin": [6, 7, -23], "size": [0, 7, 11], "pivot": [5, 7, -22], "rotation": [0, 0, 27.5], "uv": [67, 148]},
						{"origin": [-6, 3.5, -24.5], "size": [12, 13, 10], "uv": [47, 50]},
						{"origin": [-1, 3.5, -20], "size": [2, 0, 2], "inflate": 0.01, "uv": [29, 67]}
					]
				},
				{
					"name": "fire_orb_right1",
					"parent": "torso3",
					"pivot": [-5.25, 3.5, -20.75],
					"cubes": [
						{"origin": [-6.25, 2, -21.75], "size": [2, 2, 2], "uv": [30, 21], "mirror": true}
					]
				},
				{
					"name": "fire_orb_right2",
					"parent": "fire_orb_right1",
					"pivot": [-4.75, 2.5, -21.75],
					"cubes": [
						{"origin": [-6.25, 2.5, -23.75], "size": [2, 0, 2], "uv": [16, 0], "mirror": true}
					]
				},
				{
					"name": "fire_orb_middle1",
					"parent": "torso3",
					"pivot": [0, 3.5, -19.25],
					"cubes": [
						{"origin": [-1.5, 1, -20.75], "size": [3, 3, 3], "uv": [24, 15]}
					]
				},
				{
					"name": "fire_orb_middle2",
					"parent": "fire_orb_middle1",
					"pivot": [0, 2.5, -20.75],
					"cubes": [
						{"origin": [-0.5, 2.5, -23.75], "size": [2, 0, 3], "uv": [15, 3]}
					]
				},
				{
					"name": "fire_orb_left1",
					"parent": "torso3",
					"pivot": [5.25, 3.5, -20.75],
					"cubes": [
						{"origin": [4.25, 2, -21.75], "size": [2, 2, 2], "uv": [30, 21]}
					]
				},
				{
					"name": "fire_orb_left2",
					"parent": "fire_orb_left1",
					"pivot": [4.75, 2.5, -21.75],
					"cubes": [
						{"origin": [4.25, 2.5, -23.75], "size": [2, 0, 2], "uv": [16, 0]}
					]
				},
				{
					"name": "fire_main",
					"parent": "torso3",
					"pivot": [0, 16.5, -22]
				},
				{
					"name": "fire_right_final1",
					"parent": "fire_main",
					"pivot": [-5.25, 11.25, -22],
					"rotation": [0, 0, -75],
					"cubes": [
						{"origin": [-7.75, 11.25, -23.5], "size": [5, 6, 3], "inflate": 0.01, "uv": [87, 31]}
					]
				},
				{
					"name": "fire_right_final2",
					"parent": "fire_right_final1",
					"pivot": [-5, 17.25, -22],
					"rotation": [0, 0, 12.5],
					"cubes": [
						{"origin": [-6.5, 16.25, -23], "size": [3, 6, 2], "inflate": 0.01, "uv": [60, 41]}
					]
				},
				{
					"name": "fire_right_final3",
					"parent": "fire_right_final2",
					"pivot": [-6, 22.25, -22],
					"cubes": [
						{"origin": [-6, 22.25, -22], "size": [3, 4, 0], "inflate": 0.01, "uv": [52, 40]}
					]
				},
				{
					"name": "fire_middle1",
					"parent": "fire_main",
					"pivot": [0, 12.5, -22],
					"cubes": [
						{"origin": [-5.5, 15.5, -23.5], "size": [11, 8, 3], "inflate": 0.01, "uv": [50, 96]}
					]
				},
				{
					"name": "fire_middle8",
					"parent": "fire_middle1",
					"pivot": [-4.75, 22.75, -22],
					"rotation": [0, 0, -15],
					"cubes": [
						{"origin": [-6.25, 22.75, -23], "size": [3, 5, 2], "uv": [72, 73]}
					]
				},
				{
					"name": "fire_middle9",
					"parent": "fire_middle8",
					"pivot": [-4.75, 27.75, -22],
					"cubes": [
						{"origin": [-5.75, 26.75, -22.5], "size": [2, 6, 1], "uv": [82, 73]}
					]
				},
				{
					"name": "fire_middle10",
					"parent": "fire_middle9",
					"pivot": [-4.75, 32.75, -22],
					"cubes": [
						{"origin": [-5.75, 32.75, -22], "size": [2, 4, 0], "uv": [52, 46]}
					]
				},
				{
					"name": "fire_middle2",
					"parent": "fire_middle1",
					"pivot": [0, 23.5, -22],
					"cubes": [
						{"origin": [-2.5, 23.5, -23], "size": [5, 5, 2], "uv": [91, 60]}
					]
				},
				{
					"name": "fire_middle3",
					"parent": "fire_middle2",
					"pivot": [0, 28.5, -22],
					"cubes": [
						{"origin": [-1.5, 28.5, -23], "size": [3, 4, 2], "uv": [91, 67]}
					]
				},
				{
					"name": "fire_middle4",
					"parent": "fire_middle3",
					"pivot": [0, 32.5, -22],
					"cubes": [
						{"origin": [-1, 32.5, -22], "size": [2, 6, 0], "uv": [48, 73]}
					]
				},
				{
					"name": "fire_middle5",
					"parent": "fire_middle2",
					"pivot": [0, 29, -23],
					"rotation": [65, 0, 0],
					"cubes": [
						{"origin": [-1.5, 29, -23], "size": [3, 2, 0], "uv": [78, 80]}
					]
				},
				{
					"name": "fire_middle6",
					"parent": "fire_middle5",
					"pivot": [0, 31, -23],
					"rotation": [-45, 0, 0],
					"cubes": [
						{"origin": [-1.5, 31, -23], "size": [3, 4, 0], "uv": [72, 80]}
					]
				},
				{
					"name": "fire_middle7",
					"parent": "fire_middle6",
					"pivot": [0, 35, -23],
					"rotation": [-25, 0, 0],
					"cubes": [
						{"origin": [-1, 35, -23], "size": [2, 6, 0], "uv": [44, 73]}
					]
				},
				{
					"name": "fire_middle11",
					"parent": "fire_middle1",
					"pivot": [4.75, 22.75, -22],
					"rotation": [0, 0, 15],
					"cubes": [
						{"origin": [3.25, 22.75, -23], "size": [3, 5, 2], "uv": [0, 32], "mirror": true}
					]
				},
				{
					"name": "fire_middle12",
					"parent": "fire_middle11",
					"pivot": [4.75, 27.75, -22],
					"cubes": [
						{"origin": [3.75, 26.75, -22.5], "size": [2, 6, 1], "uv": [0, 60], "mirror": true}
					]
				},
				{
					"name": "fire_middle13",
					"parent": "fire_middle12",
					"pivot": [4.75, 32.75, -22],
					"cubes": [
						{"origin": [3.75, 32.75, -22], "size": [2, 4, 0], "uv": [40, 40], "mirror": true}
					]
				},
				{
					"name": "fire_right_main",
					"parent": "fire_middle1",
					"pivot": [-5.5, 22.25, -22],
					"rotation": [0, 0, -42.5],
					"cubes": [
						{"origin": [-13.5, 15.25, -23.5], "size": [8, 7, 3], "uv": [78, 96]}
					]
				},
				{
					"name": "fire_right1",
					"parent": "fire_right_main",
					"pivot": [-8.25, 22, -22],
					"cubes": [
						{"origin": [-9.75, 22, -23], "size": [3, 5, 2], "uv": [31, 60]}
					]
				},
				{
					"name": "fire_right2",
					"parent": "fire_right1",
					"pivot": [-8.25, 27, -22],
					"cubes": [
						{"origin": [-9.25, 26, -22.5], "size": [2, 5, 1], "uv": [52, 73]}
					]
				},
				{
					"name": "fire_right3",
					"parent": "fire_right2",
					"pivot": [-9.25, 31, -22],
					"cubes": [
						{"origin": [-9.25, 31, -22], "size": [3, 4, 0], "uv": [41, 60]}
					]
				},
				{
					"name": "fire_right4",
					"parent": "fire_right_main",
					"pivot": [-12.5, 21.5, -22],
					"rotation": [0, 0, -10],
					"cubes": [
						{"origin": [-14, 21.5, -23], "size": [3, 4, 2], "uv": [70, 43]}
					]
				},
				{
					"name": "fire_right5",
					"parent": "fire_right4",
					"pivot": [-12.5, 25.5, -22],
					"cubes": [
						{"origin": [-13.5, 24.5, -22.5], "size": [2, 4, 1], "uv": [80, 43]}
					]
				},
				{
					"name": "fire_right6",
					"parent": "fire_right5",
					"pivot": [-13.5, 28.5, -22],
					"cubes": [
						{"origin": [-13.5, 28.5, -22], "size": [3, 4, 0], "uv": [81, 48]}
					]
				},
				{
					"name": "fire_left_main",
					"parent": "fire_middle1",
					"pivot": [5.5, 22.25, -22],
					"rotation": [0, 0, 42.5],
					"cubes": [
						{"origin": [5.5, 15.25, -23.5], "size": [8, 7, 3], "uv": [87, 43], "mirror": true}
					]
				},
				{
					"name": "fire_left1",
					"parent": "fire_left_main",
					"pivot": [8.25, 22, -22],
					"cubes": [
						{"origin": [6.75, 22, -23], "size": [3, 5, 2], "uv": [105, 60], "mirror": true}
					]
				},
				{
					"name": "fire_left2",
					"parent": "fire_left1",
					"pivot": [8.25, 27, -22],
					"cubes": [
						{"origin": [7.25, 26, -22.5], "size": [2, 5, 1], "uv": [88, 73], "mirror": true}
					]
				},
				{
					"name": "fire_left3",
					"parent": "fire_left2",
					"pivot": [9.25, 31, -22],
					"cubes": [
						{"origin": [6.25, 31, -22], "size": [3, 4, 0], "uv": [41, 64], "mirror": true}
					]
				},
				{
					"name": "fire_left4",
					"parent": "fire_left_main",
					"pivot": [12.5, 21.5, -22],
					"rotation": [0, 0, 10],
					"cubes": [
						{"origin": [11, 21.5, -23], "size": [3, 4, 2], "uv": [101, 67], "mirror": true}
					]
				},
				{
					"name": "fire_left5",
					"parent": "fire_left4",
					"pivot": [12.5, 25.5, -22],
					"cubes": [
						{"origin": [11.5, 24.5, -22.5], "size": [2, 4, 1], "uv": [84, 80], "mirror": true}
					]
				},
				{
					"name": "fire_left6",
					"parent": "fire_left5",
					"pivot": [13.5, 28.5, -22],
					"cubes": [
						{"origin": [10.5, 28.5, -22], "size": [3, 4, 0], "uv": [41, 68], "mirror": true}
					]
				},
				{
					"name": "fire_left_final1",
					"parent": "fire_main",
					"pivot": [5.25, 11.25, -22],
					"rotation": [0, 0, 75],
					"cubes": [
						{"origin": [2.75, 11.25, -23.5], "size": [5, 6, 3], "inflate": 0.01, "uv": [98, 0], "mirror": true}
					]
				},
				{
					"name": "fire_left_final2",
					"parent": "fire_left_final1",
					"pivot": [5, 17.25, -22],
					"rotation": [0, 0, -12.5],
					"cubes": [
						{"origin": [3.5, 16.25, -23], "size": [3, 6, 2], "inflate": 0.01, "uv": [114, 0], "mirror": true}
					]
				},
				{
					"name": "fire_left_final3",
					"parent": "fire_left_final2",
					"pivot": [6, 22.25, -22],
					"cubes": [
						{"origin": [3, 22.25, -22], "size": [3, 4, 0], "inflate": 0.01, "uv": [62, 37], "mirror": true}
					]
				},
				{
					"name": "neck",
					"parent": "torso3",
					"pivot": [0.5, 16.5, -24.5],
					"cubes": [
						{"origin": [-5.5, 5.5, -33.5], "size": [11, 11, 9], "inflate": 0.01, "uv": [0, 60]}
					]
				},
				{
					"name": "head",
					"parent": "neck",
					"pivot": [0.5, 16.5, -32.5],
					"cubes": [
						{"origin": [-4.5, 6.5, -39.5], "size": [9, 10, 6], "inflate": 0.01, "uv": [0, 16]}
					]
				},
				{
					"name": "head2",
					"parent": "head",
					"pivot": [0, 16.5, -39.5],
					"rotation": [12.5, 0, 0],
					"cubes": [
						{"origin": [-4.5, 7.5, -45.5], "size": [9, 9, 6], "uv": [16, 0]}
					]
				},
				{
					"name": "hat",
					"parent": "head2",
					"pivot": [5, 17, -42],
					"rotation": [-7.5, 0, 0],
					"cubes": [
						{"origin": [-4, 15, -44], "size": [8, 6, 6], "pivot": [0, 17, -41], "rotation": [-7.5, 0, 0], "uv": [90, 212]},
						{"origin": [-3, 17, -46], "size": [6, 5, 3], "pivot": [0, 18, -47], "rotation": [-12.5, 0, 0], "uv": [106, 196]},
						{"origin": [4.4, 17, -43], "size": [0, 2, 2], "pivot": [5, 17, -42], "rotation": [49.22901, 13.26736, 21.85421], "uv": [62, 178]}
					]
				},
				{
					"name": "eyes",
					"parent": "head2",
					"pivot": [0.5, 11.15, -42.5]
				},
				{
					"name": "eye_right",
					"parent": "eyes",
					"pivot": [-4.5, 10.65, -42.6],
					"rotation": [7.5, 0, 0],
					"cubes": [
						{"origin": [-4.5, 9.65, -45.1], "size": [0, 2, 4], "inflate": 0.01, "uv": [48, 8], "mirror": true},
						{"origin": [-4.5, 10.4, -45.1], "size": [0, 2, 5], "inflate": 0.02, "uv": [55, 30], "mirror": true}
					]
				},
				{
					"name": "eyelid_right",
					"parent": "eye_right",
					"pivot": [-3.9, 10.65, -42.6],
					"cubes": [
						{"origin": [-4.4, 9.65, -45.1], "size": [1, 3, 5], "inflate": 0.03, "uv": [33, 23], "mirror": true}
					]
				},
				{
					"name": "eye_left",
					"parent": "eyes",
					"pivot": [4.5, 10.65, -42.6],
					"rotation": [7.5, 0, 0],
					"cubes": [
						{"origin": [4.5, 9.65, -45.1], "size": [0, 2, 4], "inflate": 0.01, "uv": [48, 6]},
						{"origin": [4.5, 10.4, -45.1], "size": [0, 2, 5], "inflate": 0.02, "uv": [67, 30]}
					]
				},
				{
					"name": "eyelid_left",
					"parent": "eye_left",
					"pivot": [3.9, 10.65, -42.6],
					"cubes": [
						{"origin": [3.4, 9.65, -45.1], "size": [1, 3, 5], "inflate": 0.03, "uv": [36, 15]}
					]
				},
				{
					"name": "head3",
					"parent": "head2",
					"pivot": [0, 16.5, -45.5],
					"rotation": [10, 0, 0],
					"cubes": [
						{"origin": [-3.5, 7.5, -49.5], "size": [7, 6, 4], "uv": [0, 80]},
						{"origin": [1, 7, -47.65], "size": [1, 1, 0], "pivot": [1.5, 7.5, -47.65], "rotation": [-18.2489, -17.38772, 47.81374], "uv": [10, 7]},
						{"origin": [-2, 7, -47.65], "size": [1, 1, 0], "pivot": [-1.5, 7.5, -47.65], "rotation": [-18.2489, 17.38772, -47.81374], "uv": [9, 6]}
					]
				},
				{
					"name": "jaw",
					"parent": "head",
					"pivot": [0, 7, -39.25],
					"rotation": [12.5, 0, 0],
					"cubes": [
						{"origin": [-4, 6.33174, -42.46367], "size": [8, 1, 4], "uv": [100, 96]}
					]
				},
				{
					"name": "jaw2",
					"parent": "jaw",
					"pivot": [0, 7.33174, -42.46367],
					"rotation": [2.5, 0, 0],
					"cubes": [
						{"origin": [-3, 6.33174, -44.46367], "size": [6, 1, 2], "uv": [36, 106]},
						{"origin": [-1.85, 6.83174, -43.56367], "size": [1, 1, 0], "pivot": [-1.35, 7.33174, -43.56367], "rotation": [-24.25045, 22.32924, -49.856], "uv": [0, 3]},
						{"origin": [0.85, 6.83174, -43.56367], "size": [1, 1, 0], "pivot": [1.35, 7.33174, -43.56367], "rotation": [-24.25045, -22.32924, 49.856], "uv": [2, 3]}
					]
				},
				{
					"name": "ear_right",
					"parent": "head",
					"pivot": [-4.5, 14.75, -40.8],
					"rotation": [67.5, -22.5, -45],
					"cubes": [
						{"origin": [-4.5, 10.75, -40.8], "size": [0, 4, 8], "uv": [0, 0]}
					]
				},
				{
					"name": "ear_left",
					"parent": "head",
					"pivot": [4.5, 14.75, -40.8],
					"rotation": [67.5, 22.5, 45],
					"cubes": [
						{"origin": [4.5, 10.75, -40.8], "size": [0, 4, 8], "uv": [0, 4]}
					]
				},
				{
					"name": "arm_right",
					"parent": "torso3",
					"pivot": [-5.75, 5, -17],
					"cubes": [
						{"origin": [-9, 0, -20], "size": [6, 8, 6], "uv": [26, 153], "mirror": true},
						{"origin": [-7.25, 0.5, -19], "size": [4, 6, 4], "inflate": 0.01, "uv": [14, 109]}
					]
				},
				{
					"name": "arm_right2",
					"parent": "arm_right",
					"pivot": [-7.25, 0.5, -15],
					"cubes": [
						{"origin": [-7.25, -6.5, -19], "size": [3, 7, 4], "uv": [36, 92]}
					]
				},
				{
					"name": "arm_left",
					"parent": "torso3",
					"pivot": [5.75, 5, -17],
					"cubes": [
						{"origin": [3, 0, -20], "size": [6, 8, 6], "uv": [26, 153]},
						{"origin": [3.25, 0.5, -19], "size": [4, 6, 4], "inflate": 0.01, "uv": [20, 99]}
					]
				},
				{
					"name": "arm_left2",
					"parent": "arm_left",
					"pivot": [7.25, 0.5, -15],
					"cubes": [
						{"origin": [4.25, -6.5, -19], "size": [3, 7, 4], "uv": [0, 112]}
					]
				},
				{
					"name": "paddle",
					"parent": "arm_left2",
					"pivot": [6, -6, -14],
					"rotation": [7.5, 0, 0],
					"cubes": [
						{"origin": [4, -5.5, -32], "size": [4, 0, 7], "uv": [94, 174]},
						{"origin": [5, -6, -26], "size": [2, 1, 13], "uv": [68, 178]}
					]
				},
				{
					"name": "bone4",
					"parent": "torso2",
					"pivot": [2, -1, -5.5],
					"rotation": [-12.5, 0, 0],
					"cubes": [
						{"origin": [1, 2.3, -8.5], "size": [3, 0, 3], "pivot": [3, -1, -7.5], "rotation": [0, 42.5, 0], "uv": [64, 121]},
						{"origin": [1, 2.3, -6.5], "size": [2, 0, 4], "pivot": [2, -1, -5.5], "rotation": [-15.24133, -17.43127, 1.5741], "uv": [13, 220]},
						{"origin": [3, 2.4, -6.5], "size": [2, 0, 4], "pivot": [4, -1, -5.5], "rotation": [-17.86642, 18.82741, -8.16029], "uv": [9, 138]}
					]
				},
				{
					"name": "bone3",
					"parent": "torso",
					"pivot": [2, 16, 2],
					"cubes": [
						{"origin": [1, 18.5, -1], "size": [3, 0, 9], "pivot": [2, 16, 2], "rotation": [0, 20, 0], "uv": [71, 220]},
						{"origin": [-13, 7, 7], "size": [6, 11, 0], "pivot": [-7, 10, 6], "rotation": [-5, 37.5, 0], "uv": [115, 149]}
					]
				},
				{
					"name": "leg_right",
					"parent": "body",
					"pivot": [-7, 8.75, 5.5],
					"cubes": [
						{"origin": [-9.5, 2.5, 0.5], "size": [5, 3, 9], "uv": [96, 31], "mirror": true}
					]
				},
				{
					"name": "leg_right_rotation",
					"parent": "leg_right",
					"pivot": [-7, 10.5, 5],
					"cubes": [
						{"origin": [-10.5, 5, -1], "size": [7, 11, 12], "uv": [84, 73], "mirror": true}
					]
				},
				{
					"name": "foot_right",
					"parent": "leg_right",
					"pivot": [-7, 2.25, 5.5],
					"cubes": [
						{"origin": [-9, 0.5, 2], "size": [4, 2, 7], "inflate": 0.01, "uv": [24, 80], "mirror": true}
					]
				},
				{
					"name": "foot_right2",
					"parent": "foot_right",
					"pivot": [-7, 0.5, 2],
					"cubes": [
						{"origin": [-9, 0.5, -2], "size": [4, 2, 4], "uv": [40, 40], "mirror": true},
						{"origin": [-8.5, 0.5, -2], "size": [3, 2, 2], "inflate": 0.01, "uv": [58, 12], "mirror": true}
					]
				},
				{
					"name": "leg_left",
					"parent": "body",
					"pivot": [7, 8.75, 5.5],
					"cubes": [
						{"origin": [4.5, 2.5, 0.5], "size": [5, 3, 9], "uv": [68, 31]}
					]
				},
				{
					"name": "leg_left_rotation",
					"parent": "leg_left",
					"pivot": [7, 10.5, 5],
					"cubes": [
						{"origin": [3.5, 5, -1], "size": [7, 11, 12], "uv": [46, 73]}
					]
				},
				{
					"name": "foot_left",
					"parent": "leg_left",
					"pivot": [7, 2.25, 5.5],
					"cubes": [
						{"origin": [5, 0.5, 2], "size": [4, 2, 7], "inflate": 0.01, "uv": [40, 31]}
					]
				},
				{
					"name": "foot_left2",
					"parent": "foot_left",
					"pivot": [7, 0.5, 2],
					"cubes": [
						{"origin": [5, 0.5, -2], "size": [4, 2, 4], "uv": [0, 0]},
						{"origin": [5.5, 0.5, -2], "size": [3, 2, 2], "inflate": 0.01, "uv": [58, 0]}
					]
				}
			]
		}
	]
}