{
	"format_version": "1.12.0",
	"minecraft:geometry": [
		{
			"description": {
				"identifier": "geometry.deino",
				"texture_width": 64,
				"texture_height": 64,
				"visible_bounds_width": 3,
				"visible_bounds_height": 3.5,
				"visible_bounds_offset": [0, 1.25, 0]
			},
			"bones": [
				{
					"name": "deino",
					"pivot": [0, 0, 0]
				},
				{
					"name": "locator_root",
					"parent": "deino",
					"pivot": [0, 0, 0],
					"locators": {
						"root": [0, 0, 0]
					}
				},
				{
					"name": "locator_top",
					"parent": "deino",
					"pivot": [0, 25, 0],
					"locators": {
						"top": [0, 25, 0]
					}
				},
				{
					"name": "body",
					"parent": "deino",
					"pivot": [0, 8, 0]
				},
				{
					"name": "locator_target",
					"parent": "body",
					"pivot": [0, 12, -13],
					"locators": {
						"target": [0, 12, -13]
					}
				},
				{
					"name": "locator_middle",
					"parent": "body",
					"pivot": [0, 11, 0],
					"locators": {
						"middle": [0, 11, 0]
					}
				},
				{
					"name": "torso",
					"parent": "body",
					"pivot": [0, 7, 0],
					"cubes": [
						{"origin": [-4.5, 3.5, -6], "size": [9, 7, 12], "inflate": 0.02, "uv": [22, 25]}
					]
				},
				{
					"name": "neck_fur",
					"parent": "torso",
					"pivot": [0, 12.25, -4.05],
					"rotation": [20, 0, 0],
					"cubes": [
						{"origin": [-2, 12.25, -6.05], "size": [4, 0, 4], "uv": [10, 37]}
					]
				},
				{
					"name": "neck_fur_left",
					"parent": "neck_fur",
					"pivot": [2, 12.25, -4.05],
					"rotation": [0, 0, 20],
					"cubes": [
						{"origin": [2, 12.25, -9.05], "size": [3, 0, 10], "uv": [30, 0]}
					]
				},
				{
					"name": "neck_fur_left2",
					"parent": "neck_fur_left",
					"pivot": [5, 12.25, -4.05],
					"rotation": [0, 0, 35],
					"cubes": [
						{"origin": [5, 12.25, -10.05], "size": [3, 0, 12], "uv": [34, 0]}
					]
				},
				{
					"name": "neck_fur_right",
					"parent": "neck_fur",
					"pivot": [-2, 12.25, -4.05],
					"rotation": [0, 0, -20],
					"cubes": [
						{"origin": [-5, 12.25, -9.05], "size": [3, 0, 10], "uv": [42, 0], "mirror": true}
					]
				},
				{
					"name": "neck_fur_right2",
					"parent": "neck_fur_right",
					"pivot": [-5, 12.25, -4.05],
					"rotation": [0, 0, -35],
					"cubes": [
						{"origin": [-8, 12.25, -10.05], "size": [3, 0, 12], "uv": [46, 0], "mirror": true}
					]
				},
				{
					"name": "neck_fur_front",
					"parent": "neck_fur",
					"pivot": [0, 12.25, -6.05],
					"rotation": [32.5, 0, 0],
					"cubes": [
						{"origin": [-5, 12.25, -9.05], "size": [10, 0, 3], "uv": [41, 12]}
					]
				},
				{
					"name": "neck_fur_front2",
					"parent": "neck_fur_front",
					"pivot": [0, 12.25, -9.05],
					"rotation": [25, 0, 0],
					"cubes": [
						{"origin": [-6, 12.25, -12.05], "size": [12, 0, 3], "uv": [37, 19]}
					]
				},
				{
					"name": "neck_fur_back",
					"parent": "neck_fur",
					"pivot": [0, 12.25, -2.05],
					"rotation": [-32.5, 0, 0],
					"cubes": [
						{"origin": [-5, 12.25, -2.05], "size": [10, 0, 3], "uv": [41, 15]}
					]
				},
				{
					"name": "neck_fur_back2",
					"parent": "neck_fur_back",
					"pivot": [0, 12.25, 0.95],
					"rotation": [-17.5, 0, 0],
					"cubes": [
						{"origin": [-6, 12.25, 0.95], "size": [12, 0, 3], "uv": [37, 22]}
					]
				},
				{
					"name": "neck",
					"parent": "torso",
					"pivot": [0, 10.5, -2.3],
					"rotation": [15, 0, 0],
					"cubes": [
						{"origin": [-2, 9.3, -6.3], "size": [4, 8, 4], "uv": [28, 7]}
					]
				},
				{
					"name": "wreath",
					"parent": "neck",
					"pivot": [-4.34202, 14.18969, -3.5],
					"rotation": [-10, 0, 0],
					"cubes": [
						{"origin": [-4.34202, 14.18969, -4.5], "size": [1, 1, 1], "pivot": [-4.34202, 14.18969, -3.5], "rotation": [10.86052, 23.54641, -8.32533], "uv": [8, 58], "mirror": true},
						{"origin": [-5, 11.5, -8], "size": [2, 3, 10], "inflate": 0.2, "pivot": [0, 11.5, -3], "rotation": [27.5, 0, 0], "uv": [0, 38]},
						{"origin": [-3, 11.5, -8], "size": [6, 3, 2], "pivot": [0, 11.5, -3], "rotation": [27.5, 0, 0], "uv": [48, 59]},
						{"origin": [-3, 11.5, -8], "size": [6, 3, 2], "inflate": 0.1, "pivot": [0, 11.5, -3], "rotation": [27.5, 0, 0], "uv": [34, 49]},
						{"origin": [-3, 11.5, 0], "size": [6, 3, 2], "pivot": [0, 11.5, -3], "rotation": [27.5, 0, 0], "uv": [31, 59]},
						{"origin": [-3, 11.5, 0], "size": [6, 3, 2], "inflate": 0.1, "pivot": [0, 11.5, -3], "rotation": [27.5, 0, 0], "uv": [34, 49]},
						{"origin": [3, 11.5, -8], "size": [2, 3, 10], "pivot": [0, 11.5, -3], "rotation": [27.5, 0, 0], "uv": [40, 45], "mirror": true},
						{"origin": [3, 11.5, -8], "size": [2, 3, 10], "inflate": 0.2, "pivot": [0, 11.5, -3], "rotation": [27.5, 0, 0], "uv": [0, 38], "mirror": true},
						{"origin": [-1, 9.5, -9.5], "size": [2, 2, 2], "uv": [56, 50]},
						{"origin": [1, 9.5, -9], "size": [4, 3, 1], "inflate": 0.1, "pivot": [2, 9.5, -8], "rotation": [0, 0, -5], "uv": [23, 53]},
						{"origin": [0, 4.25, -9], "size": [3, 6, 1], "pivot": [1.5, 10.25, -8.5], "rotation": [0, 0, -25], "uv": [0, 51]},
						{"origin": [-3, 4.25, -9], "size": [3, 6, 1], "pivot": [-1.5, 10.25, -8.5], "rotation": [0, 0, 25], "uv": [13, 57], "mirror": true},
						{"origin": [-5, 9.5, -9], "size": [4, 3, 1], "inflate": 0.1, "pivot": [-2, 9.5, -8], "rotation": [0, 0, 5], "uv": [24, 48], "mirror": true},
						{"origin": [-5, 11.5, -8], "size": [2, 3, 10], "pivot": [0, 11.5, -3], "rotation": [27.5, 0, 0], "uv": [40, 45]},
						{"origin": [4.34202, 10.93969, -6.5], "size": [2, 2, 2], "pivot": [5.34202, 11.93969, -5.5], "rotation": [-18.88172, 6.71771, 38.88172], "uv": [1, 59]},
						{"origin": [4.34202, 12.93969, -2.5], "size": [2, 2, 2], "pivot": [5.34202, 13.93969, -1.5], "rotation": [48.36052, -23.54641, 8.32533], "uv": [55, 45]},
						{"origin": [1.34202, 13.93969, -0.5], "size": [2, 2, 2], "pivot": [2.34202, 14.93969, 0.5], "rotation": [29.91671, -23.54776, 62.63641], "uv": [41, 44]},
						{"origin": [3.34202, 14.18969, -4.5], "size": [1, 1, 1], "pivot": [4.34202, 14.18969, -3.5], "rotation": [10.86052, -23.54641, 8.32533], "uv": [46, 58]},
						{"origin": [1.59202, 15.68969, -1], "size": [1, 1, 1], "pivot": [2.59202, 15.68969, 0], "rotation": [-43.73057, -72.67031, 40.28367], "uv": [38, 44]},
						{"origin": [-2.59202, 15.68969, -1], "size": [1, 1, 1], "pivot": [-2.59202, 15.68969, 0], "rotation": [-43.73057, 72.67031, -40.28367], "uv": [36, 46], "mirror": true},
						{"origin": [-6.34202, 10.93969, -6.5], "size": [2, 2, 2], "pivot": [-5.34202, 11.93969, -5.5], "rotation": [-18.88172, -6.71771, -38.88172], "uv": [21, 60], "mirror": true},
						{"origin": [-3.34202, 13.93969, -0.5], "size": [2, 2, 2], "pivot": [-2.34202, 14.93969, 0.5], "rotation": [29.91671, 23.54776, -62.63641], "uv": [41, 44], "mirror": true},
						{"origin": [-6.34202, 12.93969, -2.5], "size": [2, 2, 2], "pivot": [-5.34202, 13.93969, -1.5], "rotation": [48.36052, 23.54641, -8.32533], "uv": [1, 59], "mirror": true}
					]
				},
				{
					"name": "head",
					"parent": "neck",
					"pivot": [0, 16.3, -4.3]
				},
				{
					"name": "head_ai",
					"parent": "head",
					"pivot": [0, 16.3, -4.3]
				},
				{
					"name": "head_angle",
					"parent": "head_ai",
					"pivot": [0, 16.3, -4.3],
					"cubes": [
						{"origin": [-3.5, 16.3, -7.3], "size": [7, 7, 6], "uv": [0, 0]}
					]
				},
				{
					"name": "fernright",
					"parent": "head_angle",
					"pivot": [-3.25, 18.75, 0.5],
					"rotation": [-22.81179, 9.23186, -3.86032],
					"cubes": [
						{"origin": [-3.75, 18.25, -1.5], "size": [0, 1, 2], "pivot": [-3.75, 18.25, -2.5], "rotation": [0, 22.5, 0], "uv": [34, 53], "mirror": true}
					]
				},
				{
					"name": "fernright2",
					"parent": "fernright",
					"pivot": [-3.276, 18.75, -1.5],
					"rotation": [-7.53577, -7.47852, 0.32901],
					"cubes": [
						{"origin": [-3.25, 17.25, -7.5], "size": [0, 3, 6], "uv": [10, 48], "mirror": true},
						{"origin": [-3.29, 17.25, -3], "size": [0, 1, 1], "pivot": [-3.3, 17.75, -2.5], "rotation": [45, 0, 0], "uv": [33, 46], "mirror": true},
						{"origin": [-3.29, 19.25, -3], "size": [0, 1, 1], "pivot": [-3.3, 19.75, -2.5], "rotation": [45, 0, 0], "uv": [56, 49], "mirror": true},
						{"origin": [-3.3, 18.25, -3], "size": [0, 1, 1], "uv": [62, 44], "mirror": true}
					]
				},
				{
					"name": "fernright3",
					"parent": "fernright2",
					"pivot": [-3.25, 18.75, -7.5],
					"rotation": [0, -17.5, 0],
					"cubes": [
						{"origin": [-3.25, 17.25, -9.5], "size": [0, 3, 2], "uv": [28, 56], "mirror": true}
					]
				},
				{
					"name": "fernleft",
					"parent": "head_angle",
					"pivot": [3.25, 18.75, 0.5],
					"rotation": [-22.81179, -9.23186, 3.86032],
					"cubes": [
						{"origin": [3.75, 18.25, -1.5], "size": [0, 1, 2], "pivot": [3.75, 18.25, -2.5], "rotation": [0, -22.5, 0], "uv": [34, 53]}
					]
				},
				{
					"name": "fernleft2",
					"parent": "fernleft",
					"pivot": [3.276, 18.75, -1.5],
					"rotation": [-7.53577, 7.47852, -0.32901],
					"cubes": [
						{"origin": [3.25, 17.25, -7.5], "size": [0, 3, 6], "uv": [10, 48]},
						{"origin": [3.29, 17.25, -3], "size": [0, 1, 1], "pivot": [3.3, 17.75, -2.5], "rotation": [45, 0, 0], "uv": [33, 46]},
						{"origin": [3.29, 19.25, -3], "size": [0, 1, 1], "pivot": [3.3, 19.75, -2.5], "rotation": [45, 0, 0], "uv": [56, 49]},
						{"origin": [3.3, 18.25, -3], "size": [0, 1, 1], "uv": [62, 44]}
					]
				},
				{
					"name": "fernleft3",
					"parent": "fernleft2",
					"pivot": [3.25, 18.75, -7.5],
					"rotation": [0, 17.5, 0],
					"cubes": [
						{"origin": [3.25, 17.25, -9.5], "size": [0, 3, 2], "uv": [28, 56]}
					]
				},
				{
					"name": "locator_item_hat",
					"parent": "head_angle",
					"pivot": [0, 23.7, -4.8],
					"locators": {
						"item_hat": [0, 23.7, -4.8]
					}
				},
				{
					"name": "locator_head",
					"parent": "head_angle",
					"pivot": [0, 23.3, -7.3],
					"locators": {
						"head": [0, 23.3, -7.3]
					}
				},
				{
					"name": "locator_mouth",
					"parent": "head_angle",
					"pivot": [0, 18.3, -7.3],
					"locators": {
						"mouth": [0, 18.3, -7.3],
						"physical": [0, 18.3, -7.3],
						"special": [0, 18.3, -7.3]
					}
				},
				{
					"name": "snout",
					"parent": "head_angle",
					"pivot": [0, 21.3, -7.3],
					"rotation": [10, 0, 0],
					"cubes": [
						{"origin": [-2.5, 18.4, -11.3], "size": [5, 3, 5], "inflate": 0.01, "uv": [0, 13]},
						{"origin": [-1.5, 18.9, -11.32], "size": [3, 1, 0], "uv": [0, 34]}
					]
				},
				{
					"name": "locator_face",
					"parent": "snout",
					"pivot": [0, 19.9, -11.3],
					"locators": {
						"face": [0, 19.9, -11.3]
					}
				},
				{
					"name": "locator_jaw_upper",
					"parent": "snout",
					"pivot": [0, 18.4, -11.3],
					"locators": {
						"jaw1": [0, 18.4, -11.3]
					}
				},
				{
					"name": "locator_item_face",
					"parent": "snout",
					"pivot": [0, 20.9, -11.3],
					"locators": {
						"item_face": [0, 20.9, -11.3]
					}
				},
				{
					"name": "eyes",
					"parent": "snout",
					"pivot": [0, 21.3, -8.3],
					"cubes": [
						{"origin": [0.5, 21.31, -9.3], "size": [2, 0, 2], "uv": [22, 0]},
						{"origin": [1, 21.32, -8.8], "size": [1, 0, 1], "uv": [27, 1]},
						{"origin": [-2.5, 21.31, -9.3], "size": [2, 0, 2], "uv": [18, 0]},
						{"origin": [-2, 21.32, -8.8], "size": [1, 0, 1], "uv": [27, 0]}
					]
				},
				{
					"name": "jaw",
					"parent": "snout",
					"pivot": [0, 18.4, -7.85],
					"rotation": [-7.5, 0, 0],
					"cubes": [
						{"origin": [-2, 17.4, -11.1], "size": [4, 1, 4], "uv": [10, 32]}
					]
				},
				{
					"name": "locator_item",
					"parent": "jaw",
					"pivot": [0, 18.4, -10.6],
					"rotation": [0, 45, 0],
					"locators": {
						"item": [0, 18.4, -10.6]
					}
				},
				{
					"name": "locator_jaw_lower",
					"parent": "jaw",
					"pivot": [0, 18.4, -11.1],
					"locators": {
						"jaw2": [0, 18.4, -11.1]
					}
				},
				{
					"name": "hair",
					"parent": "head_angle",
					"pivot": [0, 19.8, -7.3]
				},
				{
					"name": "hair_up",
					"parent": "hair",
					"pivot": [0, 23.3, -7.3],
					"rotation": [37, 0, 0],
					"cubes": [
						{"origin": [-3.5, 23.3, -11.3], "size": [7, 0, 4], "uv": [10, 44]}
					]
				},
				{
					"name": "hair_down",
					"parent": "hair",
					"pivot": [0, 16.3, -7.3],
					"rotation": [-15, 0, 0],
					"cubes": [
						{"origin": [-3.5, 16.3, -10.3], "size": [7, 0, 3], "uv": [17, 3]}
					]
				},
				{
					"name": "hair_left",
					"parent": "hair",
					"pivot": [3.5, 20.05, -7.3],
					"rotation": [0, 20, 0],
					"cubes": [
						{"origin": [3.5, 16.8, -10.3], "size": [0, 6, 3], "uv": [22, 10]}
					]
				},
				{
					"name": "hair_right",
					"parent": "hair",
					"pivot": [-3.5, 20.05, -7.3],
					"rotation": [0, -20, 0],
					"cubes": [
						{"origin": [-3.5, 16.8, -10.3], "size": [0, 6, 3], "uv": [34, -3], "mirror": true}
					]
				},
				{
					"name": "head_point",
					"parent": "head_angle",
					"pivot": [0, 23.3, -3.5],
					"rotation": [-17.5, 0, 0],
					"cubes": [
						{"origin": [0, 23.3, -3.5], "size": [0, 3, 2], "inflate": 0.01, "uv": [0, -2]}
					]
				},
				{
					"name": "head_point2",
					"parent": "head_point",
					"pivot": [0, 26.3, -3.5],
					"rotation": [-10, 0, 0],
					"cubes": [
						{"origin": [0, 26.3, -3.5], "size": [0, 3, 2], "uv": [0, 1]}
					]
				},
				{
					"name": "tail",
					"parent": "torso",
					"pivot": [0, 9.8, 6],
					"cubes": [
						{"origin": [-0.5, 6.8, 6], "size": [1, 3, 2], "uv": [28, 30]}
					]
				},
				{
					"name": "locator_tail",
					"parent": "tail",
					"pivot": [0, 8.3, 7.5],
					"rotation": [-180, 0, 180],
					"locators": {
						"tail": [0, 8.3, 7.5]
					}
				},
				{
					"name": "tail2",
					"parent": "tail",
					"pivot": [0, 9.8, 8],
					"cubes": [
						{"origin": [0, 6.8, 8], "size": [0, 3, 2], "uv": [24, 30]}
					]
				},
				{
					"name": "locator_tail_tip",
					"parent": "tail2",
					"pivot": [0, 8.8, 10],
					"rotation": [-180, 0, 180],
					"locators": {
						"tail_tip": [0, 8.8, 10]
					}
				},
				{
					"name": "legs",
					"parent": "body",
					"pivot": [0, 3.5, 0]
				},
				{
					"name": "leg_front_left",
					"parent": "legs",
					"pivot": [3, 3.5, -4.5],
					"cubes": [
						{"origin": [1.5, 2, -6], "size": [3, 2, 3], "inflate": 0.01, "uv": [52, 25]}
					]
				},
				{
					"name": "leg_front_left2",
					"parent": "leg_front_left",
					"pivot": [3, 2, -6],
					"cubes": [
						{"origin": [1.5, 0, -6], "size": [3, 2, 3], "uv": [52, 30]}
					]
				},
				{
					"name": "locator_foot_secondary1",
					"parent": "leg_front_left2",
					"pivot": [3, 0.5, -4.5],
					"rotation": [90, 0, 0],
					"locators": {
						"foot_secondary1": [3, 0.5, -4.5]
					}
				},
				{
					"name": "leg_front_right",
					"parent": "legs",
					"pivot": [-3, 3.5, -4.5],
					"cubes": [
						{"origin": [-4.5, 2, -6], "size": [3, 2, 3], "inflate": 0.01, "uv": [28, 20], "mirror": true}
					]
				},
				{
					"name": "leg_front_right2",
					"parent": "leg_front_right",
					"pivot": [-3, 2, -6],
					"cubes": [
						{"origin": [-4.5, 0, -6], "size": [3, 2, 3], "uv": [22, 25], "mirror": true}
					]
				},
				{
					"name": "locator_foot_primary",
					"parent": "leg_front_right2",
					"pivot": [-3, 0.5, -4.5],
					"rotation": [90, 0, 0],
					"locators": {
						"foot_primary": [-3, 0.5, -4.5]
					}
				},
				{
					"name": "leg_back_left",
					"parent": "legs",
					"pivot": [3, 5, 4.4],
					"cubes": [
						{"origin": [1.5, 2, 3], "size": [3, 3, 3], "inflate": 0.01, "uv": [13, 21]}
					]
				},
				{
					"name": "leg_back_left2",
					"parent": "leg_back_left",
					"pivot": [3, 2, 3],
					"cubes": [
						{"origin": [1.5, 0, 3], "size": [3, 2, 3], "uv": [13, 27]}
					]
				},
				{
					"name": "locator_foot_secondary3",
					"parent": "leg_back_left2",
					"pivot": [3, 0.5, 4.5],
					"rotation": [90, 0, 0],
					"locators": {
						"foot_secondary3": [3, 0.5, 4.5]
					}
				},
				{
					"name": "leg_back_right",
					"parent": "legs",
					"pivot": [-3, 5, 4.4],
					"cubes": [
						{"origin": [-4.5, 2, 3], "size": [3, 3, 3], "inflate": 0.01, "uv": [0, 21], "mirror": true}
					]
				},
				{
					"name": "leg_back_right2",
					"parent": "leg_back_right",
					"pivot": [-3, 2, 3],
					"cubes": [
						{"origin": [-4.5, 0, 3], "size": [3, 2, 3], "uv": [0, 27], "mirror": true}
					]
				},
				{
					"name": "locator_foot_secondary2",
					"parent": "leg_back_right2",
					"pivot": [-3, 0.5, 4.5],
					"rotation": [90, 0, 0],
					"locators": {
						"foot_secondary2": [-3, 0.5, 4.5]
					}
				}
			]
		}
	]
}