{
	"format_version": "1.12.0",
	"minecraft:geometry": [
		{
			"description": {
				"identifier": "geometry.marill",
				"texture_width": 64,
				"texture_height": 154,
				"visible_bounds_width": 6,
				"visible_bounds_height": 3.5,
				"visible_bounds_offset": [0, 1.25, 0]
			},
			"bones": [
				{
					"name": "marill",
					"pivot": [0, 0, 0]
				},
				{
					"name": "locator_root",
					"parent": "marill",
					"pivot": [0, 0, 0],
					"locators": {
						"root": [0, 0, 0]
					}
				},
				{
					"name": "locator_top",
					"parent": "marill",
					"pivot": [0, 17.35, 0],
					"locators": {
						"top": [0, 17.35, 0]
					}
				},
				{
					"name": "body",
					"parent": "marill",
					"pivot": [0, 8, 0]
				},
				{
					"name": "locator_target",
					"parent": "body",
					"pivot": [0, 8, -8],
					"locators": {
						"target": [0, 8, -8]
					}
				},
				{
					"name": "locator_middle",
					"parent": "body",
					"pivot": [0, 8, 0],
					"locators": {
						"middle": [0, 8, 0]
					}
				},
				{
					"name": "torso",
					"parent": "body",
					"pivot": [0, 2, 0],
					"cubes": [
						{"origin": [-6.5, 1, -6.5], "size": [13, 14, 13], "uv": [0, 0]},
						{"origin": [3.5, 3, -9.75], "size": [2, 6, 7], "pivot": [4.5, 6, -6.25], "rotation": [15, 82.5, 0], "uv": [24, 35]},
						{"origin": [4.01321, 2.06815, -9.68243], "size": [2, 2, 7], "inflate": 0.2, "pivot": [5.01321, 3.06815, -6.18243], "rotation": [2.5, 82.5, 0], "uv": [17, 48]},
						{"origin": [3.25, 4, -10], "size": [2, 4, 2], "inflate": 0.1, "pivot": [4.25, 6, -6.5], "rotation": [15, 82.5, 0], "uv": [28, 49]},
						{"origin": [3.5, 8, -9.75], "size": [2, 2, 7], "inflate": 0.1, "pivot": [4.5, 6, -6.25], "rotation": [15, 82.5, 0], "uv": [46, 110]},
						{"origin": [6, 2, -6], "size": [2, 9, 14], "pivot": [7, 6.5, 1], "rotation": [5, 0, 0], "uv": [32, 71]},
						{"origin": [6.25, 2, -6], "size": [2, 2, 14], "inflate": 0.1, "pivot": [7.25, 6.5, 1], "rotation": [5, 0, 0], "uv": [0, 78]},
						{"origin": [5.25, 9.48097, -6.43578], "size": [3, 3, 14], "inflate": 0.1, "pivot": [6.75, 10.98097, 0.56422], "rotation": [4.92442, 0.86717, -9.96271], "uv": [25, 107]},
						{"origin": [-5.5, 8, -9.75], "size": [2, 2, 7], "inflate": 0.1, "pivot": [-4.5, 6, -6.25], "rotation": [15, -82.5, 0], "uv": [46, 110], "mirror": true},
						{"origin": [-6, 2.5, 6], "size": [12, 9, 2], "pivot": [0, 7, 7], "rotation": [5, 0, 0], "uv": [36, 143], "mirror": true},
						{"origin": [-6, 2.5, 6.25], "size": [12, 2, 2], "inflate": 0.1, "pivot": [0, 7, 7.25], "rotation": [5, 0, 0], "uv": [36, 125], "mirror": true},
						{"origin": [-6, 9.98097, 6.06422], "size": [12, 3, 2], "inflate": 0.1, "pivot": [0, 11.48097, 7.06422], "rotation": [-2.5, 0, 0], "uv": [23, 96], "mirror": true},
						{"origin": [-8.25, 9.48097, -6.43578], "size": [3, 3, 14], "inflate": 0.1, "pivot": [-6.75, 10.98097, 0.56422], "rotation": [4.92442, -0.86717, 9.96271], "uv": [25, 107], "mirror": true},
						{"origin": [-8.25, 2, -6], "size": [2, 2, 14], "inflate": 0.1, "pivot": [-7.25, 6.5, 1], "rotation": [5, 0, 0], "uv": [0, 124], "mirror": true},
						{"origin": [-8, 2, -6], "size": [2, 9, 14], "pivot": [-7, 6.5, 1], "rotation": [5, 0, 0], "uv": [32, 71], "mirror": true},
						{"origin": [-6.01321, 2.06815, -9.68243], "size": [2, 2, 7], "inflate": 0.2, "pivot": [-5.01321, 3.06815, -6.18243], "rotation": [2.5, -82.5, 0], "uv": [46, 95], "mirror": true},
						{"origin": [-5.25, 4, -10], "size": [2, 4, 2], "inflate": 0.1, "pivot": [-4.25, 6, -6.5], "rotation": [15, -82.5, 0], "uv": [53, 21], "mirror": true},
						{"origin": [-5.5, 3, -9.75], "size": [2, 6, 7], "pivot": [-4.5, 6, -6.25], "rotation": [15, -82.5, 0], "uv": [27, 72], "mirror": true},
						{"origin": [-0.5, 7.5, -9.25], "size": [1, 2, 1], "pivot": [0.5, 7.5, -9.25], "rotation": [-12.5, 0, 0], "uv": [60, 75]},
						{"origin": [0, 6, -9], "size": [5, 3, 1], "pivot": [2.5, 7.5, -8], "rotation": [-12.39638, 1.61888, 7.32417], "uv": [17, 36]},
						{"origin": [-0.11769, 2.20434, -8], "size": [2, 5, 0], "pivot": [0.88231, 6.70434, -8], "rotation": [-12.08681, -3.21132, -14.65993], "uv": [54, 79]},
						{"origin": [-1.88231, 2.20434, -8], "size": [2, 5, 0], "pivot": [-0.88231, 6.70434, -8], "rotation": [-12.08681, 3.21132, 14.65993], "uv": [59, 79], "mirror": true},
						{"origin": [-5, 6, -9], "size": [5, 3, 1], "pivot": [-2.5, 7.5, -8], "rotation": [-12.39638, -1.61888, -7.32417], "uv": [52, 66], "mirror": true}
					]
				},
				{
					"name": "locator_mouth",
					"parent": "torso",
					"pivot": [0, 10.25, -6.5],
					"locators": {
						"mouth": [0, 10.25, -6.5],
						"special": [0, 10.25, -6.5]
					}
				},
				{
					"name": "locator_item_face",
					"parent": "torso",
					"pivot": [0, 12.25, -6.5],
					"locators": {
						"item_face": [0, 12.25, -6.5]
					}
				},
				{
					"name": "locator_face",
					"parent": "torso",
					"pivot": [0, 12.25, -6.5],
					"locators": {
						"face": [0, 12.25, -6.5]
					}
				},
				{
					"name": "locator_item_hat",
					"parent": "torso",
					"pivot": [0, 15, 0],
					"locators": {
						"item_hat": [0, 15, 0]
					}
				},
				{
					"name": "locator_head",
					"parent": "torso",
					"pivot": [0, 15, -4],
					"locators": {
						"head": [0, 15, -4]
					}
				},
				{
					"name": "tail",
					"parent": "torso",
					"pivot": [0, 2.5, 6.5],
					"cubes": [
						{"origin": [0, 2, 4.5], "size": [0, 1, 6], "inflate": 0.01, "uv": [30, 25]}
					]
				},
				{
					"name": "tail2",
					"parent": "tail",
					"pivot": [0, 2.5, 10.5],
					"cubes": [
						{"origin": [0, 2, 10.5], "size": [0, 1, 3], "uv": [34, 29]}
					]
				},
				{
					"name": "tail3",
					"parent": "tail2",
					"pivot": [0, 2.5, 13.5],
					"cubes": [
						{"origin": [0, 2, 13.5], "size": [0, 1, 3], "inflate": 0.01, "uv": [30, 27]}
					]
				},
				{
					"name": "locator_tail",
					"parent": "tail3",
					"pivot": [0, 2.5, 15],
					"rotation": [180, 0, -180],
					"locators": {
						"tail": [0, 2.5, 15]
					}
				},
				{
					"name": "tail4",
					"parent": "tail3",
					"pivot": [0, 2.5, 16.5],
					"cubes": [
						{"origin": [0, 2, 16.5], "size": [0, 1, 3], "uv": [36, 27]}
					]
				},
				{
					"name": "tail5",
					"parent": "tail4",
					"pivot": [0, 2.5, 19.5],
					"cubes": [
						{"origin": [0, 2, 19.5], "size": [0, 1, 2], "inflate": 0.01, "uv": [30, 27]}
					]
				},
				{
					"name": "tail6",
					"parent": "tail5",
					"pivot": [0, 2.5, 21.5],
					"cubes": [
						{"origin": [0, 2, 21.5], "size": [0, 1, 2], "uv": [30, 30]}
					]
				},
				{
					"name": "tail7",
					"parent": "tail6",
					"pivot": [0, 2.5, 23.5],
					"cubes": [
						{"origin": [0, 2, 23.5], "size": [0, 1, 4], "inflate": 0.01, "uv": [34, 25]}
					]
				},
				{
					"name": "tail_ball",
					"parent": "tail7",
					"pivot": [0, 2.5, 25.5],
					"cubes": [
						{"origin": [-3.5, -1, 25.5], "size": [7, 7, 7], "uv": [36, 27]}
					]
				},
				{
					"name": "locator_tail_tip",
					"parent": "tail_ball",
					"pivot": [0, 2.5, 32.5],
					"rotation": [180, 0, -180],
					"locators": {
						"tail_tip": [0, 2.5, 32.5]
					}
				},
				{
					"name": "locator_physical",
					"parent": "tail_ball",
					"pivot": [0, 2.5, 29],
					"locators": {
						"physical": [0, 2.5, 29]
					}
				},
				{
					"name": "tail_ball_active",
					"parent": "tail_ball",
					"pivot": [0, 2.5, 29],
					"cubes": [
						{"origin": [-3.5, -1, 25.5], "size": [7, 7, 7], "inflate": -0.1, "uv": [36, 42]}
					]
				},
				{
					"name": "ears",
					"parent": "torso",
					"pivot": [0, 15, 0.01]
				},
				{
					"name": "ear_left",
					"parent": "ears",
					"pivot": [4, 15, 0],
					"cubes": [
						{"origin": [2.5, 13.5, 0], "size": [7, 6, 0], "uv": [49, 58]}
					]
				},
				{
					"name": "ear_right",
					"parent": "ears",
					"pivot": [-4, 15, 0],
					"cubes": [
						{"origin": [-9.5, 13.5, 0], "size": [7, 6, 0], "uv": [33, 58]},
						{"origin": [-9.25, 14.5, -4], "size": [8, 3, 8], "pivot": [-5.25, 14.5, 0], "rotation": [0, 0, -20], "uv": [32, 130]},
						{"origin": [-9.25, 14.5, -4], "size": [8, 3, 8], "inflate": 0.1, "pivot": [-5.25, 14.5, 0], "rotation": [0, 0, -20], "uv": [0, 66]},
						{"origin": [-8.75, 14.5, -3.5], "size": [7, 6, 7], "pivot": [-5.75, 14.5, -0.5], "rotation": [0, 0, -20], "uv": [0, 141]},
						{"origin": [-10.64414, 18.07785, -1.75], "size": [6, 5, 6], "pivot": [-7.64414, 21.07785, 1.25], "rotation": [-32.5, 0, -20], "uv": [1, 112]},
						{"origin": [-10.1142, 18.24307, 0.99259], "size": [4, 9, 4], "pivot": [-8.1142, 21.24307, 2.99259], "rotation": [-100, 0, -20], "uv": [21, 103]},
						{"origin": [-10.6142, 26.99307, -0.00741], "size": [5, 5, 5], "pivot": [-7.6142, 20.99307, 2.99259], "rotation": [-100, 0, -20], "uv": [0, 99]},
						{"origin": [-10.6142, 26.99307, -0.00741], "size": [5, 5, 5], "inflate": 0.1, "pivot": [-7.6142, 20.99307, 2.99259], "rotation": [-100, 0, -20], "uv": [20, 126]}
					]
				},
				{
					"name": "face",
					"parent": "torso",
					"pivot": [0, 11.75, -6.54]
				},
				{
					"name": "eyes",
					"parent": "face",
					"pivot": [0, 11.75, -6.54]
				},
				{
					"name": "eye_left",
					"parent": "eyes",
					"pivot": [3, 12.25, -6.52],
					"cubes": [
						{"origin": [2, 11.25, -6.52], "size": [2, 2, 0], "uv": [6, 29]}
					]
				},
				{
					"name": "locator_eye_left",
					"parent": "eye_left",
					"pivot": [3, 12.25, -6.45],
					"locators": {
						"eye2": [3, 12.25, -6.45]
					}
				},
				{
					"name": "eyeshine_left",
					"parent": "eye_left",
					"pivot": [2.75, 12.5, -6.54],
					"cubes": [
						{"origin": [2.25, 12, -6.54], "size": [1, 1, 0], "uv": [14, 29]}
					]
				},
				{
					"name": "eyebrow_left",
					"parent": "eye_left",
					"pivot": [3, 13.25, -6.46],
					"cubes": [
						{"origin": [1.5, 12.75, -6.46], "size": [3, 1, 0], "uv": [8, 54]}
					]
				},
				{
					"name": "eyebrow_small_left",
					"parent": "eye_left",
					"pivot": [2.25, 13, -6.46],
					"cubes": [
						{"origin": [1.75, 12.5, -6.46], "size": [1, 1, 0], "uv": [11, 51]}
					]
				},
				{
					"name": "eye_left_happy",
					"parent": "eyes",
					"pivot": [3, 12.25, -6.42],
					"cubes": [
						{"origin": [1.5, 11.25, -6.42], "size": [3, 2, 0], "uv": [8, 46]}
					]
				},
				{
					"name": "eye_left_hurt",
					"parent": "eyes",
					"pivot": [3, 12.25, -6.42],
					"cubes": [
						{"origin": [2, 11.25, -6.42], "size": [2, 2, 0], "uv": [6, 51]}
					]
				},
				{
					"name": "eyelid_left",
					"parent": "eyes",
					"pivot": [3, 11.75, -6.42],
					"cubes": [
						{"origin": [2, 11.25, -6.42], "size": [2, 1, 0], "uv": [6, 49]}
					]
				},
				{
					"name": "eye_right",
					"parent": "eyes",
					"pivot": [-3, 12.25, -6.52],
					"cubes": [
						{"origin": [-4, 11.25, -6.52], "size": [2, 2, 0], "uv": [1, 29]}
					]
				},
				{
					"name": "locator_eye_right",
					"parent": "eye_right",
					"pivot": [-3, 12.25, -6.45],
					"locators": {
						"eye1": [-3, 12.25, -6.45]
					}
				},
				{
					"name": "eyeshine_right",
					"parent": "eye_right",
					"pivot": [-2.75, 12.5, -6.54],
					"cubes": [
						{"origin": [-3.25, 12, -6.54], "size": [1, 1, 0], "uv": [11, 29]}
					]
				},
				{
					"name": "eyebrow_right",
					"parent": "eye_right",
					"pivot": [-3, 13.25, -6.46],
					"cubes": [
						{"origin": [-4.5, 12.75, -6.46], "size": [3, 1, 0], "uv": [1, 54]}
					]
				},
				{
					"name": "eyebrow_small_right",
					"parent": "eye_right",
					"pivot": [-2.25, 13, -6.46],
					"cubes": [
						{"origin": [-2.75, 12.5, -6.46], "size": [1, 1, 0], "uv": [11, 49]}
					]
				},
				{
					"name": "eye_right_happy",
					"parent": "eyes",
					"pivot": [-3, 12.25, -6.42],
					"cubes": [
						{"origin": [-4.5, 11.25, -6.42], "size": [3, 2, 0], "uv": [1, 46]}
					]
				},
				{
					"name": "eye_right_hurt",
					"parent": "eyes",
					"pivot": [-3, 12.25, -6.42],
					"cubes": [
						{"origin": [-4, 11.25, -6.42], "size": [2, 2, 0], "uv": [1, 51]}
					]
				},
				{
					"name": "eyelid_right",
					"parent": "eyes",
					"pivot": [-3, 11.75, -6.42],
					"cubes": [
						{"origin": [-4, 11.25, -6.42], "size": [2, 1, 0], "uv": [1, 49]}
					]
				},
				{
					"name": "mouth",
					"parent": "face",
					"pivot": [0, 10.375, -6.52]
				},
				{
					"name": "mouth_closed_smile",
					"parent": "mouth",
					"pivot": [0, 10.375, -6.52],
					"cubes": [
						{"origin": [-2, 10, -6.52], "size": [4, 1, 0], "uv": [1, 38]},
						{"origin": [-1, 9.75, -6.52], "size": [2, 1, 0], "inflate": 0.01, "uv": [10, 38]}
					]
				},
				{
					"name": "mouth_closed_frown",
					"parent": "mouth",
					"pivot": [0, 10.41667, -6.42],
					"cubes": [
						{"origin": [-2, 9.75, -6.42], "size": [4, 1, 0], "uv": [1, 40]},
						{"origin": [-1, 10, -6.42], "size": [2, 1, 0], "uv": [10, 40]}
					]
				},
				{
					"name": "mouth_closed_frown_small",
					"parent": "mouth",
					"pivot": [0, 10.25, -6.42],
					"cubes": [
						{"origin": [-1.5, 9.5, -6.42], "size": [3, 1, 0], "uv": [1, 44]},
						{"origin": [-0.5, 10, -6.42], "size": [1, 1, 0], "uv": [8, 44]}
					]
				},
				{
					"name": "mouth_closed_straight",
					"parent": "mouth",
					"pivot": [0, 10.25, -6.42],
					"cubes": [
						{"origin": [-2, 9.75, -6.42], "size": [4, 1, 0], "uv": [1, 42]}
					]
				},
				{
					"name": "mouth_open",
					"parent": "mouth",
					"pivot": [0, 10, -6.42],
					"cubes": [
						{"origin": [-1, 9, -6.42], "size": [2, 2, 0], "uv": [10, 32]}
					]
				},
				{
					"name": "mouth_open_big",
					"parent": "mouth",
					"pivot": [0, 10, -6.42],
					"cubes": [
						{"origin": [-2, 9, -6.42], "size": [4, 2, 0], "uv": [1, 32]}
					]
				},
				{
					"name": "mouth_open_small",
					"parent": "mouth",
					"pivot": [0, 10.25, -6.42],
					"cubes": [
						{"origin": [-1, 9.75, -6.42], "size": [2, 1, 0], "uv": [10, 35]}
					]
				},
				{
					"name": "mouth_open_smile",
					"parent": "mouth",
					"pivot": [0, 10, -6.44],
					"cubes": [
						{"origin": [-1, 9, -6.44], "size": [2, 1, 0], "uv": [2, 36]},
						{"origin": [-1.5, 10, -6.44], "size": [3, 1, 0], "uv": [1, 35]}
					]
				},
				{
					"name": "locator_jaw_upper",
					"parent": "mouth",
					"pivot": [0, 11.1, -6.5],
					"locators": {
						"jaw1": [0, 11.1, -6.5]
					}
				},
				{
					"name": "locator_jaw_lower",
					"parent": "mouth",
					"pivot": [0, 9.05, -6.5],
					"locators": {
						"jaw2": [0, 9.05, -6.5]
					}
				},
				{
					"name": "nose",
					"parent": "face",
					"pivot": [0, 12, -6.53],
					"cubes": [
						{"origin": [-1, 11.75, -6.54], "size": [2, 1, 0], "uv": [10, 42]},
						{"origin": [-0.5, 11.25, -6.52], "size": [1, 1, 0], "uv": [11, 44]}
					]
				},
				{
					"name": "arms",
					"parent": "torso",
					"pivot": [0, 8, -4]
				},
				{
					"name": "arm_left",
					"parent": "arms",
					"pivot": [6.25, 8, -4],
					"cubes": [
						{"origin": [5.25, 7, -7], "size": [2, 2, 4], "uv": [0, 6]}
					]
				},
				{
					"name": "hand_left",
					"parent": "arm_left",
					"pivot": [6.25, 8.05, -7],
					"cubes": [
						{"origin": [5.25, 7, -9], "size": [2, 2, 2], "inflate": 0.02, "uv": [52, 14]}
					]
				},
				{
					"name": "locator_hand_secondary",
					"parent": "hand_left",
					"pivot": [6.2, 8, -8],
					"locators": {
						"hand_secondary": [6.2, 8, -8]
					}
				},
				{
					"name": "arm_right",
					"parent": "arms",
					"pivot": [-6.25, 8, -4],
					"cubes": [
						{"origin": [-7.25, 7, -7], "size": [2, 2, 4], "uv": [0, 0]}
					]
				},
				{
					"name": "hand_right",
					"parent": "arm_right",
					"pivot": [-6.25, 7.8, -7],
					"cubes": [
						{"origin": [-7.25, 7, -9], "size": [2, 2, 2], "inflate": 0.02, "uv": [52, 10]}
					]
				},
				{
					"name": "locator_hand_primary",
					"parent": "hand_right",
					"pivot": [-6.2, 8, -8],
					"locators": {
						"hand_primary": [-6.2, 8, -8]
					}
				},
				{
					"name": "locator_item",
					"parent": "hand_right",
					"pivot": [-6.2, 8, -9],
					"locators": {
						"item": [-6.2, 8, -9]
					}
				},
				{
					"name": "feet",
					"parent": "body",
					"pivot": [0, 1, 2]
				},
				{
					"name": "foot_left",
					"parent": "feet",
					"pivot": [3, 1, 2],
					"cubes": [
						{"origin": [1.5, 0, -1], "size": [3, 2, 4], "uv": [39, 6]}
					]
				},
				{
					"name": "locator_foot_secondary",
					"parent": "foot_left",
					"pivot": [3.025, 0.5, 0],
					"rotation": [90, 0, 0],
					"locators": {
						"foot_secondary": [3.025, 0.5, 0]
					}
				},
				{
					"name": "toes_left",
					"parent": "foot_left",
					"pivot": [3, 1, -1],
					"cubes": [
						{"origin": [1.5, 0, -3], "size": [3, 2, 2], "inflate": 0.02, "uv": [49, 6]}
					]
				},
				{
					"name": "foot_right",
					"parent": "feet",
					"pivot": [-3, 1, 2],
					"cubes": [
						{"origin": [-4.5, 0, -1], "size": [3, 2, 4], "uv": [39, 0]}
					]
				},
				{
					"name": "locator_foot_primary",
					"parent": "foot_right",
					"pivot": [-3.025, 0.5, 0],
					"rotation": [90, 0, 0],
					"locators": {
						"foot_primary": [-3.025, 0.5, 0]
					}
				},
				{
					"name": "toes_right",
					"parent": "foot_right",
					"pivot": [-3, 1, -1],
					"cubes": [
						{"origin": [-4.5, 0, -3], "size": [3, 2, 2], "inflate": 0.02, "uv": [49, 0]}
					]
				}
			]
		}
	]
}