{
	"format_version": "1.12.0",
	"minecraft:geometry": [
		{
			"description": {
				"identifier": "geometry.latios",
				"texture_width": 128,
				"texture_height": 128,
				"visible_bounds_width": 6,
				"visible_bounds_height": 4.5,
				"visible_bounds_offset": [0, 1.75, 0]
			},
			"bones": [
				{
					"name": "latios",
					"pivot": [0, 0, 0]
				},
				{
					"name": "body",
					"parent": "latios",
					"pivot": [0, 15.5, 16],
					"cubes": [
						{"origin": [-9, 8.5, 4], "size": [18, 17, 20], "uv": [46, 20]},
						{"origin": [-1.5, 22.5, 4], "size": [3, 3, 3], "inflate": 0.01, "uv": [76, 57]},
						{"origin": [-7, 10.5, 23.5], "size": [14, 13, 7], "uv": [86, 0]}
					]
				},
				{
					"name": "wings",
					"parent": "body",
					"pivot": [0, 23.5, 7]
				},
				{
					"name": "wing_left",
					"parent": "wings",
					"pivot": [8, 25.5, 8],
					"rotation": [0, 0, 47.5]
				},
				{
					"name": "wing_left_rotation",
					"parent": "wing_left",
					"pivot": [8, 25.5, 8],
					"cubes": [
						{"origin": [8, 20.5, -1.5], "size": [0, 18, 16], "uv": [90, 41]}
					]
				},
				{
					"name": "wing_left2",
					"parent": "wing_left_rotation",
					"pivot": [8, 40.5, 9.5],
					"cubes": [
						{"origin": [8, 38.5, 4.5], "size": [0, 17, 14], "uv": [40, 61]}
					]
				},
				{
					"name": "wing_right",
					"parent": "wings",
					"pivot": [-8, 25.5, 8],
					"rotation": [0, 0, -47.5]
				},
				{
					"name": "wing_right_rotation",
					"parent": "wing_right",
					"pivot": [-8, 25.5, 8],
					"cubes": [
						{"origin": [-8, 20.5, -1.5], "size": [0, 18, 16], "uv": [96, 59], "mirror": true}
					]
				},
				{
					"name": "wing_right2",
					"parent": "wing_right_rotation",
					"pivot": [-8, 40.5, 9.5],
					"cubes": [
						{"origin": [-8, 38.5, 4.5], "size": [0, 17, 14], "uv": [68, 61], "mirror": true}
					]
				},
				{
					"name": "chest",
					"parent": "body",
					"pivot": [0, 16.5, 4],
					"cubes": [
						{"origin": [-6.5, 10, -4], "size": [13, 14, 10], "uv": [0, 27]},
						{"origin": [4.3, 13, -5], "size": [3, 5, 9], "inflate": -0.1, "pivot": [6.3, 14.5, -0.5], "rotation": [0, 7.5, 0], "uv": [31, 51]},
						{"origin": [-7.3, 13, -5], "size": [3, 5, 9], "inflate": -0.1, "pivot": [-6.3, 14.5, -0.5], "rotation": [0, -7.5, 0], "uv": [46, 57], "mirror": true}
					],
					"locators": {
						"seat_1": [0, 24, 0]
					}
				},
				{
					"name": "arms",
					"parent": "chest",
					"pivot": [0, 15.25, 1.5]
				},
				{
					"name": "arm_left",
					"parent": "arms",
					"pivot": [7, 15.5, 1.5],
					"cubes": [
						{"origin": [6.5, 15, 1], "size": [4, 1, 1], "inflate": 0.1, "uv": [15, 53]}
					]
				},
				{
					"name": "arm_left2",
					"parent": "arm_left",
					"pivot": [11, 15.5, 1.5],
					"cubes": [
						{"origin": [10, 13.5, -11], "size": [3, 4, 14], "inflate": 0.1, "uv": [56, 57]}
					]
				},
				{
					"name": "fingers_left",
					"parent": "arm_left2",
					"pivot": [11, 15.5, -11.1]
				},
				{
					"name": "finger_top_left",
					"parent": "fingers_left",
					"pivot": [11, 16.85, -11.1],
					"cubes": [
						{"origin": [11, 16.35, -12.35], "size": [0, 1, 2], "uv": [35, 49]}
					]
				},
				{
					"name": "finger_middle_left",
					"parent": "fingers_left",
					"pivot": [11, 15.5, -11.1],
					"cubes": [
						{"origin": [11, 15, -12.85], "size": [0, 1, 2], "uv": [35, 50]}
					]
				},
				{
					"name": "finger_bottom_left",
					"parent": "fingers_left",
					"pivot": [11, 14.15, -11.1],
					"cubes": [
						{"origin": [11, 13.65, -12.35], "size": [0, 1, 2], "uv": [35, 51]}
					]
				},
				{
					"name": "arm_right",
					"parent": "arms",
					"pivot": [-7, 15.5, 1.5],
					"cubes": [
						{"origin": [-10.5, 15, 1], "size": [4, 1, 1], "inflate": 0.1, "uv": [15, 51], "mirror": true}
					]
				},
				{
					"name": "arm_right2",
					"parent": "arm_right",
					"pivot": [-11, 15.5, 1.5],
					"cubes": [
						{"origin": [-13, 13.5, -11], "size": [3, 4, 14], "inflate": 0.1, "uv": [11, 51], "mirror": true}
					]
				},
				{
					"name": "fingers_right",
					"parent": "arm_right2",
					"pivot": [-11, 15.5, -11.1]
				},
				{
					"name": "finger_top_right",
					"parent": "fingers_right",
					"pivot": [-11, 16.85, -11.1],
					"cubes": [
						{"origin": [-11, 16.35, -12.35], "size": [0, 1, 2], "uv": [31, 49], "mirror": true}
					]
				},
				{
					"name": "finger_middle_right",
					"parent": "fingers_right",
					"pivot": [-11, 15.5, -11.1],
					"cubes": [
						{"origin": [-11, 15, -12.85], "size": [0, 1, 2], "uv": [31, 50], "mirror": true}
					]
				},
				{
					"name": "finger_bottom_right",
					"parent": "fingers_right",
					"pivot": [-11, 14.15, -11.1],
					"cubes": [
						{"origin": [-11, 13.65, -12.35], "size": [0, 1, 2], "uv": [31, 51], "mirror": true}
					]
				},
				{
					"name": "neck",
					"parent": "chest",
					"pivot": [0, 17.25, -4],
					"cubes": [
						{"origin": [-4.5, 12.25, -12], "size": [9, 10, 9], "uv": [50, 0]}
					]
				},
				{
					"name": "neck2",
					"parent": "neck",
					"pivot": [0, 17.25, -12],
					"cubes": [
						{"origin": [-3.5, 13.25, -26], "size": [7, 8, 16], "inflate": -0.1, "uv": [20, 3]}
					]
				},
				{
					"name": "wreath",
					"parent": "neck2",
					"pivot": [-4.34202, 18.68969, -17],
					"rotation": [30, 0, 0],
					"cubes": [
						{"origin": [-7, 14, -22.5], "size": [3, 5, 13], "inflate": 0.1, "pivot": [-1, 16, -16.5], "rotation": [27.5, 0, 0], "uv": [76, 104]},
						{"origin": [4, 14, -22.5], "size": [3, 5, 13], "pivot": [1, 16, -16.5], "rotation": [27.5, 0, 0], "uv": [56, 110], "mirror": true},
						{"origin": [4, 14, -22.5], "size": [3, 5, 13], "inflate": 0.1, "pivot": [1, 16, -16.5], "rotation": [27.5, 0, 0], "uv": [37, 104], "mirror": true},
						{"origin": [-4, 14, -22.5], "size": [8, 5, 3], "pivot": [1, 16, -16.5], "rotation": [27.5, 0, 0], "uv": [81, 94], "mirror": true},
						{"origin": [-4, 14, -22.5], "size": [8, 5, 3], "inflate": 0.1, "pivot": [1, 16, -16.5], "rotation": [27.5, 0, 0], "uv": [57, 95], "mirror": true},
						{"origin": [-7, 14, -22.5], "size": [3, 5, 13], "pivot": [-1, 16, -16.5], "rotation": [27.5, 0, 0], "uv": [96, 110]},
						{"origin": [-4, 14, -12.5], "size": [8, 5, 3], "pivot": [1, 16, -16.5], "rotation": [27.5, 0, 0], "uv": [26, 108], "mirror": true},
						{"origin": [-4, 14, -12.5], "size": [8, 5, 3], "inflate": 0.1, "pivot": [1, 16, -16.5], "rotation": [27.5, 0, 0], "uv": [106, 101], "mirror": true}
					]
				},
				{
					"name": "bow",
					"parent": "wreath",
					"pivot": [0, 13.25, -24.25],
					"rotation": [-15, 0, 0],
					"cubes": [
						{"origin": [-1, 13.25, -25.25], "size": [2, 2, 2], "uv": [118, 95]},
						{"origin": [1, 13.25, -24.75], "size": [4, 3, 1], "inflate": 0.1, "pivot": [2, 13.25, -23.75], "rotation": [0, 0, -5], "uv": [98, 111]},
						{"origin": [0, 8, -24.75], "size": [3, 6, 1], "pivot": [1.5, 14, -24.25], "rotation": [0, 0, -25], "uv": [79, 108]},
						{"origin": [-3, 8, -24.75], "size": [3, 6, 1], "pivot": [-1.5, 14, -24.25], "rotation": [0, 0, 25], "uv": [27, 119], "mirror": true},
						{"origin": [-5, 13.25, -24.75], "size": [4, 3, 1], "inflate": 0.1, "pivot": [-2, 13.25, -23.75], "rotation": [0, 0, 5], "uv": [116, 118], "mirror": true}
					]
				},
				{
					"name": "head",
					"parent": "neck2",
					"pivot": [0, 17.25, -27],
					"cubes": [
						{"origin": [-4, 13.25, -34.5], "size": [8, 8, 10], "uv": [0, 0]},
						{"origin": [-3, 13.25, -37], "size": [6, 5, 3], "inflate": 0.01, "uv": [36, 29]}
					]
				},
				{
					"name": "fernleft",
					"parent": "head",
					"pivot": [3.75, 17.70733, -25.45543],
					"rotation": [-15.43389, -11.64244, 4.53417],
					"cubes": [
						{"origin": [4.25, 17.20733, -27.45543], "size": [0, 1, 2], "pivot": [4.25, 17.20733, -28.45543], "rotation": [0, -22.5, 0], "uv": [115, 35]}
					]
				},
				{
					"name": "fernleft2",
					"parent": "fernleft",
					"pivot": [3.776, 17.70733, -27.45543],
					"rotation": [-7.53577, 7.47852, -0.32901],
					"cubes": [
						{"origin": [3.75, 16.20733, -33.45543], "size": [0, 3, 6], "uv": [102, 29]},
						{"origin": [3.79, 16.20733, -28.95543], "size": [0, 1, 1], "pivot": [3.8, 16.70733, -28.45543], "rotation": [45, 0, 0], "uv": [121, 32]},
						{"origin": [3.79, 18.20733, -28.95543], "size": [0, 1, 1], "pivot": [3.8, 18.70733, -28.45543], "rotation": [45, 0, 0], "uv": [124, 32]},
						{"origin": [3.8, 17.20733, -28.95543], "size": [0, 1, 1], "uv": [120, 34]}
					]
				},
				{
					"name": "fernleft3",
					"parent": "fernleft2",
					"pivot": [3.75, 17.70733, -33.45543],
					"rotation": [0, 17.5, 0],
					"cubes": [
						{"origin": [3.75, 16.20733, -35.45543], "size": [0, 3, 2], "uv": [123, 34]}
					]
				},
				{
					"name": "eyes",
					"parent": "head",
					"pivot": [0, 17.55, -32.5]
				},
				{
					"name": "eye_left",
					"parent": "eyes",
					"pivot": [4.01, 16.25, -33],
					"cubes": [
						{"origin": [4.01, 15.75, -34.5], "size": [0, 2, 2], "uv": [0, -2]}
					]
				},
				{
					"name": "eye_angry_left",
					"parent": "eye_left",
					"pivot": [3.44, 18, -32.42],
					"cubes": [
						{"origin": [3.94, 17, -34.42], "size": [0, 1, 2], "inflate": 0.01, "uv": [0, 2]},
						{"origin": [3.94, 17.5, -32.42], "size": [0, 1, 1], "inflate": 0.01, "uv": [0, 5]}
					]
				},
				{
					"name": "eye_sad_left",
					"parent": "eye_left",
					"pivot": [3.44, 18.25, -32.42],
					"cubes": [
						{"origin": [3.94, 17.75, -32.42], "size": [0, 1, 2], "inflate": 0.01, "uv": [4, 2]},
						{"origin": [3.91, 17.5, -34.42], "size": [0, 1, 1], "inflate": 0.01, "uv": [0, 6]}
					]
				},
				{
					"name": "eye_unamused_left",
					"parent": "eye_left",
					"pivot": [3.44, 18.5, -32.42],
					"cubes": [
						{"origin": [2.94, 17.5, -34.42], "size": [1, 2, 4], "inflate": 0.01, "uv": [15, 59]}
					]
				},
				{
					"name": "pupil_left",
					"parent": "eye_left",
					"pivot": [3.52, 16.75, -33.51],
					"cubes": [
						{"origin": [4.02, 15.75, -34.5], "size": [0, 2, 2], "uv": [0, 0]},
						{"origin": [4.01, 16.25, -33.51], "size": [0, 1, 1], "uv": [8, 3]}
					]
				},
				{
					"name": "pupil_left2",
					"parent": "pupil_left",
					"pivot": [4.03, 16.75, -33.5],
					"cubes": [
						{"origin": [4.03, 15.75, -34], "size": [0, 2, 1], "uv": [8, -1]}
					]
				},
				{
					"name": "pupil_left3",
					"parent": "pupil_left2",
					"pivot": [4.04, 17.25, -34],
					"cubes": [
						{"origin": [4.03, 16.25, -34.5], "size": [0, 1, 1], "inflate": 0.01, "uv": [8, 5]}
					]
				},
				{
					"name": "eyelid_left",
					"parent": "eye_left",
					"pivot": [3.44, 17.25, -32.41],
					"cubes": [
						{"origin": [2.94, 15.75, -34.42], "size": [1, 3, 3], "inflate": 0.01, "uv": [0, 18]}
					]
				},
				{
					"name": "eyelid_happy_left",
					"parent": "eye_left",
					"pivot": [3.44, 17.25, -32.42],
					"cubes": [
						{"origin": [2.94, 15.75, -34.42], "size": [1, 3, 3], "inflate": 0.01, "uv": [58, 27]}
					]
				},
				{
					"name": "eyelid_recoil_left",
					"parent": "eye_left",
					"pivot": [3.44, 17.25, -32.42],
					"cubes": [
						{"origin": [2.94, 15.75, -34.42], "size": [1, 3, 3], "inflate": 0.01, "uv": [28, 4]}
					]
				},
				{
					"name": "eyelid_worried_left",
					"parent": "eye_left",
					"pivot": [3.44, 17.25, -32.42],
					"cubes": [
						{"origin": [2.94, 15.75, -34.42], "size": [1, 3, 3], "inflate": 0.01, "uv": [82, 0]}
					]
				},
				{
					"name": "eye_right",
					"parent": "eyes",
					"pivot": [-4.01, 16.25, -33],
					"cubes": [
						{"origin": [-4.01, 15.75, -34.5], "size": [0, 2, 2], "uv": [4, -2], "mirror": true}
					]
				},
				{
					"name": "eye_angry_right",
					"parent": "eye_right",
					"pivot": [-3.44, 18, -32.42],
					"cubes": [
						{"origin": [-3.94, 17, -34.42], "size": [0, 1, 2], "inflate": 0.01, "uv": [0, 3], "mirror": true},
						{"origin": [-3.94, 17.5, -32.42], "size": [0, 1, 1], "inflate": 0.01, "uv": [2, 5], "mirror": true}
					]
				},
				{
					"name": "eye_sad_right",
					"parent": "eye_right",
					"pivot": [-3.44, 18.25, -32.42],
					"cubes": [
						{"origin": [-3.94, 17.75, -32.42], "size": [0, 1, 2], "inflate": 0.01, "uv": [4, 3], "mirror": true},
						{"origin": [-3.91, 17.5, -34.42], "size": [0, 1, 1], "inflate": 0.01, "uv": [2, 6], "mirror": true}
					]
				},
				{
					"name": "eye_unamused_right",
					"parent": "eye_right",
					"pivot": [-3.44, 18.5, -32.42],
					"cubes": [
						{"origin": [-3.94, 17.5, -34.42], "size": [1, 2, 4], "inflate": 0.01, "uv": [40, 69], "mirror": true}
					]
				},
				{
					"name": "pupil_right",
					"parent": "eye_right",
					"pivot": [-3.52, 16.75, -33.51],
					"cubes": [
						{"origin": [-4.02, 15.75, -34.5], "size": [0, 2, 2], "uv": [4, 0], "mirror": true},
						{"origin": [-4.01, 16.25, -33.51], "size": [0, 1, 1], "uv": [8, 4], "mirror": true}
					]
				},
				{
					"name": "pupil_right2",
					"parent": "pupil_right",
					"pivot": [-4.03, 16.75, -33.5],
					"cubes": [
						{"origin": [-4.03, 15.75, -34], "size": [0, 2, 1], "uv": [8, 1], "mirror": true}
					]
				},
				{
					"name": "pupil_right3",
					"parent": "pupil_right2",
					"pivot": [-4.04, 17.25, -34],
					"cubes": [
						{"origin": [-4.03, 16.25, -34.5], "size": [0, 1, 1], "inflate": 0.01, "uv": [8, 6], "mirror": true}
					]
				},
				{
					"name": "eyelid_right",
					"parent": "eye_right",
					"pivot": [-3.44, 17.25, -32.41],
					"cubes": [
						{"origin": [-3.94, 15.75, -34.42], "size": [1, 3, 3], "inflate": 0.01, "uv": [8, 18], "mirror": true}
					]
				},
				{
					"name": "eyelid_happy_right",
					"parent": "eye_right",
					"pivot": [-3.44, 17.25, -32.42],
					"cubes": [
						{"origin": [-3.94, 15.75, -34.42], "size": [1, 3, 3], "inflate": 0.01, "uv": [58, 33], "mirror": true}
					]
				},
				{
					"name": "eyelid_recoil_right",
					"parent": "eye_right",
					"pivot": [-3.44, 17.25, -32.42],
					"cubes": [
						{"origin": [-3.94, 15.75, -34.42], "size": [1, 3, 3], "inflate": 0.01, "uv": [51, 3], "mirror": true}
					]
				},
				{
					"name": "eyelid_worried_right",
					"parent": "eye_right",
					"pivot": [-3.44, 17.25, -32.42],
					"cubes": [
						{"origin": [-3.94, 15.75, -34.42], "size": [1, 3, 3], "inflate": 0.01, "uv": [77, 3], "mirror": true}
					]
				},
				{
					"name": "mouth",
					"parent": "head",
					"pivot": [0, 13.34, -33.5]
				},
				{
					"name": "mouth_closed",
					"parent": "mouth",
					"pivot": [0, 13.435, -33.25],
					"cubes": [
						{"origin": [-1, 13.435, -33.75], "size": [2, 0, 1], "uv": [5, 30]}
					]
				},
				{
					"name": "mouth_closed2",
					"parent": "mouth_closed",
					"pivot": [0, 13.435, -33.75],
					"cubes": [
						{"origin": [-2, 13.435, -34.25], "size": [4, 0, 1], "uv": [11, 26]}
					]
				},
				{
					"name": "mouth_open_happy",
					"parent": "mouth",
					"pivot": [0, 13.33, -33.5],
					"cubes": [
						{"origin": [-1.5, 13.325, -33.75], "size": [3, 0, 1], "uv": [3, 34]},
						{"origin": [-2, 13.335, -34.25], "size": [4, 0, 1], "uv": [1, 33]}
					]
				},
				{
					"name": "mouth_open_sad",
					"parent": "mouth",
					"pivot": [0, 13.33, -33.875],
					"cubes": [
						{"origin": [-1.5, 13.335, -34.75], "size": [3, 0, 1], "uv": [1, 36]},
						{"origin": [-2, 13.325, -34], "size": [4, 0, 1], "uv": [1, 35]}
					]
				},
				{
					"name": "mouth_o",
					"parent": "mouth",
					"pivot": [0, 13.335, -33.75],
					"cubes": [
						{"origin": [-1, 13.335, -34.75], "size": [2, 0, 2], "uv": [4, 31]}
					]
				},
				{
					"name": "ears",
					"parent": "head",
					"pivot": [0, 15.45, -26]
				},
				{
					"name": "ear_left",
					"parent": "ears",
					"pivot": [4.25, 15.45, -26.25],
					"rotation": [0, 0, 10]
				},
				{
					"name": "ear_left_rotation",
					"parent": "ear_left",
					"pivot": [4.25, 15.45, -30.5],
					"rotation": [-20, 0, 0],
					"cubes": [
						{"origin": [4.05, 14.2, -31], "size": [0, 15, 5], "uv": [0, 46]}
					]
				},
				{
					"name": "ear_right",
					"parent": "ears",
					"pivot": [-4.25, 15.45, -26.25],
					"rotation": [0, 0, -10]
				},
				{
					"name": "ear_right_rotation",
					"parent": "ear_right",
					"pivot": [-4.25, 15.45, -30.5],
					"rotation": [-20, 0, 0],
					"cubes": [
						{"origin": [-4.05, 14.2, -31], "size": [0, 15, 5], "uv": [34, 87], "mirror": true}
					]
				},
				{
					"name": "fernright",
					"parent": "head",
					"pivot": [-3.75, 17.70733, -25.45543],
					"rotation": [-15.43389, 11.64244, -4.53417],
					"cubes": [
						{"origin": [-4.25, 17.20733, -27.45543], "size": [0, 1, 2], "pivot": [-4.25, 17.20733, -28.45543], "rotation": [0, 22.5, 0], "uv": [34, 53], "mirror": true}
					]
				},
				{
					"name": "fernright2",
					"parent": "fernright",
					"pivot": [-3.776, 17.70733, -27.45543],
					"rotation": [-7.53577, -7.47852, 0.32901],
					"cubes": [
						{"origin": [-3.75, 16.20733, -33.45543], "size": [0, 3, 6], "uv": [103, 22], "mirror": true},
						{"origin": [-3.79, 16.20733, -28.95543], "size": [0, 1, 1], "pivot": [-3.8, 16.70733, -28.45543], "rotation": [45, 0, 0], "uv": [68, 67], "mirror": true},
						{"origin": [-3.79, 18.20733, -28.95543], "size": [0, 1, 1], "pivot": [-3.8, 18.70733, -28.45543], "rotation": [45, 0, 0], "uv": [71, 67], "mirror": true},
						{"origin": [-3.8, 17.20733, -28.95543], "size": [0, 1, 1], "uv": [67, 69], "mirror": true}
					]
				},
				{
					"name": "fernright3",
					"parent": "fernright2",
					"pivot": [-3.75, 17.70733, -33.45543],
					"rotation": [0, -17.5, 0],
					"cubes": [
						{"origin": [-3.75, 16.20733, -35.45543], "size": [0, 3, 2], "uv": [115, 30], "mirror": true}
					]
				},
				{
					"name": "tail_wing_left",
					"parent": "body",
					"pivot": [5.5, 17, 24],
					"rotation": [0, 0, -2],
					"cubes": [
						{"origin": [5.5, 7.5, 21.5], "size": [0, 19, 17], "uv": [6, 52]}
					]
				},
				{
					"name": "tail_wing_right",
					"parent": "body",
					"pivot": [-5.5, 17, 24],
					"rotation": [0, 0, 2],
					"cubes": [
						{"origin": [-5.5, 7.5, 21.5], "size": [0, 19, 17], "uv": [0, 71], "mirror": true}
					]
				}
			]
		}
	]
}