{
	"format_version": "1.12.0",
	"minecraft:geometry": [
		{
			"description": {
				"identifier": "geometry.flareon",
				"texture_width": 128,
				"texture_height": 268,
				"visible_bounds_width": 7,
				"visible_bounds_height": 3.5,
				"visible_bounds_offset": [0, 1.25, 0]
			},
			"bones": [
				{
					"name": "flareon",
					"pivot": [0, 0, 0]
				},
				{
					"name": "locator_root",
					"parent": "flareon",
					"pivot": [0, 0, 0],
					"locators": {
						"root": [0, 0, 0]
					}
				},
				{
					"name": "locator_top",
					"parent": "flareon",
					"pivot": [0, 21.9, 0],
					"locators": {
						"top": [0, 21.9, 0]
					}
				},
				{
					"name": "body",
					"parent": "flareon",
					"pivot": [0, 11.65, -1]
				},
				{
					"name": "locator_target",
					"parent": "body",
					"pivot": [0, 8.9, -16],
					"locators": {
						"target": [0, 8.9, -16]
					}
				},
				{
					"name": "locator_middle",
					"parent": "body",
					"pivot": [0, 11.9, 0],
					"locators": {
						"middle": [0, 12.9, 0]
					}
				},
				{
					"name": "waist",
					"parent": "body",
					"pivot": [0, 11.65, 4.75]
				},
				{
					"name": "torso",
					"parent": "waist",
					"pivot": [0, 11.65, 4.75],
					"cubes": [
						{"origin": [-4.5, 8.3, 1.5], "size": [9, 7, 6], "inflate": 0.01, "uv": [0, 14]}
					]
				},
				{
					"name": "dress",
					"parent": "torso",
					"pivot": [0, 0, -0.5],
					"cubes": [
						{"origin": [6.25, 13.20166, 1.94532], "size": [0, 5, 8], "pivot": [6.25, 15.70166, 5.94532], "rotation": [37.17961, 15.0634, -7.4068], "uv": [101, 31]},
						{"origin": [-3, 17.75, -0.25], "size": [9, 0, 10], "pivot": [5, 14.75, 2.75], "rotation": [65.29079, 28.26787, 12.28783], "uv": [95, 160]},
						{"origin": [6, 7.75, 0.25], "size": [0, 10, 10], "pivot": [5, 14.75, 3.25], "rotation": [65.29079, 28.26787, 12.28783], "uv": [100, 40]},
						{"origin": [-2, 16, -0.5], "size": [7, 7, 0], "pivot": [2, 15, 0.5], "rotation": [10.01109, -13.61456, 51.61986], "uv": [56, 41]}
					]
				},
				{
					"name": "bone2",
					"parent": "dress",
					"pivot": [-3.125, 17.56835, 5.43437],
					"rotation": [27.5, 0, 0],
					"cubes": [
						{"origin": [-6.25, 14.70166, 1.94532], "size": [0, 5, 8], "pivot": [-6.25, 17.20166, 5.94532], "rotation": [37.17961, -15.0634, 7.4068], "uv": [19, 152], "mirror": true},
						{"origin": [-5.5, 16, 1.5], "size": [11, 0, 8], "pivot": [0.5, 16, 1.5], "rotation": [37.5, 0, 0], "uv": [68, 158]}
					]
				},
				{
					"name": "bone",
					"parent": "dress",
					"pivot": [4.46649, 16.61248, 1.30354],
					"rotation": [11.74389, 10.93699, -3.87179],
					"cubes": [
						{"origin": [-1.4418, 14.18681, 1.08069], "size": [0, 7, 7], "pivot": [2.5582, 16.18681, 4.58069], "rotation": [57.53571, -51.18316, 50.58245], "uv": [56, 22]},
						{"origin": [-1.4418, 21.18681, 1.08069], "size": [8, 0, 7], "pivot": [2.5582, 16.18681, 4.58069], "rotation": [57.53571, -51.18316, 50.58245], "uv": [71, 43]}
					]
				},
				{
					"name": "torso2",
					"parent": "torso",
					"pivot": [0, 11.3, 1.75],
					"cubes": [
						{"origin": [-5, 8, -0.75], "size": [9, 7, 2], "inflate": 0.1, "uv": [45, 160]},
						{"origin": [-4, 8.05, -2.5], "size": [8, 7, 5], "uv": [0, 40]}
					]
				},
				{
					"name": "torso3",
					"parent": "torso2",
					"pivot": [0, 11.55, -2],
					"cubes": [
						{"origin": [-4, 8.06, -7.5], "size": [8, 7, 6], "inflate": 0.02, "uv": [0, 27]}
					]
				},
				{
					"name": "neck",
					"parent": "torso3",
					"pivot": [0, 11.05, -6.5],
					"rotation": [47, 0, 0],
					"cubes": [
						{"origin": [-2.5, 10.05, -8.4], "size": [5, 6, 5], "uv": [28, 0]}
					]
				},
				{
					"name": "mane_main",
					"parent": "neck",
					"pivot": [0, 11.5, -6.25],
					"rotation": [15, 0, 0],
					"cubes": [
						{"origin": [-5.5, 8.9, -12], "size": [11, 6, 10], "inflate": 0.2, "uv": [30, 78]},
						{"origin": [-5.5, 8.9, -12], "size": [11, 6, 11], "inflate": 0.5, "uv": [83, 110]},
						{"origin": [-4, 9.8, -2], "size": [8, 4, 2], "inflate": 0.25, "uv": [40, 72]}
					]
				},
				{
					"name": "neck2",
					"parent": "mane_main",
					"pivot": [-3.20889, 16.01053, -10.02646],
					"rotation": [-42.5, 0, 0],
					"cubes": [
						{"origin": [-6.5, 14.75, -9.75], "size": [4, 4, 0], "pivot": [-4.5, 16.75, -9.75], "rotation": [-39.45753, -4.68606, 1.1782], "uv": [8, 135]},
						{"origin": [-8, 13.75, -9.5], "size": [5, 5, 0], "pivot": [-5, 16.75, -9.5], "rotation": [-39.4381, 4.87711, 12.74787], "uv": [61, 138]},
						{"origin": [-8, 12.75, -10], "size": [5, 5, 0], "pivot": [-5, 15.75, -10], "rotation": [-36.14305, -11.28828, -12.76256], "uv": [115, 30]},
						{"origin": [-7, 13, -10], "size": [5, 5, 0], "pivot": [-4, 16, -10], "rotation": [-20.9642, -34.68816, -51.92941], "uv": [77, 136]},
						{"origin": [-0.5, 14.5, -9.75], "size": [5, 3, 0], "pivot": [2, 16.5, -9.75], "rotation": [-20.86321, -27.4382, -7.44586], "uv": [24, 137]},
						{"origin": [-4.5, 14.5, -9.75], "size": [5, 3, 0], "pivot": [-2, 16.5, -9.75], "rotation": [-20.86321, 27.4382, 7.44586], "uv": [42, 137], "mirror": true}
					]
				},
				{
					"name": "mane_back",
					"parent": "mane_main",
					"pivot": [0, 13.8, 0.25]
				},
				{
					"name": "manefur",
					"parent": "mane_back",
					"pivot": [0, 13.3, 0.25],
					"rotation": [-22.5, 0, 0],
					"cubes": [
						{"origin": [-3.5, 13.3, 0.25], "size": [7, 0, 2], "uv": [83, 65]}
					]
				},
				{
					"name": "manefur2",
					"parent": "mane_back",
					"pivot": [0, 12.4, 0.25],
					"rotation": [-27.5, 0, 0],
					"cubes": [
						{"origin": [-3.5, 12.4, 0.25], "size": [7, 0, 4], "uv": [76, 85]}
					]
				},
				{
					"name": "manefur3",
					"parent": "mane_back",
					"pivot": [0, 10.8, 0.25],
					"rotation": [-10, 0, 0],
					"cubes": [
						{"origin": [-3.5, 10.8, 0.25], "size": [7, 0, 1], "uv": [84, 69]}
					]
				},
				{
					"name": "head",
					"parent": "neck",
					"pivot": [0, 13.7, -7.15]
				},
				{
					"name": "head_ai",
					"parent": "head",
					"pivot": [0, 13.7, -7.15]
				},
				{
					"name": "head_angle",
					"parent": "head_ai",
					"pivot": [0, 13.7, -7.15],
					"rotation": [-47.5, 0, 0],
					"cubes": [
						{"origin": [-3.5, 13.15, -12], "size": [7, 7, 7], "uv": [0, 0]}
					]
				},
				{
					"name": "locator_face",
					"parent": "head_angle",
					"pivot": [0, 16.40004, -12],
					"locators": {
						"face": [0, 16.40004, -12]
					}
				},
				{
					"name": "locator_item_face",
					"parent": "head_angle",
					"pivot": [0, 16.40004, -12],
					"locators": {
						"item_face": [0, 16.40004, -12]
					}
				},
				{
					"name": "locator_mouth",
					"parent": "head_angle",
					"pivot": [0, 13.45004, -12.28996],
					"locators": {
						"mouth": [0, 13.45004, -12.28996],
						"physical": [0, 13.45004, -12.28996],
						"special": [0, 13.45004, -12.28996]
					}
				},
				{
					"name": "locator_head",
					"parent": "head_angle",
					"pivot": [0, 21.15004, -12.5],
					"locators": {
						"head": [0, 21.15004, -12.5]
					}
				},
				{
					"name": "item_hat",
					"parent": "head_angle",
					"pivot": [0, 20.15004, -8.5],
					"locators": {
						"item_hat": [0, 20.15004, -8.5]
					}
				},
				{
					"name": "muzzle",
					"parent": "head_angle",
					"pivot": [0, 13.05, -12.25],
					"rotation": [27.5, 0, 0],
					"cubes": [
						{"origin": [-3.5, 13.05, -12], "size": [7, 2, 2], "inflate": -0.01, "uv": [43, 0]},
						{"origin": [-0.5, 14.05, -12], "size": [1, 1, 1], "inflate": 0.01, "uv": [28, 1]}
					]
				},
				{
					"name": "locator_item",
					"parent": "muzzle",
					"pivot": [0, 13.5, -12],
					"locators": {
						"item": [0, 13.5, -12]
					}
				},
				{
					"name": "mouth",
					"parent": "muzzle",
					"pivot": [0, 14.3, -12]
				},
				{
					"name": "mouth_open_wide",
					"parent": "mouth",
					"pivot": [0, 14.05, -11.9],
					"cubes": [
						{"origin": [-1.5, 13.55, -11.92], "size": [3, 1, 0], "uv": [49, 16]}
					]
				},
				{
					"name": "mouth_open_wide_tongue",
					"parent": "mouth_open_wide",
					"pivot": [0, 13.55, -11.9],
					"cubes": [
						{"origin": [-1.5, 13.05, -11.93], "size": [3, 1, 0], "uv": [49, 17], "mirror": true}
					]
				},
				{
					"name": "mouth_open_thin",
					"parent": "mouth",
					"pivot": [0, 14.05, -11.9],
					"cubes": [
						{"origin": [-1, 13.55, -11.92], "size": [2, 1, 0], "uv": [44, 16]}
					]
				},
				{
					"name": "mouth_open_thin_tongue",
					"parent": "mouth_open_thin",
					"pivot": [0, 13.55, -11.9],
					"cubes": [
						{"origin": [-1, 13.05, -11.93], "size": [2, 1, 0], "uv": [44, 17]}
					]
				},
				{
					"name": "mouth_open_happy",
					"parent": "mouth",
					"pivot": [0, 14.4, -11.9],
					"cubes": [
						{"origin": [-1.5, 13.55, -11.92], "size": [3, 1, 0], "uv": [50, 22]}
					]
				},
				{
					"name": "mouth_open_happy_tongue",
					"parent": "mouth_open_happy",
					"pivot": [0, 13.65, -11.9],
					"cubes": [
						{"origin": [-1, 13.15, -11.93], "size": [2, 1, 0], "uv": [50, 23]}
					]
				},
				{
					"name": "locator_jaw_upper",
					"parent": "mouth",
					"pivot": [0, 14.05, -12],
					"locators": {
						"jaw1": [0, 14.05, -12]
					}
				},
				{
					"name": "locator_jaw_lower",
					"parent": "mouth",
					"pivot": [0, 12.65, -12],
					"locators": {
						"jaw2": [0, 12.65, -12]
					}
				},
				{
					"name": "eyes",
					"parent": "head_angle",
					"pivot": [-1, 16.15, -11.5]
				},
				{
					"name": "eye_right",
					"parent": "eyes",
					"pivot": [-3.5, 16.4, -12]
				},
				{
					"name": "eye_bottom_right",
					"parent": "eye_right",
					"pivot": [-3.5, 16.4, -12],
					"cubes": [
						{"origin": [-3.5, 15.4, -12], "size": [1, 1, 1], "inflate": 0.01, "uv": [32, 19]}
					]
				},
				{
					"name": "eye_top_right",
					"parent": "eye_right",
					"pivot": [-3.5, 16.4, -12],
					"cubes": [
						{"origin": [-3.5, 16.4, -12], "size": [1, 1, 2], "inflate": 0.015, "uv": [31, 21]},
						{"origin": [-3.25, 16.4, -12], "size": [1, 1, 1], "inflate": 0.015, "uv": [35, 21]}
					]
				},
				{
					"name": "eye_emote_right",
					"parent": "eye_right",
					"pivot": [-2.5, 16.4, -12],
					"cubes": [
						{"origin": [-2.5, 15.39, -12.01], "size": [1, 1, 0], "uv": [45, 22], "mirror": true},
						{"origin": [-2.25, 15.39, -12.01], "size": [1, 1, 0], "uv": [45, 23], "mirror": true}
					]
				},
				{
					"name": "eye_emote_right2",
					"parent": "eye_right",
					"pivot": [-2.25, 16.39, -11.91],
					"cubes": [
						{"origin": [-2.25, 16.39, -11.91], "size": [1, 1, 0], "uv": [45, 21], "mirror": true}
					]
				},
				{
					"name": "eyeshine_right",
					"parent": "eye_right",
					"pivot": [-2, 16.65, -11.5],
					"cubes": [
						{"origin": [-2.5, 16.15, -12.02], "size": [1, 1, 0], "uv": [43, 19]}
					]
				},
				{
					"name": "locator_eye_right",
					"parent": "eyeshine_right",
					"pivot": [-2, 16.65, -12],
					"locators": {
						"eye1": [-2, 16.65, -12]
					}
				},
				{
					"name": "eye_left",
					"parent": "eyes",
					"pivot": [3.5, 16.4, -12]
				},
				{
					"name": "eye_bottom_left",
					"parent": "eye_left",
					"pivot": [3.5, 16.4, -12],
					"cubes": [
						{"origin": [2.5, 15.4, -12], "size": [1, 1, 1], "inflate": 0.01, "uv": [38, 19]}
					]
				},
				{
					"name": "eye_top_left",
					"parent": "eye_left",
					"pivot": [3.5, 16.4, -12],
					"cubes": [
						{"origin": [2.5, 16.4, -12], "size": [1, 1, 2], "inflate": 0.015, "uv": [37, 21]},
						{"origin": [2.25, 16.4, -12], "size": [1, 1, 1], "inflate": 0.015, "uv": [41, 21]}
					]
				},
				{
					"name": "eye_emote_left",
					"parent": "eye_left",
					"pivot": [2.5, 16.4, -12],
					"cubes": [
						{"origin": [1.5, 15.39, -12.01], "size": [1, 1, 0], "uv": [47, 22]},
						{"origin": [1.25, 15.39, -12.01], "size": [1, 1, 0], "uv": [47, 23]}
					]
				},
				{
					"name": "eye_emote_left2",
					"parent": "eye_left",
					"pivot": [2.25, 16.39, -11.91],
					"cubes": [
						{"origin": [1.25, 16.39, -11.91], "size": [1, 1, 0], "uv": [47, 21]}
					]
				},
				{
					"name": "eyeshine_left",
					"parent": "eye_left",
					"pivot": [2, 16.65, -11.5],
					"cubes": [
						{"origin": [1.5, 16.15, -12.02], "size": [1, 1, 0], "uv": [46, 19]}
					]
				},
				{
					"name": "locator_eye_left",
					"parent": "eyeshine_left",
					"pivot": [2, 16.65, -12],
					"locators": {
						"eye2": [2, 16.65, -12]
					}
				},
				{
					"name": "eyelid_right",
					"parent": "eyes",
					"pivot": [-1.8, 16.4, -10.8],
					"cubes": [
						{"origin": [-3.4, 15.4, -11.9], "size": [2, 2, 1], "inflate": 0.01, "uv": [31, 15]}
					]
				},
				{
					"name": "eyelid_hurt_right",
					"parent": "eyes",
					"pivot": [-1.8, 16.5, -10.8],
					"cubes": [
						{"origin": [-2.9, 15.4, -11.9], "size": [2, 2, 0], "inflate": 0.01, "uv": [39, 13]},
						{"origin": [-3.4, 15.4, -11.9], "size": [1, 2, 1], "inflate": 0.01, "uv": [31, 12]}
					]
				},
				{
					"name": "eyelid_left",
					"parent": "eyes",
					"pivot": [1.8, 16.4, -10.8],
					"cubes": [
						{"origin": [1.4, 15.4, -11.9], "size": [2, 2, 1], "inflate": 0.01, "uv": [37, 15]}
					]
				},
				{
					"name": "eyelid_hurt_left",
					"parent": "eyes",
					"pivot": [1.8, 16.5, -10.8],
					"cubes": [
						{"origin": [0.9, 15.4, -11.9], "size": [2, 2, 0], "inflate": 0.01, "uv": [43, 13]},
						{"origin": [2.4, 15.4, -11.9], "size": [1, 2, 1], "inflate": 0.01, "uv": [35, 12]}
					]
				},
				{
					"name": "ear_left",
					"parent": "head_angle",
					"pivot": [2.75, 19.35, -8.85],
					"rotation": [0, 0, -47.5],
					"cubes": [
						{"origin": [2.75, 16.85, -8.85], "size": [5, 5, 0], "uv": [116, 10]}
					]
				},
				{
					"name": "leftear",
					"parent": "ear_left",
					"pivot": [3.58757, 19.25714, -9.125],
					"rotation": [0, 0, 40],
					"cubes": [
						{"origin": [1.5, 19.95, -14], "size": [2, 0, 3], "pivot": [2.5, 18.75, -8], "rotation": [0, 0, 65], "uv": [81, 11]},
						{"origin": [5.5, 19.95, -9], "size": [3, 0, 2], "pivot": [2.5, 18.75, -8], "rotation": [0, 0, 65], "uv": [89, 145]},
						{"origin": [-3.5, 19.95, -9], "size": [3, 0, 2], "pivot": [2.5, 18.75, -8], "rotation": [0, 0, 65], "uv": [68, 8]},
						{"origin": [-0.5, 19.95, -11], "size": [6, 0, 6], "pivot": [2.5, 18.75, -8], "rotation": [0, 0, 65], "uv": [82, 23]}
					]
				},
				{
					"name": "ear_scruff_left",
					"parent": "ear_left",
					"pivot": [2.75, 18.6, -8.85],
					"rotation": [0, 12.5, 12.5],
					"cubes": [
						{"origin": [2.75, 18.1, -8.85], "size": [2, 2, 0], "uv": [89, 61]}
					]
				},
				{
					"name": "ear2_right",
					"parent": "ear_left",
					"pivot": [7.75, 19.35, -8.85],
					"cubes": [
						{"origin": [7.75, 16.85, -8.85], "size": [8, 6, 0], "uv": [110, 2]}
					]
				},
				{
					"name": "ear_right",
					"parent": "head_angle",
					"pivot": [-2.75, 19.35, -8.85],
					"rotation": [0, 0, 47.5],
					"cubes": [
						{"origin": [-7.75, 16.85, -8.85], "size": [5, 5, 0], "uv": [104, 10]}
					]
				},
				{
					"name": "rightear",
					"parent": "ear_right",
					"pivot": [-3.83757, 19.00714, -9.375],
					"rotation": [0, 0, -27.5],
					"cubes": [
						{"origin": [0.25, 19.7, -9.25], "size": [3, 0, 2], "pivot": [-2.75, 18.5, -8.25], "rotation": [0, 0, -65], "uv": [77, 34], "mirror": true},
						{"origin": [-8.75, 19.7, -9.25], "size": [3, 0, 2], "pivot": [-2.75, 18.5, -8.25], "rotation": [0, 0, -65], "uv": [111, 148], "mirror": true},
						{"origin": [-3.75, 19.7, -14.25], "size": [2, 0, 3], "pivot": [-2.75, 18.5, -8.25], "rotation": [0, 0, -65], "uv": [1, 160], "mirror": true},
						{"origin": [-5.75, 19.7, -11.25], "size": [6, 0, 6], "pivot": [-2.75, 18.5, -8.25], "rotation": [0, 0, -65], "uv": [59, 16], "mirror": true}
					]
				},
				{
					"name": "ear_scruff_right",
					"parent": "ear_right",
					"pivot": [-2.75, 18.6, -8.85],
					"rotation": [0, -12.5, -12.5],
					"cubes": [
						{"origin": [-4.75, 18.1, -8.85], "size": [2, 2, 0], "uv": [83, 61]}
					]
				},
				{
					"name": "ear2_left",
					"parent": "ear_right",
					"pivot": [-7.75, 19.35, -8.85],
					"cubes": [
						{"origin": [-15.75, 16.85, -8.85], "size": [8, 6, 0], "uv": [92, 2]}
					]
				},
				{
					"name": "headfur",
					"parent": "head_angle",
					"pivot": [0, 17.65, -12],
					"rotation": [-27.5, 0, 0],
					"cubes": [
						{"origin": [0.25, 17.5, -14.25], "size": [2, 2, 0], "pivot": [1.25, 17.5, -13.25], "rotation": [-29.38566, -38.61692, 49.12282], "uv": [109, 24]},
						{"origin": [0.75, 17.5, -13.75], "size": [1, 1, 0], "pivot": [1.75, 17.5, -12.75], "rotation": [-29.38566, -38.61692, 49.12282], "uv": [120, 23]},
						{"origin": [-2, 17.65, -14], "size": [4, 4, 4], "uv": [59, 94]}
					]
				},
				{
					"name": "headfur2",
					"parent": "headfur",
					"pivot": [0.5, 20.65, -12.75],
					"rotation": [-32.5, 0, 20],
					"cubes": [
						{"origin": [-0.75, 20.65, -13.75], "size": [2, 3, 2], "inflate": 0.25, "uv": [33, 108]},
						{"origin": [1.5, 20.65, -13.75], "size": [0, 3, 2], "pivot": [1.5, 21.15, -12.75], "rotation": [-5, -5, 10], "uv": [118, 108]}
					]
				},
				{
					"name": "headfur3",
					"parent": "headfur2",
					"pivot": [0.5, 23.15, -12.75],
					"rotation": [27.5, 0, -37.5],
					"cubes": [
						{"origin": [-0.5, 23.15, -12.75], "size": [2, 4, 0], "uv": [118, 115]},
						{"origin": [0.5, 23.65, -12.75], "size": [1, 2, 0], "pivot": [0.5, 23.15, -12.75], "rotation": [-10, 0, 25], "uv": [124, 117]}
					]
				},
				{
					"name": "tail",
					"parent": "torso",
					"pivot": [0, 12.9, 7.5],
					"cubes": [
						{"origin": [-5, 7.9, 7], "size": [10, 10, 6], "uv": [40, 112]}
					]
				},
				{
					"name": "tail2",
					"parent": "tail",
					"pivot": [0, 12.9, 11],
					"cubes": [
						{"origin": [-6.5, 6.4, 9], "size": [13, 13, 7], "uv": [0, 68]}
					]
				},
				{
					"name": "fur1",
					"parent": "tail2",
					"pivot": [0, 12.9, 7]
				},
				{
					"name": "fur_tail_left1",
					"parent": "fur1",
					"pivot": [-6.5, 12.9, 9],
					"rotation": [0, 70, 0],
					"cubes": [
						{"origin": [-9.5, 7.4, 9], "size": [3, 11, 0], "uv": [112, 78]}
					]
				},
				{
					"name": "fur_tail_right1",
					"parent": "fur1",
					"pivot": [6.5, 12.9, 9],
					"rotation": [0, -70, 0],
					"cubes": [
						{"origin": [6.5, 7.4, 9], "size": [3, 11, 0], "uv": [120, 78]}
					]
				},
				{
					"name": "fur_tail_top1",
					"parent": "fur1",
					"pivot": [0, 19.4, 9],
					"rotation": [-70, 0, 0],
					"cubes": [
						{"origin": [-5.5, 19.4, 9], "size": [11, 3, 0], "uv": [80, 96]}
					]
				},
				{
					"name": "fur_tail_bot1",
					"parent": "fur1",
					"pivot": [0, 6.4, 9],
					"rotation": [70, 0, 0],
					"cubes": [
						{"origin": [-5.5, 3.4, 9], "size": [11, 3, 0], "uv": [104, 96]}
					]
				},
				{
					"name": "fur2",
					"parent": "tail2",
					"pivot": [0, 12.9, 14.5]
				},
				{
					"name": "fur_tail_left2",
					"parent": "fur2",
					"pivot": [-6.5, 12.9, 14.5],
					"rotation": [0, 72.5, 0],
					"cubes": [
						{"origin": [-12.5, 7.4, 14.5], "size": [6, 11, 0], "uv": [101, 65]}
					]
				},
				{
					"name": "fur_tail_right2",
					"parent": "fur2",
					"pivot": [6.5, 12.9, 14.5],
					"rotation": [0, -72.5, 0],
					"cubes": [
						{"origin": [6.5, 7.4, 14.5], "size": [6, 11, 0], "uv": [114, 65]}
					]
				},
				{
					"name": "fur_tail_top2",
					"parent": "fur2",
					"pivot": [0, 19.4, 14.5],
					"rotation": [-72.5, 0, 0],
					"cubes": [
						{"origin": [-5.5, 19.4, 14.5], "size": [11, 6, 0], "uv": [80, 101]}
					]
				},
				{
					"name": "fur_tail_bot2",
					"parent": "fur2",
					"pivot": [0, 6.4, 14.5],
					"rotation": [72.5, 0, 0],
					"cubes": [
						{"origin": [-5.5, 0.4, 14.5], "size": [11, 6, 0], "uv": [104, 101]}
					]
				},
				{
					"name": "tail3",
					"parent": "tail2",
					"pivot": [0.5, 12.9, 15],
					"cubes": [
						{"origin": [-6.5, 6.4, 14.5], "size": [13, 13, 7], "inflate": -0.01, "uv": [0, 108]}
					]
				},
				{
					"name": "locator_tail",
					"parent": "tail3",
					"pivot": [0, 12.9, 20.5],
					"rotation": [-180, 0, 180],
					"locators": {
						"tail": [0, 12.9, 20.5]
					}
				},
				{
					"name": "fur3",
					"parent": "tail3",
					"pivot": [0, 12.9, 21.5]
				},
				{
					"name": "fur_tail_left3",
					"parent": "fur3",
					"pivot": [-6.5, 12.9, 21.5],
					"rotation": [0, 65, 0],
					"cubes": [
						{"origin": [-9.5, 7.4, 21.5], "size": [3, 11, 0], "uv": [96, 78]}
					]
				},
				{
					"name": "fur_tail_right3",
					"parent": "fur3",
					"pivot": [6.5, 12.9, 21.5],
					"rotation": [0, -65, 0],
					"cubes": [
						{"origin": [6.5, 7.4, 21.5], "size": [3, 11, 0], "uv": [104, 78]}
					]
				},
				{
					"name": "fur_tail_top3",
					"parent": "fur3",
					"pivot": [0, 19.4, 21.5],
					"rotation": [-65, 0, 0],
					"cubes": [
						{"origin": [-5.5, 19.4, 21.5], "size": [11, 3, 0], "uv": [80, 91]}
					]
				},
				{
					"name": "fur_tail_bot3",
					"parent": "fur3",
					"pivot": [0, 6.4, 21.5],
					"rotation": [65, 0, 0],
					"cubes": [
						{"origin": [-5.5, 3.4, 21.5], "size": [11, 3, 0], "uv": [104, 91]}
					]
				},
				{
					"name": "tail4",
					"parent": "tail3",
					"pivot": [0, 12.9, 20],
					"cubes": [
						{"origin": [-5, 7.9, 18.5], "size": [10, 10, 10], "uv": [0, 88]}
					]
				},
				{
					"name": "fur4",
					"parent": "tail4",
					"pivot": [0, 12.9, 24.5]
				},
				{
					"name": "fur_tip_right1",
					"parent": "fur4",
					"pivot": [-5, 12.9, 25.5],
					"rotation": [0, 67.5, 0],
					"cubes": [
						{"origin": [-8, 9.4, 25.5], "size": [3, 7, 0], "uv": [80, 77]}
					]
				},
				{
					"name": "fur_tip_top1",
					"parent": "fur4",
					"pivot": [0, 17.9, 25.5],
					"rotation": [-67.5, 0, 0],
					"cubes": [
						{"origin": [-3.5, 17.9, 25.5], "size": [7, 3, 0], "uv": [78, 116]}
					]
				},
				{
					"name": "fur_tip_left1",
					"parent": "fur4",
					"pivot": [5, 12.9, 25.5],
					"rotation": [0, -67.5, 0],
					"cubes": [
						{"origin": [5, 9.4, 25.5], "size": [3, 7, 0], "uv": [88, 77]}
					]
				},
				{
					"name": "fur_tip_bot1",
					"parent": "fur4",
					"pivot": [0, 7.9, 25.5],
					"rotation": [67.5, 0, 0],
					"cubes": [
						{"origin": [-3.5, 4.9, 25.5], "size": [7, 3, 0], "uv": [85, 72]}
					]
				},
				{
					"name": "tail5",
					"parent": "tail4",
					"pivot": [0, 12.9, 27.5],
					"cubes": [
						{"origin": [-2.5, 10.4, 26.5], "size": [5, 5, 9], "uv": [40, 94]}
					]
				},
				{
					"name": "fur5",
					"parent": "tail5",
					"pivot": [0, 12.9, 29.5]
				},
				{
					"name": "fur_tip_right2",
					"parent": "fur5",
					"pivot": [-2.5, 12.9, 29.5],
					"rotation": [0, 70, 0],
					"cubes": [
						{"origin": [-4.5, 11.4, 29.5], "size": [2, 3, 0], "uv": [79, 67]}
					]
				},
				{
					"name": "fur_tip_left2",
					"parent": "fur5",
					"pivot": [2.5, 12.9, 29.5],
					"rotation": [0, -70, 0],
					"cubes": [
						{"origin": [2.5, 11.4, 29.5], "size": [2, 3, 0], "uv": [79, 72]}
					]
				},
				{
					"name": "fur_tip_top2",
					"parent": "fur5",
					"pivot": [0, 15.4, 29.5],
					"rotation": [-70, 0, 0],
					"cubes": [
						{"origin": [-1.5, 15.4, 29.5], "size": [3, 2, 0], "uv": [75, 121]}
					]
				},
				{
					"name": "fur_tip_bot2",
					"parent": "fur5",
					"pivot": [0, 10.4, 29.5],
					"rotation": [70, 0, 0],
					"cubes": [
						{"origin": [-1.5, 8.4, 29.5], "size": [3, 2, 0], "uv": [75, 125]}
					]
				},
				{
					"name": "tail6",
					"parent": "tail5",
					"pivot": [0, 12.9, 35],
					"cubes": [
						{"origin": [0, 11.4, 34.5], "size": [0, 3, 6], "uv": [80, 105]}
					]
				},
				{
					"name": "locator_tail_tip",
					"parent": "tail6",
					"pivot": [0, 12.9, 40.5],
					"rotation": [-180, 0, 180],
					"locators": {
						"tail_tip": [0, 12.9, 40.5]
					}
				},
				{
					"name": "ftorso2",
					"parent": "waist",
					"pivot": [0, 11.3, 1.75]
				},
				{
					"name": "ftorso3",
					"parent": "ftorso2",
					"pivot": [0, 11.55, -2]
				},
				{
					"name": "front_legs",
					"parent": "ftorso3",
					"pivot": [0, 10.2, -5.25]
				},
				{
					"name": "front_leg_left",
					"parent": "front_legs",
					"pivot": [3.25, 10.2, -5.25],
					"cubes": [
						{"origin": [1.75, 6.55, -6.75], "size": [3, 5, 3], "inflate": 0.25, "uv": [48, 57]}
					]
				},
				{
					"name": "elbow_left",
					"parent": "front_leg_left",
					"pivot": [3.25, 6.3, -3.5],
					"cubes": [
						{"origin": [1.75, 1.3, -6.5], "size": [3, 5, 3], "uv": [40, 29]}
					]
				},
				{
					"name": "left",
					"parent": "elbow_left",
					"pivot": [7.25, 0.75, -1.5],
					"cubes": [
						{"origin": [0.25, 1.75, -7.5], "size": [6, 0, 5], "uv": [89, 135]},
						{"origin": [6.25, 1.75, -6], "size": [2, 0, 2], "uv": [110, 138]},
						{"origin": [2.25, 1.75, -9.5], "size": [2, 0, 2], "uv": [6, 149]},
						{"origin": [2.25, 1.75, -2.5], "size": [2, 0, 2], "uv": [15, 147]}
					]
				},
				{
					"name": "frontpaw_left",
					"parent": "elbow_left",
					"pivot": [3.25, 1.05, -5.25],
					"cubes": [
						{"origin": [1.75, 0.25, -7.2], "size": [3, 1, 3], "inflate": 0.25, "uv": [69, 56]},
						{"origin": [2.75, 0.25, -5.7], "size": [1, 1, 1], "inflate": 0.26, "uv": [87, 55]}
					]
				},
				{
					"name": "locator_foot_secondary1",
					"parent": "frontpaw_left",
					"pivot": [3.25, 0.6, -5.7],
					"rotation": [90, 0, 0],
					"locators": {
						"foot_secondary1": [3.25, 0.6, -5.7]
					}
				},
				{
					"name": "front_leg_right",
					"parent": "front_legs",
					"pivot": [-3.25, 10.2, -5.25],
					"cubes": [
						{"origin": [-4.75, 6.55, -6.75], "size": [3, 5, 3], "inflate": 0.25, "uv": [36, 57]}
					]
				},
				{
					"name": "elbow_right",
					"parent": "front_leg_right",
					"pivot": [-3.25, 6.3, -3.5],
					"cubes": [
						{"origin": [-4.75, 1.3, -6.5], "size": [3, 5, 3], "uv": [28, 29]}
					]
				},
				{
					"name": "right",
					"parent": "elbow_right",
					"pivot": [-7.25, 0.75, -1.5],
					"cubes": [
						{"origin": [-4.25, 1.75, -2.5], "size": [2, 0, 2], "uv": [27, 147], "mirror": true},
						{"origin": [-8.25, 1.75, -6], "size": [2, 0, 2], "uv": [76, 148], "mirror": true},
						{"origin": [-6.25, 1.75, -7.5], "size": [6, 0, 5], "uv": [35, 148], "mirror": true},
						{"origin": [-4.25, 1.75, -9.5], "size": [2, 0, 2], "uv": [58, 150], "mirror": true}
					]
				},
				{
					"name": "frontpaw_right",
					"parent": "elbow_right",
					"pivot": [-3.25, 1.05, -5.25],
					"cubes": [
						{"origin": [-4.75, 0.25, -7.2], "size": [3, 1, 3], "inflate": 0.25, "uv": [60, 57]},
						{"origin": [-3.75, 0.25, -5.7], "size": [1, 1, 1], "inflate": 0.26, "uv": [83, 55]}
					]
				},
				{
					"name": "locator_foot_primary",
					"parent": "frontpaw_right",
					"pivot": [-3.25, 0.6, -5.7],
					"rotation": [90, 0, 0],
					"locators": {
						"foot_primary": [-3.25, 0.6, -5.7]
					}
				},
				{
					"name": "back_legs",
					"parent": "body",
					"pivot": [0, 11.65, 4.75]
				},
				{
					"name": "back_leg_left",
					"parent": "back_legs",
					"pivot": [3.75, 11.65, 4.75],
					"cubes": [
						{"origin": [1.75, 6.3, 2.25], "size": [4, 8, 5], "inflate": 0.01, "uv": [18, 52]}
					]
				},
				{
					"name": "knee_left",
					"parent": "back_leg_left",
					"pivot": [3.75, 6.3, 2.25],
					"rotation": [47.5, 0, 0],
					"cubes": [
						{"origin": [2.25, 2.2, 2.35], "size": [3, 4, 3], "inflate": 0.11, "uv": [38, 45]}
					]
				},
				{
					"name": "ankle_left",
					"parent": "knee_left",
					"pivot": [3.75, 2.1, 5.2],
					"rotation": [-62.5, 0, 0],
					"cubes": [
						{"origin": [2.25, -2.9, 2.1], "size": [3, 5, 3], "inflate": 0.1, "uv": [40, 37]}
					]
				},
				{
					"name": "foot_left",
					"parent": "ankle_left",
					"pivot": [3.75, -3.15, 3.45],
					"rotation": [15, 0, 0],
					"cubes": [
						{"origin": [2.25, -3.9, 1.45], "size": [3, 1, 3], "inflate": 0.25, "uv": [69, 60]},
						{"origin": [3.25, -3.9, 2.95], "size": [1, 1, 1], "inflate": 0.26, "uv": [87, 57]}
					]
				},
				{
					"name": "locator_foot_secondary3",
					"parent": "foot_left",
					"pivot": [3.75, -3.5, 2.8],
					"rotation": [90, 0, 0],
					"locators": {
						"foot_secondary3": [3.75, -3.5, 2.8]
					}
				},
				{
					"name": "back_leg_right",
					"parent": "back_legs",
					"pivot": [-3.75, 11.65, 4.75],
					"cubes": [
						{"origin": [-5.75, 6.3, 2.25], "size": [4, 8, 5], "inflate": 0.01, "uv": [0, 52]}
					]
				},
				{
					"name": "knee_right",
					"parent": "back_leg_right",
					"pivot": [-3.75, 6.3, 2.25],
					"rotation": [47.5, 0, 0],
					"cubes": [
						{"origin": [-5.25, 2.2, 2.35], "size": [3, 4, 3], "inflate": 0.11, "uv": [26, 45]}
					]
				},
				{
					"name": "ankle_right",
					"parent": "knee_right",
					"pivot": [-3.75, 2.1, 5.2],
					"rotation": [-62.5, 0, 0],
					"cubes": [
						{"origin": [-5.25, -2.9, 2.1], "size": [3, 5, 3], "inflate": 0.1, "uv": [28, 37]}
					]
				},
				{
					"name": "foot_right",
					"parent": "ankle_right",
					"pivot": [-3.75, -3.15, 3.45],
					"rotation": [15, 0, 0],
					"cubes": [
						{"origin": [-5.25, -3.9, 1.45], "size": [3, 1, 3], "inflate": 0.25, "uv": [60, 61]},
						{"origin": [-4.25, -3.9, 2.95], "size": [1, 1, 1], "inflate": 0.26, "uv": [83, 57]}
					]
				},
				{
					"name": "locator_foot_secondary2",
					"parent": "foot_right",
					"pivot": [-3.75, -3.5, 2.8],
					"rotation": [90, 0, 0],
					"locators": {
						"foot_secondary2": [-3.75, -3.5, 2.8]
					}
				}
			]
		}
	]
}