{
    "values": [
        "minecraft:stony_peaks",
        "minecraft:jagged_peaks",
        "minecraft:frozen_peaks",
        "minecraft:snowy_slopes",
        "minecraft:grove",
        {
            "id": "#c:is_mountain",
            "required": false
        },
        {
            "id": "terralith:snowy_maple_forest",
            "required": false
        },
        {
            "id": "terralith:siberian_grove",
            "required": false
        },
        {
            "id": "terralith:snowy_shield",
            "required": false
        }
    ]
}