{
    "values": [
        "minecraft:taiga",
        "minecraft:snowy_taiga",
        "minecraft:grove",
        {
            "id": "terralith:snowy_maple_forest",
            "required": false
        },
        {
            "id": "terralith:siberian_taiga",
            "required": false
        },
        {
            "id": "terralith:siberian_grove",
            "required": false
        },
        {
            "id": "terralith:snowy_shield",
            "required": false
        },
        {
            "id": "#c:is_taiga",
            "required": false
        }
    ]
}