{
	"format_version": "1.12.0",
	"minecraft:geometry": [
		{
			"description": {
				"identifier": "geometry.ninetales_alola",
				"texture_width": 256,
				"texture_height": 128,
				"visible_bounds_width": 9,
				"visible_bounds_height": 3.5,
				"visible_bounds_offset": [0, 1.25, 0]
			},
			"bones": [
				{
					"name": "ninetales_alolan",
					"pivot": [0, 0, 0]
				},
				{
					"name": "body",
					"parent": "ninetales_alolan",
					"pivot": [0, 16.5, -0.25]
				},
				{
					"name": "torso",
					"parent": "body",
					"pivot": [0, 16.75, 6.75],
					"rotation": [2.5, 0, 0],
					"cubes": [
						{"origin": [-3.5, 14, -1.25], "size": [7, 6, 10], "uv": [86, 0]}
					]
				},
				{
					"name": "bone5",
					"parent": "torso",
					"pivot": [0.5, 19, -1],
					"rotation": [-2.5, 0, 0],
					"cubes": [
						{"origin": [4.25, 14, 2], "size": [1, 1, 1], "pivot": [4.75, 14.5, 2.5], "rotation": [47.39118, 3.68425, -3.38262], "uv": [235, 89]},
						{"origin": [5, 17, 4.75], "size": [1, 1, 1], "pivot": [5.5, 17.5, 5.25], "rotation": [47.39118, 3.68425, -3.38262], "uv": [239, 84]},
						{"origin": [3.75, 18, 1], "size": [1, 1, 1], "pivot": [4.25, 18.5, 1.5], "rotation": [46.1453, 12.80911, -12.02501], "uv": [241, 79]},
						{"origin": [-6, 17, 4.75], "size": [1, 1, 1], "pivot": [-5.5, 17.5, 5.25], "rotation": [47.39118, -3.68425, 3.38262], "uv": [237, 73], "mirror": true},
						{"origin": [-4.75, 18, 1], "size": [1, 1, 1], "pivot": [-4.25, 18.5, 1.5], "rotation": [46.1453, -12.80911, 12.02501], "uv": [237, 67], "mirror": true},
						{"origin": [-5.25, 14, 2], "size": [1, 1, 1], "pivot": [-4.75, 14.5, 2.5], "rotation": [47.39118, -3.68425, 3.38262], "uv": [230, 65], "mirror": true},
						{"origin": [4.31699, 12, -12.43301], "size": [1, 1, 1], "pivot": [4.81699, 12.5, -11.93301], "rotation": [-28.87053, -13.11584, 48.20419], "uv": [241, 91]},
						{"origin": [1.56699, 13, -12.93301], "size": [1, 1, 1], "pivot": [2.06699, 13.5, -12.43301], "rotation": [-28.03366, 2.59466, 51.02429], "uv": [240, 97]},
						{"origin": [4.06699, 15.5, -11.93301], "size": [1, 1, 1], "pivot": [4.56699, 16, -11.43301], "rotation": [-28.03366, 2.59466, 51.02429], "uv": [203, 83]},
						{"origin": [-5.06699, 15.5, -11.93301], "size": [1, 1, 1], "pivot": [-4.56699, 16, -11.43301], "rotation": [-28.03366, -2.59466, -51.02429], "uv": [220, 74], "mirror": true},
						{"origin": [-5.31699, 12, -12.43301], "size": [1, 1, 1], "pivot": [-4.81699, 12.5, -11.93301], "rotation": [-28.87053, 13.11584, -48.20419], "uv": [221, 78], "mirror": true},
						{"origin": [-2.56699, 13, -12.93301], "size": [1, 1, 1], "pivot": [-2.06699, 13.5, -12.43301], "rotation": [-28.03366, -2.59466, -51.02429], "uv": [225, 84], "mirror": true},
						{"origin": [-4.5, 11, -11], "size": [9, 10, 11], "pivot": [0.5, 19, -1], "rotation": [5, 0, 0], "uv": [176, 34]},
						{"origin": [-1.33877, 8.14665, -12.35212], "size": [8, 9, 0], "pivot": [3.16123, 12.64665, -8.85212], "rotation": [2.9218, -22.4791, -38.9898], "uv": [188, 21]},
						{"origin": [-2.33877, 6.64665, -13.35212], "size": [8, 2, 2], "pivot": [2.16123, 13.14665, -8.85212], "rotation": [2.9218, -22.4791, -38.9898], "uv": [188, 14]},
						{"origin": [-2.33877, 6.64665, -13.35212], "size": [8, 2, 2], "inflate": 0.1, "pivot": [2.16123, 13.14665, -8.85212], "rotation": [2.9218, -22.4791, -38.9898], "uv": [186, 57]},
						{"origin": [6.66123, 8.14665, -12.35212], "size": [0, 9, 7], "pivot": [3.16123, 12.64665, -8.85212], "rotation": [2.9218, -22.4791, -38.9898], "uv": [178, 64]},
						{"origin": [4.91123, 6.14665, -13.10212], "size": [2, 2, 7], "pivot": [1.41123, 12.64665, -9.60212], "rotation": [2.9218, -22.4791, -38.9898], "uv": [202, 58]},
						{"origin": [4.91123, 6.14665, -13.10212], "size": [2, 2, 7], "inflate": 0.1, "pivot": [1.41123, 12.64665, -9.60212], "rotation": [2.9218, -22.4791, -38.9898], "uv": [193, 71]},
						{"origin": [-6.91123, 6.14665, -13.10212], "size": [2, 2, 7], "inflate": 0.1, "pivot": [-1.41123, 12.64665, -9.60212], "rotation": [2.9218, 22.4791, 38.9898], "uv": [216, 63], "mirror": true},
						{"origin": [-5.66123, 6.64665, -13.35212], "size": [8, 2, 2], "inflate": 0.1, "pivot": [-2.16123, 13.14665, -8.85212], "rotation": [2.9218, 22.4791, 38.9898], "uv": [216, 57], "mirror": true},
						{"origin": [-6.66123, 8.14665, -12.35212], "size": [0, 9, 7], "pivot": [-3.16123, 12.64665, -8.85212], "rotation": [2.9218, 22.4791, 38.9898], "uv": [143, 77], "mirror": true},
						{"origin": [-6.66123, 8.14665, -12.35212], "size": [8, 9, 0], "pivot": [-3.16123, 12.64665, -8.85212], "rotation": [2.9218, 22.4791, 38.9898], "uv": [159, 86], "mirror": true},
						{"origin": [-5.66123, 6.64665, -13.35212], "size": [8, 2, 2], "pivot": [-2.16123, 13.14665, -8.85212], "rotation": [2.9218, 22.4791, 38.9898], "uv": [148, 98], "mirror": true},
						{"origin": [-6.91123, 6.14665, -13.10212], "size": [2, 2, 7], "pivot": [-1.41123, 12.64665, -9.60212], "rotation": [2.9218, 22.4791, 38.9898], "uv": [177, 83], "mirror": true},
						{"origin": [-5, 21, -2], "size": [10, 0, 10], "pivot": [1, 19, 0], "rotation": [17.5, 0, 0], "uv": [198, 32]},
						{"origin": [-7, 22.76414, 6.7089], "size": [14, 2, 3], "pivot": [0, 23.76414, 8.2089], "rotation": [20, 0, 0], "uv": [208, 25]},
						{"origin": [-7, 22.76414, 6.7089], "size": [14, 2, 3], "inflate": 0.1, "pivot": [0, 23.76414, 8.2089], "rotation": [20, 0, 0], "uv": [217, 119]},
						{"origin": [-5.2, 12.04097, -1.23673], "size": [0, 10, 10], "pivot": [-5, 17.04097, 3.76327], "rotation": [14.96174, -21.92866, 3.97627], "uv": [165, 47]},
						{"origin": [-6.2, 9.04097, -1.23673], "size": [2, 3, 13], "inflate": 0.1, "pivot": [-5, 17.04097, 3.76327], "rotation": [14.96174, -21.92866, 3.97627], "uv": [207, 7]},
						{"origin": [-6.2, 12.04097, 8.76327], "size": [2, 10, 3], "inflate": 0.1, "pivot": [-5, 17.04097, 3.76327], "rotation": [14.96174, -21.92866, 3.97627], "uv": [207, 1]},
						{"origin": [4.2, 12.04097, 8.76327], "size": [2, 10, 3], "pivot": [5, 17.04097, 3.76327], "rotation": [14.96174, 21.92866, -3.97627], "uv": [232, 34], "mirror": true},
						{"origin": [4.2, 12.04097, 8.76327], "size": [2, 10, 3], "inflate": 0.1, "pivot": [5, 17.04097, 3.76327], "rotation": [14.96174, 21.92866, -3.97627], "uv": [243, 19], "mirror": true},
						{"origin": [4.2, 9.04097, -1.23673], "size": [2, 3, 13], "pivot": [5, 17.04097, 3.76327], "rotation": [14.96174, 21.92866, -3.97627], "uv": [202, 74], "mirror": true},
						{"origin": [4.2, 9.04097, -1.23673], "size": [2, 3, 13], "inflate": 0.1, "pivot": [5, 17.04097, 3.76327], "rotation": [14.96174, 21.92866, -3.97627], "uv": [226, 0], "mirror": true},
						{"origin": [5.2, 12.04097, -1.23673], "size": [0, 10, 10], "pivot": [5, 17.04097, 3.76327], "rotation": [14.96174, 21.92866, -3.97627], "uv": [142, 43], "mirror": true},
						{"origin": [-5, 7.88701, 0.03825], "size": [10, 3, 3], "pivot": [0, 8.88701, 1.03825], "rotation": [22.5, 0, 0], "uv": [172, 97]},
						{"origin": [-6.2, 12.04097, 8.76327], "size": [2, 10, 3], "pivot": [-5, 17.04097, 3.76327], "rotation": [14.96174, -21.92866, 3.97627], "uv": [232, 34]},
						{"origin": [-6.2, 9.04097, -1.23673], "size": [2, 3, 13], "pivot": [-5, 17.04097, 3.76327], "rotation": [14.96174, -21.92866, 3.97627], "uv": [202, 74]}
					]
				},
				{
					"name": "bow",
					"parent": "bone5",
					"pivot": [0, 15.58518, -13.60654],
					"rotation": [-15, 0, 0],
					"cubes": [
						{"origin": [-2, 14.88458, -15.85654], "size": [4, 2, 4], "uv": [145, 106]},
						{"origin": [-0.5, 14.38458, -14.35654], "size": [1, 1, 1], "pivot": [0, 14.88458, -13.85654], "rotation": [0, -45, 0], "uv": [190, 83]},
						{"origin": [-1.5, 16.88458, -15.35654], "size": [3, 2, 3], "uv": [199, 94]},
						{"origin": [-0.5, 18.38458, -13.85654], "size": [1, 2, 0], "pivot": [0, 18.38458, -13.85654], "rotation": [-2.5, 0, 0], "uv": [221, 82]},
						{"origin": [1.5, 14.88458, -13.85654], "size": [4, 4, 1], "pivot": [2.5, 16.88458, -13.85654], "rotation": [0, 0, -12.5], "uv": [227, 76]},
						{"origin": [1.5, 15.38458, -13.85654], "size": [4, 3, 0], "inflate": 0.001, "pivot": [2.5, 16.38458, -13.85654], "rotation": [0, 0, -12.5], "uv": [165, 107]},
						{"origin": [1.5, 15.88458, -13.85654], "size": [4, 2, 0], "inflate": 0.002, "pivot": [2.5, 16.88458, -13.85654], "rotation": [0, 0, -12.5], "uv": [203, 102]},
						{"origin": [0.25, 9.88458, -13.35654], "size": [3, 6, 0], "pivot": [1.25, 16.88458, -13.85654], "rotation": [0, 0, -12.5], "uv": [146, 114]},
						{"origin": [0.75, 9.88458, -13.35654], "size": [2, 6, 0], "inflate": 0.001, "pivot": [0.75, 16.88458, -13.85654], "rotation": [0, 0, -12.5], "uv": [156, 115]},
						{"origin": [1.25, 9.88458, -13.35654], "size": [1, 6, 0], "inflate": 0.002, "pivot": [1.25, 16.88458, -13.85654], "rotation": [0, 0, -12.5], "uv": [164, 114]},
						{"origin": [-2.25, 9.88458, -13.35654], "size": [1, 6, 0], "inflate": 0.002, "pivot": [-1.25, 16.88458, -13.85654], "rotation": [0, 0, 12.5], "uv": [170, 114], "mirror": true},
						{"origin": [-5.5, 15.88458, -13.85654], "size": [4, 2, 0], "inflate": 0.002, "pivot": [-2.5, 16.88458, -13.85654], "rotation": [0, 0, 12.5], "uv": [176, 107], "mirror": true},
						{"origin": [-3.25, 9.88458, -13.35654], "size": [3, 6, 0], "pivot": [-1.25, 16.88458, -13.85654], "rotation": [0, 0, 12.5], "uv": [175, 115], "mirror": true},
						{"origin": [-2.75, 9.88458, -13.35654], "size": [2, 6, 0], "inflate": 0.001, "pivot": [-0.75, 16.88458, -13.85654], "rotation": [0, 0, 12.5], "uv": [186, 109], "mirror": true},
						{"origin": [-5.5, 14.88458, -13.85654], "size": [4, 4, 1], "pivot": [-2.5, 16.88458, -13.85654], "rotation": [0, 0, 12.5], "uv": [192, 107], "mirror": true},
						{"origin": [-5.5, 15.38458, -13.85654], "size": [4, 3, 0], "inflate": 0.001, "pivot": [-2.5, 16.38458, -13.85654], "rotation": [0, 0, 12.5], "uv": [215, 94], "mirror": true}
					]
				},
				{
					"name": "bone",
					"parent": "bow",
					"pivot": [-4, 16.91226, -13.98296],
					"rotation": [7.5, 0, 0],
					"cubes": [
						{"origin": [-4.5, 16.37059, -13.98296], "size": [1, 1, 0], "inflate": 0.001, "uv": [197, 66], "mirror": true},
						{"origin": [-4.5, 17.12059, -13.98296], "size": [1, 1, 0], "uv": [189, 67], "mirror": true},
						{"origin": [-5.25, 16.62059, -13.98296], "size": [1, 1, 0], "pivot": [-4.75, 17.12059, -13.98296], "rotation": [0, 0, -50], "uv": [195, 69], "mirror": true},
						{"origin": [-5, 15.87059, -13.98296], "size": [1, 1, 0], "pivot": [-4.5, 16.37059, -13.98296], "rotation": [0, 0, -65], "uv": [207, 73], "mirror": true},
						{"origin": [-4, 15.87059, -13.98296], "size": [1, 1, 0], "pivot": [-3.5, 16.37059, -13.98296], "rotation": [0, 0, 65], "uv": [194, 64]},
						{"origin": [-3.75, 16.62059, -13.98296], "size": [1, 1, 0], "pivot": [-3.25, 17.12059, -13.98296], "rotation": [0, 0, 50], "uv": [188, 63]}
					]
				},
				{
					"name": "bone3",
					"parent": "bow",
					"pivot": [4, 16.91226, -13.98296],
					"rotation": [7.5, 0, 0],
					"cubes": [
						{"origin": [3.5, 16.37059, -13.98296], "size": [1, 1, 0], "inflate": 0.001, "uv": [193, 74]},
						{"origin": [3.5, 17.12059, -13.98296], "size": [1, 1, 0], "uv": [208, 69]},
						{"origin": [4.25, 16.62059, -13.98296], "size": [1, 1, 0], "pivot": [4.75, 17.12059, -13.98296], "rotation": [0, 0, 50], "uv": [197, 75]},
						{"origin": [4, 15.87059, -13.98296], "size": [1, 1, 0], "pivot": [4.5, 16.37059, -13.98296], "rotation": [0, 0, 65], "uv": [209, 83]},
						{"origin": [3, 15.87059, -13.98296], "size": [1, 1, 0], "pivot": [3.5, 16.37059, -13.98296], "rotation": [0, 0, -65], "uv": [153, 71], "mirror": true},
						{"origin": [2.75, 16.62059, -13.98296], "size": [1, 1, 0], "pivot": [3.25, 17.12059, -13.98296], "rotation": [0, 0, -50], "uv": [153, 67], "mirror": true}
					]
				},
				{
					"name": "bone2",
					"parent": "bow",
					"pivot": [3, 11.41226, -13.48296],
					"rotation": [3.16499, -4.46375, -16.93839],
					"cubes": [
						{"origin": [2.5, 10.87059, -13.48296], "size": [1, 1, 0], "inflate": 0.001, "uv": [157, 67]},
						{"origin": [2.5, 11.62059, -13.48296], "size": [1, 1, 0], "uv": [158, 70]},
						{"origin": [3.25, 11.12059, -13.48296], "size": [1, 1, 0], "pivot": [3.75, 11.62059, -13.48296], "rotation": [0, 0, 50], "uv": [241, 60]},
						{"origin": [3, 10.37059, -13.48296], "size": [1, 1, 0], "pivot": [3.5, 10.87059, -13.48296], "rotation": [0, 0, 65], "uv": [230, 54]},
						{"origin": [2, 10.37059, -13.48296], "size": [1, 1, 0], "pivot": [2.5, 10.87059, -13.48296], "rotation": [0, 0, -65], "uv": [237, 52], "mirror": true},
						{"origin": [1.75, 11.12059, -13.48296], "size": [1, 1, 0], "pivot": [2.25, 11.62059, -13.48296], "rotation": [0, 0, -50], "uv": [245, 54], "mirror": true}
					]
				},
				{
					"name": "bone4",
					"parent": "bow",
					"pivot": [-3, 11.41226, -13.48296],
					"rotation": [3.16499, 4.46375, 16.93839],
					"cubes": [
						{"origin": [-3.5, 10.87059, -13.48296], "size": [1, 1, 0], "inflate": 0.001, "uv": [246, 50]},
						{"origin": [-3.5, 11.62059, -13.48296], "size": [1, 1, 0], "uv": [248, 45]},
						{"origin": [-2.75, 11.12059, -13.48296], "size": [1, 1, 0], "pivot": [-2.25, 11.62059, -13.48296], "rotation": [0, 0, 50], "uv": [246, 38]},
						{"origin": [-3, 10.37059, -13.48296], "size": [1, 1, 0], "pivot": [-2.5, 10.87059, -13.48296], "rotation": [0, 0, 65], "uv": [243, 43]},
						{"origin": [-4, 10.37059, -13.48296], "size": [1, 1, 0], "pivot": [-3.5, 10.87059, -13.48296], "rotation": [0, 0, -65], "uv": [246, 58], "mirror": true},
						{"origin": [-4.25, 11.12059, -13.48296], "size": [1, 1, 0], "pivot": [-3.75, 11.62059, -13.48296], "rotation": [0, 0, -50], "uv": [242, 64], "mirror": true}
					]
				},
				{
					"name": "chest",
					"parent": "torso",
					"pivot": [0, 16.75, -1.25],
					"rotation": [-2.5, 0, 0],
					"cubes": [
						{"origin": [-3.5, 13.25, -9.25], "size": [7, 7, 9], "inflate": 0.01, "uv": [63, 7]}
					]
				},
				{
					"name": "neck",
					"parent": "chest",
					"pivot": [0, 16.5, -6.5],
					"rotation": [32.5, 0, 0],
					"cubes": [
						{"origin": [-2.5, 17.25, -9.5], "size": [5, 6, 6], "uv": [2, 11]}
					]
				},
				{
					"name": "neck_fur",
					"parent": "neck",
					"pivot": [0, 22.25, -6.5]
				},
				{
					"name": "neck_fur_front",
					"parent": "neck_fur",
					"pivot": [0, 21.75, -9.5],
					"rotation": [-30, 0, 0],
					"cubes": [
						{"origin": [-4, 17.75, -9.5], "size": [8, 4, 2], "uv": [22, 6]}
					]
				},
				{
					"name": "neck_fur_front2",
					"parent": "neck_fur_front",
					"pivot": [0, 17.75, -9],
					"rotation": [10, 0, 0],
					"cubes": [
						{"origin": [-3.5, 14.75, -9], "size": [7, 3, 1], "uv": [18, 12]}
					]
				},
				{
					"name": "neck_fur_front3",
					"parent": "neck_fur_front2",
					"pivot": [0, 14.75, -9],
					"rotation": [5, 0, 0],
					"cubes": [
						{"origin": [-1.5, 12.75, -9], "size": [3, 2, 0], "uv": [24, 16]}
					]
				},
				{
					"name": "neck_fur_left",
					"parent": "neck_fur",
					"pivot": [2.5, 22.25, -9.5],
					"rotation": [5, 2.5, -37.5],
					"cubes": [
						{"origin": [2.5, 19.25, -9.5], "size": [0, 3, 6], "uv": [23, -6]}
					]
				},
				{
					"name": "neck_fur_right",
					"parent": "neck_fur",
					"pivot": [-2.5, 22.25, -9.5],
					"rotation": [5, -2.5, 37.5],
					"cubes": [
						{"origin": [-2.5, 19.25, -9.5], "size": [0, 3, 6], "uv": [26, -3], "mirror": true}
					]
				},
				{
					"name": "neck2",
					"parent": "neck",
					"pivot": [0, 23.25, -6.5],
					"cubes": [
						{"origin": [-2, 22.25, -9], "size": [4, 6, 5], "uv": [42, 0]}
					]
				},
				{
					"name": "head",
					"parent": "neck2",
					"pivot": [0, 26.5, -7],
					"rotation": [-22.5, 0, 0]
				},
				{
					"name": "head_rotation",
					"parent": "head",
					"pivot": [0, 27, -6.75],
					"cubes": [
						{"origin": [-2.5, 25.5, -10.75], "size": [5, 5, 6], "inflate": 0.01, "uv": [0, 0]}
					]
				},
				{
					"name": "ribbons",
					"parent": "head_rotation",
					"pivot": [8.75, 27.59465, -10.80559]
				},
				{
					"name": "left",
					"parent": "ribbons",
					"pivot": [3.5, 27.59465, -7.80559],
					"rotation": [-13.59631, 7.45168, -12.61892],
					"cubes": [
						{"origin": [3.5, 24.59465, -8.80559], "size": [0, 5, 2], "pivot": [3.5, 27.59465, -7.80559], "rotation": [27.48387, -0.36694, -0.7866], "uv": [215, 98]},
						{"origin": [3.5, 24.34465, -11.30559], "size": [0, 5, 2], "pivot": [3.5, 27.34465, -10.30559], "rotation": [-25.01613, -0.36694, -0.7866], "uv": [204, 105]},
						{"origin": [2.51913, 28.09794, -10.16114], "size": [2, 1, 1], "pivot": [3.51913, 28.59794, -9.66114], "rotation": [44.31532, 43.67162, 24.23262], "uv": [224, 95]},
						{"origin": [2.75, 28.25, -10.25], "size": [2, 2, 2], "pivot": [3.75, 29.25, -9.25], "rotation": [40, 0, 0], "uv": [210, 107]},
						{"origin": [3.75, 25.5, -10], "size": [0, 3, 2], "uv": [184, 115]},
						{"origin": [3.75, 30, -11], "size": [0, 3, 2], "pivot": [3.75, 30, -10], "rotation": [45, 0, 0], "uv": [190, 115]},
						{"origin": [3.75, 30, -10], "size": [0, 3, 2], "pivot": [3.75, 30, -9], "rotation": [-22.5, 0, 0], "uv": [218, 43]},
						{"origin": [3.75, 28, -13], "size": [0, 2, 3], "pivot": [3.75, 29, -10], "rotation": [22.5, 0, 0], "uv": [220, 49]},
						{"origin": [3.75, 28, -8.75], "size": [0, 2, 3], "uv": [196, 111]}
					]
				},
				{
					"name": "right",
					"parent": "ribbons",
					"pivot": [-3.5, 27.59465, -7.80559],
					"rotation": [-13.59631, -7.45168, 12.61892],
					"cubes": [
						{"origin": [-3.5, 24.34465, -11.30559], "size": [0, 5, 2], "pivot": [-3.5, 27.34465, -10.30559], "rotation": [-25.01613, 0.36694, 0.7866], "uv": [223, 97], "mirror": true},
						{"origin": [-4.51913, 28.09794, -10.16114], "size": [2, 1, 1], "pivot": [-3.51913, 28.59794, -9.66114], "rotation": [44.31532, -43.67162, -24.23262], "uv": [220, 106], "mirror": true},
						{"origin": [-3.5, 24.59465, -8.80559], "size": [0, 5, 2], "pivot": [-3.5, 27.59465, -7.80559], "rotation": [27.48387, 0.36694, 0.7866], "uv": [230, 97], "mirror": true},
						{"origin": [-4.75, 28.25, -10.25], "size": [2, 2, 2], "pivot": [-3.75, 29.25, -9.25], "rotation": [40, 0, 0], "uv": [205, 114], "mirror": true},
						{"origin": [-3.75, 30, -10], "size": [0, 3, 2], "pivot": [-3.75, 30, -9], "rotation": [-22.5, 0, 0], "uv": [216, 112], "mirror": true},
						{"origin": [-3.75, 30, -11], "size": [0, 3, 2], "pivot": [-3.75, 30, -10], "rotation": [45, 0, 0], "uv": [222, 110], "mirror": true},
						{"origin": [-3.75, 28, -8.75], "size": [0, 2, 3], "uv": [229, 105], "mirror": true},
						{"origin": [-3.75, 28, -13], "size": [0, 2, 3], "pivot": [-3.75, 29, -10], "rotation": [22.5, 0, 0], "uv": [229, 109], "mirror": true},
						{"origin": [-3.75, 25.5, -10], "size": [0, 3, 2], "uv": [234, 92], "mirror": true}
					]
				},
				{
					"name": "eyes",
					"parent": "head_rotation",
					"pivot": [0, 28.25, -9.75]
				},
				{
					"name": "eye_left",
					"parent": "eyes",
					"pivot": [2.02, 28, -9.77],
					"cubes": [
						{"origin": [1.52, 27.5, -10.77], "size": [1, 2, 2], "uv": [0, 0]},
						{"origin": [2.53, 27, -9.77], "size": [0, 1, 1], "uv": [0, 0]}
					]
				},
				{
					"name": "eye_angry_left",
					"parent": "eye_left",
					"pivot": [1.92, 29.25, -10.18],
					"cubes": [
						{"origin": [1.42, 28.75, -10.68], "size": [1, 1, 1], "inflate": 0.01, "uv": [0, 4]},
						{"origin": [2.42, 29, -9.68], "size": [0, 1, 1], "inflate": 0.01, "uv": [3, 3]}
					]
				},
				{
					"name": "eye_sad_left",
					"parent": "eye_left",
					"pivot": [2.42, 29.25, -9.68],
					"cubes": [
						{"origin": [2.42, 29.25, -10.68], "size": [0, 1, 1], "inflate": 0.01, "uv": [16, -1]},
						{"origin": [2.42, 29, -9.68], "size": [0, 1, 1], "inflate": 0.01, "uv": [16, 0]}
					]
				},
				{
					"name": "pupil_left",
					"parent": "eye_left",
					"pivot": [2.02, 28.75, -10.78],
					"cubes": [
						{"origin": [1.52, 28.25, -10.78], "size": [1, 1, 0], "uv": [4, 1]}
					]
				},
				{
					"name": "eyelid_left",
					"parent": "eye_left",
					"pivot": [1.93, 28.5, -9.68],
					"cubes": [
						{"origin": [1.43, 27.5, -10.68], "size": [1, 2, 2], "inflate": 0.01, "uv": [19, 38]}
					]
				},
				{
					"name": "eyelid_happy_left",
					"parent": "eye_left",
					"pivot": [1.93, 28.5, -9.68],
					"cubes": [
						{"origin": [1.43, 27.5, -10.68], "size": [1, 2, 2], "inflate": 0.01, "uv": [33, 35]}
					]
				},
				{
					"name": "eyelid_recoil_left",
					"parent": "eye_left",
					"pivot": [1.93, 28.5, -9.68],
					"cubes": [
						{"origin": [1.43, 27.5, -10.68], "size": [1, 2, 2], "inflate": 0.01, "uv": [37, 49]}
					]
				},
				{
					"name": "eye_right",
					"parent": "eyes",
					"pivot": [-2.02, 28, -9.77],
					"cubes": [
						{"origin": [-2.52, 27.5, -10.77], "size": [1, 2, 2], "uv": [67, 23], "mirror": true},
						{"origin": [-2.53, 27, -9.77], "size": [0, 1, 1], "uv": [67, 23], "mirror": true}
					]
				},
				{
					"name": "eye_angry_right",
					"parent": "eye_right",
					"pivot": [-1.92, 29.25, -10.18],
					"cubes": [
						{"origin": [-2.42, 28.75, -10.68], "size": [1, 1, 1], "inflate": 0.01, "uv": [25, 29], "mirror": true},
						{"origin": [-2.42, 29, -9.68], "size": [0, 1, 1], "inflate": 0.01, "uv": [28, 28], "mirror": true}
					]
				},
				{
					"name": "eye_sad_right",
					"parent": "eye_right",
					"pivot": [-2.42, 29.25, -9.68],
					"cubes": [
						{"origin": [-2.42, 29.25, -10.68], "size": [0, 1, 1], "inflate": 0.01, "uv": [18, -1], "mirror": true},
						{"origin": [-2.42, 29, -9.68], "size": [0, 1, 1], "inflate": 0.01, "uv": [16, 1], "mirror": true}
					]
				},
				{
					"name": "pupil_right",
					"parent": "eye_right",
					"pivot": [-2.02, 28.75, -10.78],
					"cubes": [
						{"origin": [-2.52, 28.25, -10.78], "size": [1, 1, 0], "uv": [71, 24], "mirror": true}
					]
				},
				{
					"name": "eyelid_right",
					"parent": "eye_right",
					"pivot": [-1.93, 28.5, -9.68],
					"cubes": [
						{"origin": [-2.43, 27.5, -10.68], "size": [1, 2, 2], "inflate": 0.01, "uv": [20, 44], "mirror": true}
					]
				},
				{
					"name": "eyelid_happy_right",
					"parent": "eye_right",
					"pivot": [-1.93, 28.5, -9.68],
					"cubes": [
						{"origin": [-2.43, 27.5, -10.68], "size": [1, 2, 2], "inflate": 0.01, "uv": [39, 35], "mirror": true}
					]
				},
				{
					"name": "eyelid_recoil_right",
					"parent": "eye_right",
					"pivot": [-1.93, 28.5, -9.68],
					"cubes": [
						{"origin": [-2.43, 27.5, -10.68], "size": [1, 2, 2], "inflate": 0.01, "uv": [43, 49], "mirror": true}
					]
				},
				{
					"name": "jaw",
					"parent": "head_rotation",
					"pivot": [0, 26.5, -10.75],
					"cubes": [
						{"origin": [-1, 25.5, -12.75], "size": [2, 1, 2], "uv": [0, 11]}
					]
				},
				{
					"name": "muzzle",
					"parent": "head_rotation",
					"pivot": [0, 28.25, -10.75],
					"rotation": [12.5, 0, 0],
					"cubes": [
						{"origin": [-1, 26.25, -13.75], "size": [2, 2, 3], "inflate": 0.01, "uv": [16, 1]},
						{"origin": [-0.5, 27.25, -13.77], "size": [1, 1, 0], "uv": [16, 3]}
					]
				},
				{
					"name": "ears",
					"parent": "head_rotation",
					"pivot": [0, 29.95, -7.75],
					"rotation": [12.5, 0, 0]
				},
				{
					"name": "ear_left",
					"parent": "ears",
					"pivot": [1, 30.5, -7.75],
					"rotation": [0, 0, 12.5],
					"cubes": [
						{"origin": [1, 29.75, -7.75], "size": [2, 4, 0], "uv": [38, 2], "mirror": true}
					]
				},
				{
					"name": "ear_right",
					"parent": "ears",
					"pivot": [-1, 30.5, -7.75],
					"rotation": [0, 0, -12.5],
					"cubes": [
						{"origin": [-3, 29.75, -7.75], "size": [2, 4, 0], "uv": [42, 1]}
					]
				},
				{
					"name": "hair",
					"parent": "head_rotation",
					"pivot": [0, 30.25, -8.25],
					"rotation": [-10, 0, 0],
					"cubes": [
						{"origin": [-1.5, 29.75, -11.3], "size": [3, 5, 8], "uv": [2, 23]}
					]
				},
				{
					"name": "hair_front",
					"parent": "hair",
					"pivot": [0, 32, -11.25],
					"cubes": [
						{"origin": [-1, 30, -13.75], "size": [2, 4, 3], "uv": [0, 24]}
					]
				},
				{
					"name": "hair2",
					"parent": "hair",
					"pivot": [0, 32.25, -3.25],
					"cubes": [
						{"origin": [-1.5, 29.75, -4.3], "size": [3, 5, 6], "inflate": -0.1, "uv": [18, 18]}
					]
				},
				{
					"name": "hair3",
					"parent": "hair2",
					"pivot": [0, 32.25, 1.75],
					"cubes": [
						{"origin": [-2, 29.25, 0.7], "size": [4, 6, 6], "inflate": 0.01, "uv": [30, 23]}
					]
				},
				{
					"name": "hair4",
					"parent": "hair3",
					"pivot": [0, 32.25, 6.75],
					"cubes": [
						{"origin": [-2.5, 29.25, 5.7], "size": [5, 6, 7], "inflate": 0.1, "uv": [50, 23]}
					]
				},
				{
					"name": "hair5",
					"parent": "hair4",
					"pivot": [0, 32.25, 12.75],
					"cubes": [
						{"origin": [-2, 29.75, 11.7], "size": [4, 5, 8], "uv": [66, 28]}
					]
				},
				{
					"name": "hair_bottom",
					"parent": "hair5",
					"pivot": [0, 29.75, 13.75],
					"rotation": [-32.5, 0, 0],
					"cubes": [
						{"origin": [-1, 29.75, 13], "size": [2, 2, 5], "uv": [19, 31]}
					]
				},
				{
					"name": "hair_bottom2",
					"parent": "hair_bottom",
					"pivot": [0, 30.75, 17.5],
					"cubes": [
						{"origin": [-1, 29.75, 17.5], "size": [2, 2, 5], "inflate": 0.01, "uv": [10, 37]}
					]
				},
				{
					"name": "hair_bottom3",
					"parent": "hair_bottom2",
					"pivot": [0, 30.75, 22],
					"cubes": [
						{"origin": [-1, 30.25, 22], "size": [2, 1, 5], "uv": [1, 36]}
					]
				},
				{
					"name": "hair6",
					"parent": "hair5",
					"pivot": [0, 32.25, 19.75],
					"cubes": [
						{"origin": [-1.5, 30.75, 18.7], "size": [3, 3, 5], "uv": [85, 37]}
					]
				},
				{
					"name": "hair7",
					"parent": "hair6",
					"pivot": [0, 32.25, 23.75],
					"cubes": [
						{"origin": [-1.5, 30.75, 22.7], "size": [3, 3, 5], "inflate": 0.1, "uv": [46, 36]}
					]
				},
				{
					"name": "hair8",
					"parent": "hair7",
					"pivot": [0, 32.25, 27.75],
					"cubes": [
						{"origin": [-1, 31.25, 26.7], "size": [2, 2, 8], "uv": [54, 36]}
					]
				},
				{
					"name": "hair_left",
					"parent": "hair",
					"pivot": [2, 31.25, -6.25],
					"rotation": [0, -15, 0],
					"cubes": [
						{"origin": [1, 30.25, -6.25], "size": [4, 1, 1], "uv": [43, 21]}
					]
				},
				{
					"name": "hair_left2",
					"parent": "hair_left",
					"pivot": [4.5, 30.75, -5.75],
					"cubes": [
						{"origin": [4.5, 29.75, -6.75], "size": [5, 2, 2], "inflate": 0.02, "uv": [75, 24]}
					]
				},
				{
					"name": "hair_left3",
					"parent": "hair_left2",
					"pivot": [9.5, 30.75, -5.75],
					"cubes": [
						{"origin": [9, 30.25, -6.75], "size": [4, 1, 2], "uv": [44, 23]}
					]
				},
				{
					"name": "hair_left4",
					"parent": "hair_left3",
					"pivot": [13, 30.75, -5.75],
					"cubes": [
						{"origin": [12.5, 30.25, -6.75], "size": [4, 1, 2], "inflate": 0.01, "uv": [66, 41]}
					]
				},
				{
					"name": "hair_left5",
					"parent": "hair_left4",
					"pivot": [16.5, 30.75, -5.75],
					"cubes": [
						{"origin": [16, 30.25, -6.25], "size": [4, 1, 1], "uv": [73, 47]}
					]
				},
				{
					"name": "hair_right",
					"parent": "hair",
					"pivot": [-2, 31.25, -6.25],
					"rotation": [0, 15, 0],
					"cubes": [
						{"origin": [-5, 30.25, -6.25], "size": [4, 1, 1], "uv": [53, 21], "mirror": true}
					]
				},
				{
					"name": "hair_right2",
					"parent": "hair_right",
					"pivot": [-4.5, 30.75, -5.75],
					"cubes": [
						{"origin": [-9.5, 29.75, -6.75], "size": [5, 2, 2], "inflate": 0.02, "uv": [82, 31], "mirror": true}
					]
				},
				{
					"name": "hair_right3",
					"parent": "hair_right2",
					"pivot": [-9.5, 30.75, -5.75],
					"cubes": [
						{"origin": [-13, 30.25, -6.75], "size": [4, 1, 2], "uv": [44, 26], "mirror": true}
					]
				},
				{
					"name": "hair_right4",
					"parent": "hair_right3",
					"pivot": [-13, 30.75, -5.75],
					"cubes": [
						{"origin": [-16.5, 30.25, -6.75], "size": [4, 1, 2], "inflate": 0.01, "uv": [72, 44], "mirror": true}
					]
				},
				{
					"name": "hair_right5",
					"parent": "hair_right4",
					"pivot": [-16.5, 30.75, -5.75],
					"cubes": [
						{"origin": [-20, 30.25, -6.25], "size": [4, 1, 1], "uv": [84, 45], "mirror": true}
					]
				},
				{
					"name": "tail",
					"parent": "torso",
					"pivot": [0, 17.75, 6.75]
				},
				{
					"name": "tail_middle",
					"parent": "tail",
					"pivot": [0, 19, 7.25]
				},
				{
					"name": "tail_middle_rotation",
					"parent": "tail_middle",
					"pivot": [0, 19, 7.25],
					"cubes": [
						{"origin": [-1, 18, 6.25], "size": [2, 2, 5], "uv": [24, 38]}
					]
				},
				{
					"name": "tail_middle2",
					"parent": "tail_middle_rotation",
					"pivot": [0, 19, 10.25],
					"cubes": [
						{"origin": [-1.5, 17.5, 10.25], "size": [3, 3, 5], "inflate": 0.01, "uv": [21, 45]}
					]
				},
				{
					"name": "tail_middle3",
					"parent": "tail_middle2",
					"pivot": [0, 19, 14.25],
					"cubes": [
						{"origin": [-2, 17, 14.25], "size": [4, 4, 6], "inflate": 0.01, "uv": [32, 39]}
					]
				},
				{
					"name": "tail_middle4",
					"parent": "tail_middle3",
					"pivot": [0, 21, 20.25],
					"cubes": [
						{"origin": [-3, 16.5, 20.25], "size": [6, 5, 8], "inflate": 0.02, "uv": [0, 45]}
					]
				},
				{
					"name": "tail_middle5",
					"parent": "tail_middle4",
					"pivot": [0, 21.5, 28.25],
					"cubes": [
						{"origin": [-3.5, 16, 28.25], "size": [7, 6, 10], "inflate": 0.01, "uv": [42, 46]}
					]
				},
				{
					"name": "tail_middle6",
					"parent": "tail_middle5",
					"pivot": [0, 18.5, 38.25],
					"cubes": [
						{"origin": [-2.5, 16, 37.25], "size": [5, 5, 7], "uv": [25, 55]}
					]
				},
				{
					"name": "tail_middle7",
					"parent": "tail_middle6",
					"pivot": [0, 18.5, 44.25],
					"cubes": [
						{"origin": [-1.5, 17, 43.25], "size": [3, 3, 6], "uv": [0, 58]}
					]
				},
				{
					"name": "tail_middle8",
					"parent": "tail_middle7",
					"pivot": [0, 18.5, 48.25],
					"cubes": [
						{"origin": [-2, 16.5, 48.25], "size": [4, 4, 6], "uv": [43, 62]}
					]
				},
				{
					"name": "tail_middle9",
					"parent": "tail_middle8",
					"pivot": [0, 18.5, 54.25],
					"cubes": [
						{"origin": [-1, 17.5, 53.25], "size": [2, 2, 5], "uv": [16, 62]}
					]
				},
				{
					"name": "tail_left1",
					"parent": "tail",
					"pivot": [0.5, 19, 7.25],
					"rotation": [0, 7.5, 0]
				},
				{
					"name": "tail_left1_rotation",
					"parent": "tail_left1",
					"pivot": [0.5, 19, 7.25],
					"rotation": [0, 5, 0],
					"cubes": [
						{"origin": [-0.5, 18, 6.25], "size": [2, 2, 5], "inflate": 0.01, "uv": [0, 67]}
					]
				},
				{
					"name": "tail_left1_2",
					"parent": "tail_left1_rotation",
					"pivot": [0.5, 19, 10.25],
					"cubes": [
						{"origin": [-1, 17.5, 10.25], "size": [3, 3, 5], "uv": [0, 74]}
					]
				},
				{
					"name": "tail_left1_3",
					"parent": "tail_left1_2",
					"pivot": [0.5, 19, 14.25],
					"cubes": [
						{"origin": [-1.5, 17, 14.25], "size": [4, 4, 6], "uv": [0, 82]}
					]
				},
				{
					"name": "tail_left1_4",
					"parent": "tail_left1_3",
					"pivot": [0.5, 21, 20.25],
					"cubes": [
						{"origin": [-2.5, 16.5, 20.25], "size": [6, 5, 7], "inflate": 0.01, "uv": [34, 72]}
					]
				},
				{
					"name": "tail_left1_5",
					"parent": "tail_left1_4",
					"pivot": [0.5, 21.5, 27.25],
					"cubes": [
						{"origin": [-3, 16, 27.25], "size": [7, 6, 10], "inflate": 0.02, "uv": [10, 86]}
					]
				},
				{
					"name": "tail_left1_6",
					"parent": "tail_left1_5",
					"pivot": [0.5, 18.5, 37.25],
					"cubes": [
						{"origin": [-2, 16, 36.25], "size": [5, 5, 7], "uv": [76, 47]}
					]
				},
				{
					"name": "tail_left1_7",
					"parent": "tail_left1_6",
					"pivot": [0.5, 18.5, 43.25],
					"cubes": [
						{"origin": [-1, 17, 42.25], "size": [3, 3, 6], "uv": [0, 118]}
					]
				},
				{
					"name": "tail_left1_8",
					"parent": "tail_left1_7",
					"pivot": [0.5, 18.5, 47.25],
					"cubes": [
						{"origin": [-1.5, 16.5, 47.25], "size": [4, 4, 6], "uv": [34, 84]}
					]
				},
				{
					"name": "tail_left1_9",
					"parent": "tail_left1_8",
					"pivot": [0.5, 18.5, 53.25],
					"cubes": [
						{"origin": [-0.5, 17.5, 52.25], "size": [2, 2, 5], "uv": [55, 79]}
					]
				},
				{
					"name": "tail_left2",
					"parent": "tail",
					"pivot": [0.5, 19, 7.25],
					"rotation": [0, 17.5, 0]
				},
				{
					"name": "tail_left2_rotation",
					"parent": "tail_left2",
					"pivot": [0.5, 19, 7.25],
					"rotation": [0, 7.5, 0],
					"cubes": [
						{"origin": [-0.5, 18, 6.25], "size": [2, 2, 5], "uv": [65, 84]}
					]
				},
				{
					"name": "tail_left2_2",
					"parent": "tail_left2_rotation",
					"pivot": [0.5, 19, 10.25],
					"cubes": [
						{"origin": [-1, 17.5, 10.25], "size": [3, 3, 5], "inflate": 0.01, "uv": [54, 86]}
					]
				},
				{
					"name": "tail_left2_3",
					"parent": "tail_left2_2",
					"pivot": [0.5, 19, 14.25],
					"cubes": [
						{"origin": [-1.5, 17, 14.25], "size": [4, 4, 5], "inflate": 0.01, "uv": [44, 102]}
					]
				},
				{
					"name": "tail_left2_4",
					"parent": "tail_left2_3",
					"pivot": [0.5, 21, 19.25],
					"cubes": [
						{"origin": [-2, 16.5, 19.25], "size": [5, 5, 7], "inflate": 0.02, "uv": [78, 104]}
					]
				},
				{
					"name": "tail_left2_5",
					"parent": "tail_left2_4",
					"pivot": [0.5, 21.5, 26.25],
					"cubes": [
						{"origin": [-2.5, 16, 26.25], "size": [6, 6, 9], "inflate": 0.01, "uv": [95, 93]}
					]
				},
				{
					"name": "tail_left2_6",
					"parent": "tail_left2_5",
					"pivot": [0.5, 18.5, 35.25],
					"cubes": [
						{"origin": [-2, 16, 34.25], "size": [5, 5, 7], "uv": [74, 89]}
					]
				},
				{
					"name": "tail_left2_7",
					"parent": "tail_left2_6",
					"pivot": [0.5, 18.5, 41.25],
					"cubes": [
						{"origin": [-1, 17, 40.25], "size": [3, 3, 6], "uv": [66, 110]}
					]
				},
				{
					"name": "tail_left2_8",
					"parent": "tail_left2_7",
					"pivot": [0.5, 18.5, 45.25],
					"cubes": [
						{"origin": [-1.5, 16.5, 45.25], "size": [4, 4, 5], "uv": [62, 101]}
					]
				},
				{
					"name": "tail_left2_9",
					"parent": "tail_left2_8",
					"pivot": [0.5, 18.5, 50.25],
					"cubes": [
						{"origin": [-0.5, 17.5, 49.25], "size": [2, 2, 5], "uv": [43, 120]}
					]
				},
				{
					"name": "tail_left3",
					"parent": "tail",
					"pivot": [1, 18.5, 7.25]
				},
				{
					"name": "tail_left3_rotation",
					"parent": "tail_left3",
					"pivot": [1, 18.5, 7.25],
					"rotation": [0, 37.5, 0],
					"cubes": [
						{"origin": [0, 17.5, 7.25], "size": [2, 2, 4], "inflate": 0.01, "uv": [84, 116]}
					]
				},
				{
					"name": "tail_left3_2",
					"parent": "tail_left3_rotation",
					"pivot": [1, 18.5, 10.25],
					"cubes": [
						{"origin": [-0.5, 17, 10.25], "size": [3, 3, 4], "uv": [127, 109]}
					]
				},
				{
					"name": "tail_left3_3",
					"parent": "tail_left3_2",
					"pivot": [1, 18.5, 13.25],
					"cubes": [
						{"origin": [-1, 16.5, 13.25], "size": [4, 4, 5], "uv": [116, 76]}
					]
				},
				{
					"name": "tail_left3_4",
					"parent": "tail_left3_3",
					"pivot": [1, 20.5, 18.25],
					"cubes": [
						{"origin": [-1.5, 16, 18.25], "size": [5, 5, 7], "inflate": 0.01, "uv": [92, 69]}
					]
				},
				{
					"name": "tail_left3_5",
					"parent": "tail_left3_4",
					"pivot": [1, 21, 25.25],
					"cubes": [
						{"origin": [-2, 15.5, 25.25], "size": [6, 6, 9], "inflate": 0.02, "uv": [129, 66]}
					]
				},
				{
					"name": "tail_left3_6",
					"parent": "tail_left3_5",
					"pivot": [1, 18, 34.25],
					"cubes": [
						{"origin": [-1.5, 15.5, 33.25], "size": [5, 5, 6], "uv": [118, 53]}
					]
				},
				{
					"name": "tail_left3_7",
					"parent": "tail_left3_6",
					"pivot": [1, 18, 39.25],
					"cubes": [
						{"origin": [-0.5, 16.5, 38.25], "size": [3, 3, 5], "uv": [93, 46]}
					]
				},
				{
					"name": "tail_left3_8",
					"parent": "tail_left3_7",
					"pivot": [1, 18, 42.25],
					"cubes": [
						{"origin": [-1, 16, 42.25], "size": [4, 4, 5], "uv": [104, 41]}
					]
				},
				{
					"name": "tail_left3_9",
					"parent": "tail_left3_8",
					"pivot": [1, 18, 47.25],
					"cubes": [
						{"origin": [0, 17, 46.25], "size": [2, 2, 5], "uv": [99, 62]}
					]
				},
				{
					"name": "tail_left4",
					"parent": "tail",
					"pivot": [1, 18.5, 7.5],
					"rotation": [0, 25, 0]
				},
				{
					"name": "tail_left4_rotation",
					"parent": "tail_left4",
					"pivot": [1, 18.5, 7.5],
					"rotation": [0, 27.5, 0],
					"cubes": [
						{"origin": [0, 17.5, 7.5], "size": [2, 2, 4], "uv": [128, 9]}
					]
				},
				{
					"name": "tail_left4_2",
					"parent": "tail_left4_rotation",
					"pivot": [1, 18.5, 10.5],
					"cubes": [
						{"origin": [-0.5, 17, 10.5], "size": [3, 3, 4], "inflate": 0.01, "uv": [122, 0]}
					]
				},
				{
					"name": "tail_left4_3",
					"parent": "tail_left4_2",
					"pivot": [1, 18.5, 13.5],
					"cubes": [
						{"origin": [-1, 16.5, 13.5], "size": [4, 4, 5], "inflate": 0.01, "uv": [125, 15]}
					]
				},
				{
					"name": "tail_left4_4",
					"parent": "tail_left4_3",
					"pivot": [1, 20.5, 18.5],
					"cubes": [
						{"origin": [-1.5, 16, 18.5], "size": [5, 5, 6], "inflate": 0.02, "uv": [128, 24]}
					]
				},
				{
					"name": "tail_left4_5",
					"parent": "tail_left4_4",
					"pivot": [1, 21, 24.5],
					"cubes": [
						{"origin": [-2, 15.5, 24.5], "size": [6, 6, 8], "inflate": 0.01, "uv": [150, 22]}
					]
				},
				{
					"name": "tail_left4_6",
					"parent": "tail_left4_5",
					"pivot": [1, 18, 32.5],
					"cubes": [
						{"origin": [-1.5, 15.5, 31.5], "size": [5, 5, 6], "uv": [179, 0]}
					]
				},
				{
					"name": "tail_left4_7",
					"parent": "tail_left4_6",
					"pivot": [1, 18, 37.5],
					"cubes": [
						{"origin": [-0.5, 16.5, 36.5], "size": [3, 3, 4], "uv": [140, 35]}
					]
				},
				{
					"name": "tail_left4_8",
					"parent": "tail_left4_7",
					"pivot": [1, 18, 39.5],
					"cubes": [
						{"origin": [-1, 16, 39.5], "size": [4, 4, 4], "uv": [144, 11]}
					]
				},
				{
					"name": "tail_left4_9",
					"parent": "tail_left4_8",
					"pivot": [1, 18, 43.5],
					"cubes": [
						{"origin": [0, 17, 42.5], "size": [2, 2, 4], "uv": [159, 9]}
					]
				},
				{
					"name": "tail_right1",
					"parent": "tail",
					"pivot": [-0.5, 19, 7.25],
					"rotation": [0, -7.5, 0]
				},
				{
					"name": "tail_right1_rotation",
					"parent": "tail_right1",
					"pivot": [-0.5, 19, 7.25],
					"rotation": [0, -5, 0],
					"cubes": [
						{"origin": [-1.5, 18, 6.25], "size": [2, 2, 5], "inflate": 0.01, "uv": [11, 69], "mirror": true}
					]
				},
				{
					"name": "tail_right1_2",
					"parent": "tail_right1_rotation",
					"pivot": [-0.5, 19, 10.25],
					"cubes": [
						{"origin": [-2, 17.5, 10.25], "size": [3, 3, 5], "uv": [25, 67], "mirror": true}
					]
				},
				{
					"name": "tail_right1_3",
					"parent": "tail_right1_2",
					"pivot": [-0.5, 19, 14.25],
					"cubes": [
						{"origin": [-2.5, 17, 14.25], "size": [4, 4, 6], "uv": [14, 76], "mirror": true}
					]
				},
				{
					"name": "tail_right1_4",
					"parent": "tail_right1_3",
					"pivot": [-0.5, 21, 20.25],
					"cubes": [
						{"origin": [-3.5, 16.5, 20.25], "size": [6, 5, 7], "inflate": 0.01, "uv": [56, 65], "mirror": true}
					]
				},
				{
					"name": "tail_right1_5",
					"parent": "tail_right1_4",
					"pivot": [-0.5, 21.5, 27.25],
					"cubes": [
						{"origin": [-4, 16, 27.25], "size": [7, 6, 10], "inflate": 0.02, "uv": [0, 102], "mirror": true}
					]
				},
				{
					"name": "tail_right1_6",
					"parent": "tail_right1_5",
					"pivot": [-0.5, 18.5, 37.25],
					"cubes": [
						{"origin": [-3, 16, 36.25], "size": [5, 5, 7], "uv": [75, 59], "mirror": true}
					]
				},
				{
					"name": "tail_right1_7",
					"parent": "tail_right1_6",
					"pivot": [-0.5, 18.5, 43.25],
					"cubes": [
						{"origin": [-2, 17, 42.25], "size": [3, 3, 6], "uv": [18, 118], "mirror": true}
					]
				},
				{
					"name": "tail_right1_8",
					"parent": "tail_right1_7",
					"pivot": [-0.5, 18.5, 47.25],
					"cubes": [
						{"origin": [-2.5, 16.5, 47.25], "size": [4, 4, 6], "uv": [24, 102], "mirror": true}
					]
				},
				{
					"name": "tail_right1_9",
					"parent": "tail_right1_8",
					"pivot": [-0.5, 18.5, 53.25],
					"cubes": [
						{"origin": [-1.5, 17.5, 52.25], "size": [2, 2, 5], "uv": [64, 77], "mirror": true}
					]
				},
				{
					"name": "tail_right2",
					"parent": "tail",
					"pivot": [-0.5, 19, 7.25],
					"rotation": [0, -17.5, 0]
				},
				{
					"name": "tail_right2_rotation",
					"parent": "tail_right2",
					"pivot": [-0.5, 19, 7.25],
					"rotation": [0, -7.5, 0],
					"cubes": [
						{"origin": [-1.5, 18, 6.25], "size": [2, 2, 5], "uv": [60, 94], "mirror": true}
					]
				},
				{
					"name": "tail_right2_2",
					"parent": "tail_right2_rotation",
					"pivot": [-0.5, 19, 10.25],
					"cubes": [
						{"origin": [-2, 17.5, 10.25], "size": [3, 3, 5], "inflate": 0.01, "uv": [44, 94], "mirror": true}
					]
				},
				{
					"name": "tail_right2_3",
					"parent": "tail_right2_2",
					"pivot": [-0.5, 19, 14.25],
					"cubes": [
						{"origin": [-2.5, 17, 14.25], "size": [4, 4, 5], "inflate": 0.01, "uv": [30, 113], "mirror": true}
					]
				},
				{
					"name": "tail_right2_4",
					"parent": "tail_right2_3",
					"pivot": [-0.5, 21, 19.25],
					"cubes": [
						{"origin": [-3, 16.5, 19.25], "size": [5, 5, 7], "inflate": 0.02, "uv": [89, 116], "mirror": true}
					]
				},
				{
					"name": "tail_right2_5",
					"parent": "tail_right2_4",
					"pivot": [-0.5, 21.5, 26.25],
					"cubes": [
						{"origin": [-3.5, 16, 26.25], "size": [6, 6, 9], "inflate": 0.01, "uv": [106, 108], "mirror": true}
					]
				},
				{
					"name": "tail_right2_6",
					"parent": "tail_right2_5",
					"pivot": [-0.5, 18.5, 35.25],
					"cubes": [
						{"origin": [-3, 16, 34.25], "size": [5, 5, 7], "uv": [74, 77], "mirror": true}
					]
				},
				{
					"name": "tail_right2_7",
					"parent": "tail_right2_6",
					"pivot": [-0.5, 18.5, 41.25],
					"cubes": [
						{"origin": [-2, 17, 40.25], "size": [3, 3, 6], "uv": [71, 119], "mirror": true}
					]
				},
				{
					"name": "tail_right2_8",
					"parent": "tail_right2_7",
					"pivot": [-0.5, 18.5, 45.25],
					"cubes": [
						{"origin": [-2.5, 16.5, 45.25], "size": [4, 4, 5], "uv": [48, 111], "mirror": true}
					]
				},
				{
					"name": "tail_right2_9",
					"parent": "tail_right2_8",
					"pivot": [-0.5, 18.5, 50.25],
					"cubes": [
						{"origin": [-1.5, 17.5, 49.25], "size": [2, 2, 5], "uv": [57, 120], "mirror": true}
					]
				},
				{
					"name": "tail_right3",
					"parent": "tail",
					"pivot": [-1, 18.5, 7.25]
				},
				{
					"name": "tail_right3_rotation",
					"parent": "tail_right3",
					"pivot": [-1, 18.5, 7.25],
					"rotation": [0, -37.5, 0],
					"cubes": [
						{"origin": [-2, 17.5, 7.25], "size": [2, 2, 4], "inflate": 0.01, "uv": [103, 108], "mirror": true}
					]
				},
				{
					"name": "tail_right3_2",
					"parent": "tail_right3_rotation",
					"pivot": [-1, 18.5, 10.25],
					"cubes": [
						{"origin": [-2.5, 17, 10.25], "size": [3, 3, 4], "uv": [132, 119], "mirror": true}
					]
				},
				{
					"name": "tail_right3_3",
					"parent": "tail_right3_2",
					"pivot": [-1, 18.5, 13.25],
					"cubes": [
						{"origin": [-3, 16.5, 13.25], "size": [4, 4, 5], "uv": [127, 100], "mirror": true}
					]
				},
				{
					"name": "tail_right3_4",
					"parent": "tail_right3_3",
					"pivot": [-1, 20.5, 18.25],
					"cubes": [
						{"origin": [-3.5, 16, 18.25], "size": [5, 5, 7], "inflate": 0.01, "uv": [98, 81], "mirror": true}
					]
				},
				{
					"name": "tail_right3_5",
					"parent": "tail_right3_4",
					"pivot": [-1, 21, 25.25],
					"cubes": [
						{"origin": [-4, 15.5, 25.25], "size": [6, 6, 9], "inflate": 0.02, "uv": [116, 85], "mirror": true}
					]
				},
				{
					"name": "tail_right3_6",
					"parent": "tail_right3_5",
					"pivot": [-1, 18, 34.25],
					"cubes": [
						{"origin": [-3.5, 15.5, 33.25], "size": [5, 5, 6], "uv": [116, 64], "mirror": true}
					]
				},
				{
					"name": "tail_right3_7",
					"parent": "tail_right3_6",
					"pivot": [-1, 18, 39.25],
					"cubes": [
						{"origin": [-2.5, 16.5, 38.25], "size": [3, 3, 5], "uv": [95, 54], "mirror": true}
					]
				},
				{
					"name": "tail_right3_8",
					"parent": "tail_right3_7",
					"pivot": [-1, 18, 42.25],
					"cubes": [
						{"origin": [-3, 16, 42.25], "size": [4, 4, 5], "uv": [106, 50], "mirror": true}
					]
				},
				{
					"name": "tail_right3_9",
					"parent": "tail_right3_8",
					"pivot": [-1, 18, 47.25],
					"cubes": [
						{"origin": [-2, 17, 46.25], "size": [2, 2, 5], "uv": [108, 59], "mirror": true}
					]
				},
				{
					"name": "tail_right4",
					"parent": "tail",
					"pivot": [-1, 18.5, 7.5],
					"rotation": [0, -25, 0]
				},
				{
					"name": "tail_right4_rotation",
					"parent": "tail_right4",
					"pivot": [-1, 18.5, 7.5],
					"rotation": [0, -27.5, 0],
					"cubes": [
						{"origin": [-2, 17.5, 7.5], "size": [2, 2, 4], "uv": [136, 7], "mirror": true}
					]
				},
				{
					"name": "tail_right4_2",
					"parent": "tail_right4_rotation",
					"pivot": [-1, 18.5, 10.5],
					"cubes": [
						{"origin": [-2.5, 17, 10.5], "size": [3, 3, 4], "inflate": 0.01, "uv": [136, 0], "mirror": true}
					]
				},
				{
					"name": "tail_right4_3",
					"parent": "tail_right4_2",
					"pivot": [-1, 18.5, 13.5],
					"cubes": [
						{"origin": [-3, 16.5, 13.5], "size": [4, 4, 5], "inflate": 0.01, "uv": [145, 2], "mirror": true}
					]
				},
				{
					"name": "tail_right4_4",
					"parent": "tail_right4_3",
					"pivot": [-1, 20.5, 18.5],
					"cubes": [
						{"origin": [-3.5, 16, 18.5], "size": [5, 5, 6], "inflate": 0.02, "uv": [118, 35], "mirror": true}
					]
				},
				{
					"name": "tail_right4_5",
					"parent": "tail_right4_4",
					"pivot": [-1, 21, 24.5],
					"cubes": [
						{"origin": [-4, 15.5, 24.5], "size": [6, 6, 8], "inflate": 0.01, "uv": [146, 36], "mirror": true}
					]
				},
				{
					"name": "tail_right4_6",
					"parent": "tail_right4_5",
					"pivot": [-1, 18, 32.5],
					"cubes": [
						{"origin": [-3.5, 15.5, 31.5], "size": [5, 5, 6], "uv": [165, 11], "mirror": true}
					]
				},
				{
					"name": "tail_right4_7",
					"parent": "tail_right4_6",
					"pivot": [-1, 18, 37.5],
					"cubes": [
						{"origin": [-2.5, 16.5, 36.5], "size": [3, 3, 4], "uv": [122, 46], "mirror": true}
					]
				},
				{
					"name": "tail_right4_8",
					"parent": "tail_right4_7",
					"pivot": [-1, 18, 39.5],
					"cubes": [
						{"origin": [-3, 16, 39.5], "size": [4, 4, 4], "uv": [163, 1], "mirror": true}
					]
				},
				{
					"name": "tail_right4_9",
					"parent": "tail_right4_8",
					"pivot": [-1, 18, 43.5],
					"cubes": [
						{"origin": [-2, 17, 42.5], "size": [2, 2, 4], "uv": [144, 19], "mirror": true}
					]
				},
				{
					"name": "legs",
					"parent": "body",
					"pivot": [0, 15.25, -0.75]
				},
				{
					"name": "leg_front_left",
					"parent": "legs",
					"pivot": [2.5, 15.5, -7.5],
					"cubes": [
						{"origin": [1, 10, -9], "size": [3, 7, 3], "uv": [31, 13], "mirror": true}
					]
				},
				{
					"name": "leg_front_left2",
					"parent": "leg_front_left",
					"pivot": [2.5, 10, -6.25],
					"cubes": [
						{"origin": [1.5, 5.5, -8.25], "size": [2, 5, 2], "uv": [75, 0], "mirror": true}
					]
				},
				{
					"name": "leg_front_left3",
					"parent": "leg_front_left2",
					"pivot": [2.5, 5.5, -8.25],
					"cubes": [
						{"origin": [1.5, 0.5, -8.25], "size": [2, 5, 2], "uv": [83, 0], "mirror": true}
					]
				},
				{
					"name": "foot_front_left",
					"parent": "leg_front_left3",
					"pivot": [2.5, 1.2, -7.25],
					"cubes": [
						{"origin": [1.5, 0, -9.75], "size": [2, 2, 3], "inflate": 0.01, "uv": [55, 0], "mirror": true},
						{"origin": [2, -0.02, -8.75], "size": [1, 0, 1], "uv": [56, 36]}
					]
				},
				{
					"name": "leg_back_left",
					"parent": "legs",
					"pivot": [2.5, 16, 6.5],
					"rotation": [-5, 0, 0],
					"cubes": [
						{"origin": [0.5, 11, 3.5], "size": [4, 8, 6], "inflate": 0.02, "uv": [89, 17], "mirror": true}
					]
				},
				{
					"name": "leg_back_left2",
					"parent": "leg_back_left",
					"pivot": [2.5, 11, 4],
					"rotation": [55, 0, 0],
					"cubes": [
						{"origin": [1, 4, 4], "size": [3, 7, 3], "inflate": 0.01, "uv": [110, 0], "mirror": true}
					]
				},
				{
					"name": "leg_back_left3",
					"parent": "leg_back_left2",
					"pivot": [2.5, 4, 7],
					"rotation": [-65, 0, 0],
					"cubes": [
						{"origin": [1.5, -5, 5], "size": [2, 9, 2], "uv": [120, 8], "mirror": true}
					]
				},
				{
					"name": "foot_back_left",
					"parent": "leg_back_left3",
					"pivot": [2.5, -4.4, 6],
					"rotation": [15, 0, 0],
					"cubes": [
						{"origin": [1.5, -5.6, 3.5], "size": [2, 2, 3], "inflate": 0.01, "uv": [118, 23], "mirror": true},
						{"origin": [2, -5.62, 4.5], "size": [1, 0, 1], "uv": [56, 37]}
					]
				},
				{
					"name": "leg_front_right",
					"parent": "legs",
					"pivot": [-2.5, 15.5, -7.5],
					"cubes": [
						{"origin": [-4, 10, -9], "size": [3, 7, 3], "uv": [43, 11]}
					]
				},
				{
					"name": "leg_front_right2",
					"parent": "leg_front_right",
					"pivot": [-2.5, 10, -6.25],
					"cubes": [
						{"origin": [-3.5, 5.5, -8.25], "size": [2, 5, 2], "uv": [60, 5]}
					]
				},
				{
					"name": "leg_front_right3",
					"parent": "leg_front_right2",
					"pivot": [-2.5, 5.5, -8.25],
					"cubes": [
						{"origin": [-3.5, 0.5, -8.25], "size": [2, 5, 2], "uv": [55, 12]}
					]
				},
				{
					"name": "foot_front_right",
					"parent": "leg_front_right3",
					"pivot": [-2.5, 1.2, -7.25],
					"cubes": [
						{"origin": [-3.5, 0, -9.75], "size": [2, 2, 3], "inflate": 0.01, "uv": [65, 0]},
						{"origin": [-3, -0.02, -8.75], "size": [1, 0, 1], "uv": [58, 36], "mirror": true}
					]
				},
				{
					"name": "leg_back_right",
					"parent": "legs",
					"pivot": [-2.5, 16, 6.5],
					"rotation": [-5, 0, 0],
					"cubes": [
						{"origin": [-4.5, 11, 3.5], "size": [4, 8, 6], "inflate": 0.02, "uv": [104, 27]}
					]
				},
				{
					"name": "leg_back_right2",
					"parent": "leg_back_right",
					"pivot": [-2.5, 11, 4],
					"rotation": [55, 0, 0],
					"cubes": [
						{"origin": [-4, 4, 4], "size": [3, 7, 3], "inflate": 0.01, "uv": [109, 16]}
					]
				},
				{
					"name": "leg_back_right3",
					"parent": "leg_back_right2",
					"pivot": [-2.5, 4, 7],
					"rotation": [-65, 0, 0],
					"cubes": [
						{"origin": [-3.5, -5, 5], "size": [2, 9, 2], "uv": [96, 31]}
					]
				},
				{
					"name": "foot_back_right",
					"parent": "leg_back_right3",
					"pivot": [-2.5, -4.4, 6],
					"rotation": [15, 0, 0],
					"cubes": [
						{"origin": [-3.5, -5.6, 3.5], "size": [2, 2, 3], "inflate": 0.01, "uv": [118, 28]},
						{"origin": [-3, -5.62, 4.5], "size": [1, 0, 1], "uv": [58, 37], "mirror": true}
					]
				}
			]
		}
	]
}