{
  "target": "cobblemon:dragonite",
   "riding": {
    "behaviours": {
      "AIR": {
        "key": "cobblemon:air/jet",
        "rideSounds": [
          {
            "muffleEnabled": true,
            "pitchExpr": "math.max(1.0 ,0.2 + math.pow(math.min(q.ride_velocity() / 1.5, 1.0),2))",
            "playForNonPassengers": true,
            "soundLocation": "cobblemon:ride.loop.wind",
            "volumeExpr": "math.pow(math.min(q.ride_velocity() / 1.5, 1.0),2)"
          },
          {
            "muffleEnabled": true,
            "pitchExpr": "math.max(1.0 ,0.2 + math.pow(math.min(q.ride_velocity() / 1.5, 1.0),2))",
            "playForNonPassengers": true,
            "soundLocation": "cobblemon:ride.loop.leather",
            "volumeExpr": "math.pow(math.min(q.ride_velocity() / 1.5, 1.0),2)"
          }
        ],
        "stats": {
          "ACCELERATION": "35-50",
          "JUMP": "50-70",
          "SKILL": "50-85",
          "SPEED": "40-60",
          "STAMINA": "99999-99999"
        }
      },
      "LAND": {
        "key": "cobblemon:land/horse",
        "rideSounds": [],
        "canJump": false,
        "canSprint": false,
        "stats": {
          "ACCELERATION": "10-40",
          "JUMP": "10-40",
          "SKILL": "80-100",
          "SPEED": "10-40",
          "STAMINA": "99999-99999"
        }
      },
      "LIQUID": {
        "key": "cobblemon:liquid/dolphin",
        "rideSounds": [],
        "stats": {
          "ACCELERATION": "30-65",
          "JUMP": "55-85",
          "SKILL": "35-50",
          "SPEED": "30-50",
          "STAMINA": "99999-99999"
        }
      }
    },
    "seats": [
      {
        "offset": {
          "x": 0.0,
          "y": 0.0,
          "z": 0.0
        },
        "poseOffsets": [
          {
            "offset": {
              "x": 0.021356618,
              "y": -2.344187,
              "z": 0.5490737
            },
            "poseTypes": [
              "STAND"
            ]
          },
          {
            "offset": {
              "x": 0.0,
              "y": -2.445063,
              "z": 0.2567628
            },
            "poseTypes": [
              "WALK"
            ]
          },
          {
            "offset": {
              "x": 0.0,
              "y": -2.9378457,
              "z": -0.09655255
            },
            "poseTypes": [
              "HOVER"
            ]
          },
          {
            "offset": {
              "x": 0.077452004,
              "y": -2.4028728,
              "z": -1.6948626
            },
            "poseTypes": [
              "FLY"
            ]
          },
          {
            "offset": {
              "x": 0.0,
              "y": -2.8833656,
              "z": -0.31817627
            },
            "poseTypes": [
              "FLOAT"
            ]
          },
          {
            "offset": {
              "x": -0.07715149,
              "y": -2.3471386,
              "z": -0.7238912
            },
            "poseTypes": [
              "SWIM"
            ]
          },
          {
            "offset": {
              "x": 0.116776176,
              "y": -1.7370732,
              "z": -1.2897167
            },
            "poseTypes": [
              "GLIDE"
            ]
          }
        ]
      },
      {
        "offset": {
          "x": 0.0,
          "y": 0.0,
          "z": 0.0
        },
        "poseOffsets": [
          {
            "offset": {
              "x": 0.078929044,
              "y": -0.9601451,
              "z": 0.8168658
            },
            "poseTypes": [
              "STAND"
            ]
          },
          {
            "offset": {
              "x": 0.048191544,
              "y": -1.1023483,
              "z": 0.7935105
            },
            "poseTypes": [
              "WALK"
            ]
          },
          {
            "offset": {
              "x": 0.048025314,
              "y": -1.4450443,
              "z": 0.8697953
            },
            "poseTypes": [
              "HOVER"
            ]
          },
          {
            "offset": {
              "x": -0.0601859,
              "y": -1.9207995,
              "z": 0.5978441
            },
            "poseTypes": [
              "FLY"
            ]
          },
          {
            "offset": {
              "x": 0.047708552,
              "y": -1.5062196,
              "z": 0.89167714
            },
            "poseTypes": [
              "FLOAT"
            ]
          },
          {
            "offset": {
              "x": -0.015301697,
              "y": -1.8544941,
              "z": 1.1480577
            },
            "poseTypes": [
              "SWIM"
            ]
          },
          {
            "offset": {
              "x": 0.1470841,
              "y": -1.1569864,
              "z": -0.24647084
            },
            "poseTypes": [
              "GLIDE"
            ]
          }
        ]
      }
    ]
  }
}