{
  "target": "cobblemon:latias",
  "riding": {
    "behaviours": {
      "AIR": {
        "speed": "Math.clamp(q.entity.velocity.horizontal_magnitude + 0.33, 0, 1)",
        "key": "cobblemon:air/jet",
        "rideSounds": [
          {
            "muffleEnabled": true,
            "pitchExpr": "math.max(1.0 ,0.2 + math.pow(math.min(q.ride_velocity() / 1.5, 1.0),2))",
            "playForNonPassengers": true,
            "soundLocation": "cobblemon:ride.loop.wind",
            "volumeExpr": "math.pow(math.min(q.ride_velocity() / 1.5, 1.0),2)"
          }
        ],
        "gravity": "q.gravity * (0.1 + (q.passenger_count - 1) * 0.1)",
        "jumpVector": [
          0,
          "0.3*q.jump_strength/50",
          0
        ],
        "stats": {
          "ACCELERATION": "70-95",
          "JUMP": "85-100",
          "SKILL": "70-95",
          "SPEED": "75-90",
          "STAMINA": "99999-99999"
        }
      },
      "LAND": {
        "key": "cobblemon:land/horse",
        "rideSounds": [],
        "canJump": false,
        "canSprint": false,
        "stats": {
          "ACCELERATION": "10-40",
          "JUMP": "10-40",
          "SKILL": "80-100",
          "SPEED": "10-40",
          "STAMINA": "99999-99999"
        }
      }
    },
    "seats": [
      {
        "offset": {
          "x": 0.0,
          "y": 0.0,
          "z": 0.0
        },
        "poseOffsets": [
          {
            "offset": {
              "x": 0.0,
              "y": -1.79316,
              "z": 0.7641932
            },
            "poseTypes": [
              "STAND"
            ]
          },
          {
            "offset": {
              "x": 0.0,
              "y": -2.0687745,
              "z": 0.5822059
            },
            "poseTypes": [
              "WALK"
            ]
          },
          {
            "offset": {
              "x": 0.0,
              "y": -1.79316,
              "z": 0.7641932
            },
            "poseTypes": [
              "HOVER"
            ]
          },
          {
            "offset": {
              "x": 0.35303587,
              "y": -1.1183715,
              "z": -0.25105122
            },
            "poseTypes": [
              "FLY"
            ]
          },
          {
            "offset": {
              "x": -0.016359132,
              "y": -2.2029357,
              "z": 0.8644739
            },
            "poseTypes": [
              "FLOAT"
            ]
          },
          {
            "offset": {
              "x": -0.016359132,
              "y": -2.2029357,
              "z": 0.8644739
            },
            "poseTypes": [
              "SWIM"
            ]
          },
          {
            "offset": {
              "x": -0.016359132,
              "y": -2.2029357,
              "z": 0.8644739
            },
            "poseTypes": [
              "GLIDE"
            ]
          }
        ]
      }
    ]
  }
}