{
    "pools": [
        {
            "rolls": 4,
            "entries": [
                {
                    "type": "minecraft:item",
                    "weight": 10,
                    "name": "minecraft:prismarine_shard",
                    "functions": [
                        {
                            "function": "minecraft:set_count",
                            "count": {
                                "min": 2,
                                "max": 6
                            }
                        }
                    ],
                    "conditions": [
                        {
                            "condition": "minecraft:random_chance",
                            "chance": 0.5
                        }
                    ]
                },
                {
                    "type": "minecraft:item",
                    "weight": 4,
                    "name": "minecraft:sea_lantern",
                    "functions": [
                        {
                            "function": "minecraft:set_count",
                            "count": {
                                "min": 1,
                                "max": 3
                            }
                        }
                    ],
                    "conditions": [
                        {
                            "condition": "minecraft:random_chance",
                            "chance": 0.5
                        }
                    ]
                },
                {
                    "type": "minecraft:item",
                    "weight": 6,
                    "name": "minecraft:gold_ingot",
                    "functions": [
                        {
                            "function": "minecraft:set_count",
                            "count": {
                                "min": 3,
                                "max": 7
                            }
                        }
                    ],
                    "conditions": [
                        {
                            "condition": "minecraft:random_chance",
                            "chance": 0.7
                        }
                    ]
                },
                {
                    "type": "minecraft:item",
                    "weight": 3,
                    "name": "minecraft:gold_block",
                    "functions": [
                        {
                            "function": "minecraft:set_count",
                            "count": {
                                "min": 1,
                                "max": 1
                            }
                        }
                    ]
                },
                {
                    "type": "minecraft:item",
                    "weight": 3,
                    "name": "minecraft:glow_ink_sac",
                    "functions": [
                        {
                            "function": "minecraft:set_count",
                            "count": {
                                "min": 5,
                                "max": 12
                            }
                        }
                    ]
                }
            ]
        },
        {
            "rolls": 1,
            "entries": [
                {
                    "type": "minecraft:item",
                    "weight": 20,
                    "name": "minecraft:golden_helmet",
                    "functions": [
                        {
                            "function": "minecraft:enchant_with_levels",
                            "levels": {
                                "min": 6,
                                "max": 22
                            },
                            "options": "#minecraft:on_random_loot",
                            "conditions": [
                                {
                                    "condition": "minecraft:random_chance",
                                    "chance": 0.5
                                }
                            ]
                        },
                        {
                            "function": "minecraft:set_damage",
                            "damage": {
                                "min": 0.2,
                                "max": 1
                            },
                            "conditions": [
                                {
                                    "condition": "minecraft:random_chance",
                                    "chance": 0.4
                                }
                            ]
                        }
                    ]
                },
                {
                    "type": "minecraft:item",
                    "weight": 16,
                    "name": "minecraft:golden_chestplate",
                    "functions": [
                        {
                            "function": "minecraft:enchant_with_levels",
                            "levels": {
                                "min": 10,
                                "max": 18
                            },
                            "options": "#minecraft:on_random_loot",
                            "conditions": [
                                {
                                    "condition": "minecraft:random_chance",
                                    "chance": 0.5
                                }
                            ]
                        },
                        {
                            "function": "minecraft:set_damage",
                            "damage": {
                                "min": 0.2,
                                "max": 0.8
                            }
                        }
                    ]
                },
                {
                    "type": "minecraft:item",
                    "weight": 31,
                    "name": "minecraft:golden_spear",
                    "functions": [
                        {
                            "function": "minecraft:enchant_with_levels",
                            "levels": {
                                "min": 10,
                                "max": 18
                            },
                            "options": "#minecraft:on_random_loot",
                            "conditions": [
                                {
                                    "condition": "minecraft:random_chance",
                                    "chance": 0.5
                                }
                            ]
                        },
                        {
                            "function": "minecraft:set_damage",
                            "damage": {
                                "min": 0.2,
                                "max": 0.8
                            }
                        }
                    ]
                },
                {
                    "type": "minecraft:item",
                    "weight": 5,
                    "name": "minecraft:trident",
                    "functions": [
                        {
                            "function": "minecraft:set_damage",
                            "damage": {
                                "min": 0.5,
                                "max": 0.95
                            }
                        }
                    ]
                },
                {
                    "type": "minecraft:item",
                    "weight": 30,
                    "name": "minecraft:golden_apple"
                },
                {
                    "type": "minecraft:item",
                    "weight": 5,
                    "name": "minecraft:enchanted_golden_apple"
                },
                {
                    "type": "minecraft:item",
                    "weight": 5,
                    "name": "minecraft:music_disc_strad"
                },
                {
                    "type": "minecraft:item",
                    "weight": 10,
                    "name": "minecraft:tide_armor_trim_smithing_template",
                    "functions": [
                        {
                            "function": "minecraft:set_count",
                            "count": {
                                "min": 1,
                                "max": 2
                            }
                        }
                    ]
                }
            ],
            "conditions": [
                {
                    "condition": "minecraft:random_chance",
                    "chance": 0.6
                }
            ]
        }
    ]
}