{
	"format_version": "1.12.0",
	"minecraft:geometry": [
		{
			"description": {
				"identifier": "geometry.fuecoco",
				"texture_width": 64,
				"texture_height": 128,
				"visible_bounds_width": 3,
				"visible_bounds_height": 3.5,
				"visible_bounds_offset": [0, 1.25, 0]
			},
			"bones": [
				{
					"name": "fuecoco",
					"pivot": [0, 0, 0]
				},
				{
					"name": "body",
					"parent": "fuecoco",
					"pivot": [0, 9.25, -0.5]
				},
				{
					"name": "torso",
					"parent": "body",
					"pivot": [0, 4.5, -0.5],
					"cubes": [
						{"origin": [-5, 2.25, -5.5], "size": [10, 6, 10], "uv": [0, 0]},
						{"origin": [-5, 8.25, -1.5], "size": [10, 1, 6], "uv": [30, 0]},
						{"origin": [-2.5, 3.25, -5.5], "size": [5, 3, 0], "inflate": 0.01, "uv": [0, 0]}
					]
				},
				{
					"name": "head",
					"parent": "torso",
					"pivot": [0, 9.25, -1.5],
					"cubes": [
						{"origin": [-5, 12.25, -3.5], "size": [10, 5, 2], "uv": [28, 33]},
						{"origin": [-5, 9.25, -1.5], "size": [10, 8, 6], "inflate": 0.02, "uv": [0, 16]}
					]
				},
				{
					"name": "eyes",
					"parent": "head",
					"pivot": [0.5, -0.5, 0.25]
				},
				{
					"name": "eye_right",
					"parent": "eyes",
					"pivot": [-2.5, 14, -3.5],
					"cubes": [
						{"origin": [-3.5, 12.5, -3.5], "size": [2, 3, 0], "inflate": 0.01, "uv": [4, 47], "mirror": true},
						{"origin": [-2.75, 13, -3.5], "size": [1, 2, 0], "inflate": 0.02, "uv": [0, 42], "mirror": true}
					]
				},
				{
					"name": "eyelid_right",
					"parent": "eye_right",
					"pivot": [-2.5, 14, -2.9],
					"cubes": [
						{"origin": [-3.5, 12.5, -3.4], "size": [2, 3, 1], "inflate": 0.03, "uv": [0, 50], "mirror": true}
					]
				},
				{
					"name": "eye_left",
					"parent": "eyes",
					"pivot": [2.5, 14, -3.5],
					"cubes": [
						{"origin": [1.5, 12.5, -3.5], "size": [2, 3, 0], "inflate": 0.01, "uv": [0, 47]},
						{"origin": [1.75, 13, -3.5], "size": [1, 2, 0], "inflate": 0.02, "uv": [6, 42]}
					]
				},
				{
					"name": "eyelid_left",
					"parent": "eye_left",
					"pivot": [2.5, 14, -3.4],
					"cubes": [
						{"origin": [1.5, 12.5, -3.4], "size": [2, 3, 1], "inflate": 0.03, "uv": [0, 50]}
					]
				},
				{
					"name": "top_jaw",
					"parent": "head",
					"pivot": [0, 9.25, -1.55],
					"cubes": [
						{"origin": [-5, 9.25, -7.4], "size": [10, 3, 6], "inflate": 0.01, "uv": [26, 24]},
						{"origin": [-2, 7.75, -7.15], "size": [4, 3, 0], "uv": [30, 7]},
						{"origin": [-2, 11, -7.4], "size": [4, 1, 0], "inflate": 0.02, "uv": [22, 33]}
					]
				},
				{
					"name": "fire_top_front",
					"parent": "head",
					"pivot": [0, 17.25, -1.75],
					"rotation": [17.5, 0, 0],
					"cubes": [
						{"origin": [0, 16.25, -3.75], "size": [0, 7, 3], "inflate": 0.01, "uv": [0, 0]}
					]
				},
				{
					"name": "fire_top_back",
					"parent": "head",
					"pivot": [0, 17.25, -1.25],
					"rotation": [-15, 0, 0],
					"cubes": [
						{"origin": [0, 17.25, -1.25], "size": [0, 4, 2], "uv": [6, 1]}
					]
				},
				{
					"name": "hat",
					"parent": "head",
					"pivot": [0, 0, 0],
					"cubes": [
						{"origin": [-3, 22, 3], "size": [6, 1, 6], "pivot": [0, 23, 6], "rotation": [-25, 0, 0], "uv": [40, 121]},
						{"origin": [-4, 18, 0], "size": [8, 5, 7], "pivot": [0, 18, 4], "rotation": [-25, 0, 0], "uv": [1, 114]},
						{"origin": [-2, 16, 0], "size": [4, 3, 5], "pivot": [0, 16, 2], "rotation": [-25, 0, 0], "uv": [17, 60]}
					]
				},
				{
					"name": "jaw",
					"parent": "torso",
					"pivot": [0, 9.25, -1.5],
					"cubes": [
						{"origin": [-5, 8.25, -6.5], "size": [10, 1, 5], "inflate": 0.01, "uv": [26, 16]},
						{"origin": [-4.6, 8.75, -6], "size": [1, 1, 0], "pivot": [-4.1, 9.25, -6], "rotation": [-24.25045, 22.32924, -49.856], "uv": [6, 9]},
						{"origin": [3.6, 8.75, -6], "size": [1, 1, 0], "pivot": [4.1, 9.25, -6], "rotation": [-24.25045, -22.32924, 49.856], "uv": [8, 9]}
					]
				},
				{
					"name": "hand_right",
					"parent": "torso",
					"pivot": [-5, 7, -4],
					"rotation": [15, 0, 0],
					"cubes": [
						{"origin": [-5.75, 6, -6.5], "size": [1, 2, 3], "uv": [36, 40]}
					]
				},
				{
					"name": "hand_left",
					"parent": "torso",
					"pivot": [5, 7, -4],
					"rotation": [15, 0, 0],
					"cubes": [
						{"origin": [4.75, 6, -6.5], "size": [1, 2, 3], "uv": [0, 42]}
					]
				},
				{
					"name": "tail",
					"parent": "torso",
					"pivot": [0, 5, 4.5],
					"rotation": [-5, 0, 0],
					"cubes": [
						{"origin": [-4, 2, 1.5], "size": [8, 6, 6], "uv": [0, 30]}
					]
				},
				{
					"name": "tail2",
					"parent": "tail",
					"pivot": [0, 2, 7.5],
					"cubes": [
						{"origin": [-2.5, 2, 7.5], "size": [5, 4, 4], "uv": [40, 7]}
					]
				},
				{
					"name": "apron",
					"parent": "torso",
					"pivot": [0, 0, 0],
					"cubes": [
						{"origin": [0.5, 5, -6.3], "size": [2, 2, 0], "pivot": [2, 5, -8], "rotation": [-31.16235, -8.31087, -18.25612], "uv": [27, 118], "mirror": true},
						{"origin": [-0.5, 5, -6], "size": [1, 1, 0], "pivot": [-1, 5, -6], "rotation": [-20, 0, 0], "uv": [56, 105]},
						{"origin": [-2.5, 5, -6.3], "size": [2, 2, 0], "pivot": [-2, 5, -8], "rotation": [-31.16235, 8.31087, 18.25612], "uv": [27, 118]},
						{"origin": [-1, 8, 5], "size": [2, 2, 0], "uv": [0, 107]},
						{"origin": [-2, 8, 5], "size": [2, 2, 0], "pivot": [-1, 8, 6], "rotation": [2.71994, 19.82169, 7.97532], "uv": [0, 118]},
						{"origin": [0, 8, 5], "size": [2, 2, 0], "pivot": [1, 8, 6], "rotation": [2.71994, -19.82169, -7.97532], "uv": [0, 118], "mirror": true},
						{"origin": [-5, 1, -6], "size": [10, 5, 0], "pivot": [0, 4, -5], "rotation": [-17.5, 0, 0], "uv": [43, 115]}
					]
				},
				{
					"name": "leg_right",
					"parent": "body",
					"pivot": [-4.5, 4.5, -0.5],
					"cubes": [
						{"origin": [-6.5, 0, -3], "size": [4, 6, 5], "uv": [23, 40]},
						{"origin": [-6, 0, -1.75], "size": [3, 0, 3], "inflate": 0.01, "uv": [5, 42]},
						{"origin": [-3.5, 0, -4], "size": [0, 2, 1], "pivot": [-3.5, 1, -3], "rotation": [0, 5, 0], "uv": [8, 6]},
						{"origin": [-5.5, 0, -4], "size": [0, 2, 1], "pivot": [-5.5, 1, -3], "rotation": [0, -5, 0], "uv": [6, 6]}
					]
				},
				{
					"name": "leg_left",
					"parent": "body",
					"pivot": [4.5, 4.5, -0.5],
					"cubes": [
						{"origin": [2.5, 0, -3], "size": [4, 6, 5], "uv": [41, 40]},
						{"origin": [3, 0, -1.75], "size": [3, 0, 3], "inflate": 0.01, "uv": [11, 42]},
						{"origin": [3.5, 0, -4], "size": [0, 2, 1], "pivot": [3.5, 1, -3], "rotation": [0, -5, 0], "uv": [0, 15]},
						{"origin": [5.5, 0, -4], "size": [0, 2, 1], "pivot": [5.5, 1, -3], "rotation": [0, 5, 0], "uv": [2, 15]}
					]
				}
			]
		}
	]
}