{
  "type": "minecraft:block",
  "pools": [
    {
      "rolls": 1,
      "entries": [
        {
          "type": "minecraft:item",
          "name": "minecraft:spawner",
          "conditions": [
            {
              "condition": "minecraft:entity_scores",
              "entity": "this",
              "scores": {
                "break_spawner.mineablespawner": 0
              }
            },
            {
              "condition": "minecraft:match_tool",
              "predicate": {
                "items": "#minecraft:pickaxes"
              }
            }
          ]
        },
        {
          "type": "minecraft:item",
          "name": "minecraft:spawner",
          "conditions": [
            {
              "condition": "minecraft:entity_scores",
              "entity": "this",
              "scores": {
                "break_spawner.mineablespawner": 1
              }
            },
            {
              "condition": "minecraft:match_tool",
              "predicate": {
                "items": "#minecraft:pickaxes",
                "components": {
                  "minecraft:enchantments": {
                    "minecraft:silk_touch": 1
                  }
                }
              }
            }
          ]
        }
      ]
    }
  ]
}
