{
    "type": "minecraft:crafting_shaped",
    "pattern": [
        "X1X",
        "2G2",
        "X1X"
    ],
    "key": {
        "G": {
            "item": "cobblemon:master_ball"
        },
        "1": {
            "item": "minecraft:netherite_ingot"
        },
        "2": {
            "item": "cobblemon:black_tumblestone"
        },
        "X": {
            "item": "minecraft:redstone_block"
        }
    },
    "result": {
        "id": "cobblemon:ancient_origin_ball",
        "count": 1
    }
}