{
	"format_version": "1.12.0",
	"minecraft:geometry": [
		{
			"description": {
				"identifier": "geometry.arctozolt",
				"texture_width": 256,
				"texture_height": 256,
				"visible_bounds_width": 7,
				"visible_bounds_height": 7,
				"visible_bounds_offset": [0, 2.5, 0]
			},
			"bones": [
				{
					"name": "arctozolt",
					"pivot": [0, 0, 0]
				},
				{
					"name": "body",
					"parent": "arctozolt",
					"pivot": [0, 24, 0]
				},
				{
					"name": "torso",
					"parent": "body",
					"pivot": [0, 13.25, -7],
					"cubes": [
						{"origin": [-9, 6, -10], "size": [18, 5, 19], "uv": [0, 61]},
						{"origin": [-12, 11, -13], "size": [24, 18, 25], "uv": [0, 85]}
					]
				},
				{
					"name": "chest",
					"parent": "torso",
					"pivot": [0, 28, -13],
					"cubes": [
						{"origin": [-15, 28, -16], "size": [30, 11, 12], "uv": [98, 105]},
						{"origin": [-17, 28, -4], "size": [34, 11, 21], "uv": [73, 73]},
						{"origin": [-12, 22, 15], "size": [24, 6, 2], "uv": [162, 73]},
						{"origin": [-15, 19, -6], "size": [30, 9, 21], "uv": [154, 43]},
						{"origin": [-11, 13, 12], "size": [22, 6, 3], "uv": [162, 81]}
					]
				},
				{
					"name": "straw",
					"parent": "chest",
					"pivot": [0, 0, 0],
					"cubes": [
						{"origin": [5, 34, 5], "size": [6, 34, 6], "pivot": [8, 38, 8], "rotation": [-36.24621, -9.36381, 24.32991], "uv": [131, 140]},
						{"origin": [-18.1, 22, 0], "size": [0, 8, 6], "uv": [106, 194], "mirror": true},
						{"origin": [-18.1, 30, -1], "size": [0, 8, 9], "uv": [104, 178], "mirror": true},
						{"origin": [-12, 35, 15], "size": [24, 6, 5], "uv": [140, 29]},
						{"origin": [-18, 34, -19], "size": [6, 6, 15], "uv": [108, 48]},
						{"origin": [-18, 35, -4], "size": [6, 6, 24], "uv": [56, 28]},
						{"origin": [-6, 41, 5], "size": [14, 5, 14], "pivot": [-3, 41, 14], "rotation": [-28.06166, 42.24671, 3.97785], "uv": [58, 153]},
						{"origin": [-20, 39, 3], "size": [14, 5, 14], "pivot": [-17, 39, 12], "rotation": [-15, -30, 0], "uv": [58, 153]},
						{"origin": [18.1, 30, -1], "size": [0, 8, 9], "uv": [104, 178]},
						{"origin": [7, 38, -10], "size": [5, 7, 5], "pivot": [11, 38, -6], "rotation": [-16.67119, 10.13129, -20.64032], "uv": [63, 194]},
						{"origin": [-8, 38, -10], "size": [5, 7, 5], "pivot": [-4, 38, -6], "rotation": [-12.92638, 14.63639, -3.31914], "uv": [63, 194]},
						{"origin": [-12, 34, -19], "size": [24, 6, 5], "uv": [140, 29]},
						{"origin": [-11, 37, -11], "size": [5, 7, 5], "pivot": [-7, 37, -7], "rotation": [19.8423, 2.55868, -7.05239], "uv": [63, 194]},
						{"origin": [6, 37, -11], "size": [5, 8, 5], "pivot": [10, 37, -7], "rotation": [35, 0, 20], "uv": [63, 194]},
						{"origin": [-8, 37, -11], "size": [5, 7, 5], "pivot": [-4, 37, -7], "rotation": [35, 0, 20], "uv": [63, 194]},
						{"origin": [12, 34, -19], "size": [6, 6, 15], "uv": [108, 48], "mirror": true},
						{"origin": [12, 35, -4], "size": [6, 6, 24], "uv": [56, 28], "mirror": true},
						{"origin": [18.1, 22, 0], "size": [0, 8, 6], "uv": [106, 194]},
						{"origin": [5, 39, 14], "size": [0, 27, 13], "pivot": [4, 39, 14], "rotation": [-115.41716, 35.4826, -105.34495], "uv": [98, 5]},
						{"origin": [7, 59, 26], "size": [19, 23, 0], "pivot": [14, 63, 23], "rotation": [-36.24621, -9.36381, 24.32991], "uv": [134, 190]},
						{"origin": [1, 39, 16], "size": [0, 27, 13], "pivot": [0, 39, 16], "rotation": [-97.19347, 33.21774, -104.06265], "uv": [98, 5]},
						{"origin": [4, 57, 30], "size": [19, 23, 0], "pivot": [11, 61, 27], "rotation": [-65.55575, 50.14715, -41.84249], "uv": [134, 190]}
					]
				},
				{
					"name": "arms",
					"parent": "chest",
					"pivot": [0, 33.7, -16]
				},
				{
					"name": "arm_left",
					"parent": "arms",
					"pivot": [6.5, 34.5, -16]
				},
				{
					"name": "arm_rotation_left",
					"parent": "arm_left",
					"pivot": [6.5, 34.5, -16],
					"rotation": [0, 90, 0],
					"cubes": [
						{"origin": [6, 32.5, -17], "size": [3, 2, 2], "uv": [0, 42]}
					]
				},
				{
					"name": "wrist_left",
					"parent": "arm_rotation_left",
					"pivot": [9, 32.5, -16]
				},
				{
					"name": "hand_left",
					"parent": "wrist_left",
					"pivot": [9, 34.5, -16],
					"cubes": [
						{"origin": [9, 32.5, -17.5], "size": [5, 2, 3], "inflate": 0.02, "uv": [18, 44]}
					]
				},
				{
					"name": "claws_left",
					"parent": "hand_left",
					"pivot": [14, 34.5, -16]
				},
				{
					"name": "claw_inner_left",
					"parent": "claws_left",
					"pivot": [14, 34.5, -15.5],
					"rotation": [0, -10, 0],
					"cubes": [
						{"origin": [14, 32.5, -15.5], "size": [2, 2, 1], "inflate": 0.01, "uv": [32, 35]}
					]
				},
				{
					"name": "claw_inner_left2",
					"parent": "claw_inner_left",
					"pivot": [16, 34.5, -15],
					"cubes": [
						{"origin": [16, 32.5, -15.5], "size": [3, 2, 1], "uv": [38, 35]}
					]
				},
				{
					"name": "claw_inner_left3",
					"parent": "claw_inner_left2",
					"pivot": [19, 34.5, -15],
					"cubes": [
						{"origin": [19, 32.5, -15], "size": [2, 2, 0], "uv": [56, 40]}
					]
				},
				{
					"name": "claw_middle_left",
					"parent": "claws_left",
					"pivot": [14, 34.5, -16],
					"cubes": [
						{"origin": [14, 32.5, -16.5], "size": [2, 2, 1], "inflate": 0.01, "uv": [34, 41]}
					]
				},
				{
					"name": "claw_middle_left2",
					"parent": "claw_middle_left",
					"pivot": [16, 34.5, -16],
					"cubes": [
						{"origin": [16, 32.5, -16.5], "size": [3, 2, 1], "uv": [40, 41]}
					]
				},
				{
					"name": "claw_middle_left3",
					"parent": "claw_middle_left2",
					"pivot": [19, 34.5, -16],
					"cubes": [
						{"origin": [19, 32.5, -16], "size": [2, 2, 0], "uv": [60, 40]}
					]
				},
				{
					"name": "claw_outer_left",
					"parent": "claws_left",
					"pivot": [14, 34.5, -16.5],
					"rotation": [0, 10, 0],
					"cubes": [
						{"origin": [14, 32.5, -17.5], "size": [2, 2, 1], "inflate": 0.01, "uv": [46, 35]}
					]
				},
				{
					"name": "claw_outer_left2",
					"parent": "claw_outer_left",
					"pivot": [16, 34.5, -17],
					"cubes": [
						{"origin": [16, 32.5, -17.5], "size": [3, 2, 1], "uv": [48, 41]}
					]
				},
				{
					"name": "claw_outer_left3",
					"parent": "claw_outer_left2",
					"pivot": [19, 34.5, -17],
					"cubes": [
						{"origin": [19, 32.5, -17], "size": [2, 2, 0], "uv": [64, 40]}
					]
				},
				{
					"name": "arm_right",
					"parent": "arms",
					"pivot": [-6.5, 34.5, -16]
				},
				{
					"name": "arm_rotation_right",
					"parent": "arm_right",
					"pivot": [-6.5, 34.5, -16],
					"rotation": [0, -90, 0],
					"cubes": [
						{"origin": [-9, 32.5, -17], "size": [3, 2, 2], "uv": [0, 46], "mirror": true}
					]
				},
				{
					"name": "wrist_right",
					"parent": "arm_rotation_right",
					"pivot": [-9, 32.5, -16]
				},
				{
					"name": "hand_right",
					"parent": "wrist_right",
					"pivot": [-9, 34.5, -16],
					"cubes": [
						{"origin": [-14, 32.5, -17.5], "size": [5, 2, 3], "inflate": 0.02, "uv": [18, 49], "mirror": true}
					]
				},
				{
					"name": "claws_right",
					"parent": "hand_right",
					"pivot": [-14, 34.5, -16]
				},
				{
					"name": "claw_inner_right",
					"parent": "claws_right",
					"pivot": [-14, 34.5, -15.5],
					"rotation": [0, 10, 0],
					"cubes": [
						{"origin": [-16, 32.5, -15.5], "size": [2, 2, 1], "inflate": 0.01, "uv": [32, 38], "mirror": true}
					]
				},
				{
					"name": "claw_inner_right2",
					"parent": "claw_inner_right",
					"pivot": [-16, 34.5, -15],
					"cubes": [
						{"origin": [-19, 32.5, -15.5], "size": [3, 2, 1], "uv": [38, 38], "mirror": true}
					]
				},
				{
					"name": "claw_inner_right3",
					"parent": "claw_inner_right2",
					"pivot": [-19, 34.5, -15],
					"cubes": [
						{"origin": [-21, 32.5, -15], "size": [2, 2, 0], "uv": [56, 42], "mirror": true}
					]
				},
				{
					"name": "claw_middle_right",
					"parent": "claws_right",
					"pivot": [-14, 34.5, -16],
					"cubes": [
						{"origin": [-16, 32.5, -16.5], "size": [2, 2, 1], "inflate": 0.01, "uv": [34, 44], "mirror": true}
					]
				},
				{
					"name": "claw_middle_right2",
					"parent": "claw_middle_right",
					"pivot": [-16, 34.5, -16],
					"cubes": [
						{"origin": [-19, 32.5, -16.5], "size": [3, 2, 1], "uv": [40, 44], "mirror": true}
					]
				},
				{
					"name": "claw_middle_right3",
					"parent": "claw_middle_right2",
					"pivot": [-19, 34.5, -16],
					"cubes": [
						{"origin": [-21, 32.5, -16], "size": [2, 2, 0], "uv": [60, 42], "mirror": true}
					]
				},
				{
					"name": "claw_outer_right",
					"parent": "claws_right",
					"pivot": [-14, 34.5, -16.5],
					"rotation": [0, -10, 0],
					"cubes": [
						{"origin": [-16, 32.5, -17.5], "size": [2, 2, 1], "inflate": 0.01, "uv": [46, 38], "mirror": true}
					]
				},
				{
					"name": "claw_outer_right2",
					"parent": "claw_outer_right",
					"pivot": [-16, 34.5, -17],
					"cubes": [
						{"origin": [-19, 32.5, -17.5], "size": [3, 2, 1], "uv": [48, 44], "mirror": true}
					]
				},
				{
					"name": "claw_outer_right3",
					"parent": "claw_outer_right2",
					"pivot": [-19, 34.5, -17],
					"cubes": [
						{"origin": [-21, 32.5, -17], "size": [2, 2, 0], "uv": [64, 42], "mirror": true}
					]
				},
				{
					"name": "neck",
					"parent": "chest",
					"pivot": [0, 39, -7]
				},
				{
					"name": "neck_rotation",
					"parent": "neck",
					"pivot": [0, 39, -7],
					"rotation": [-37.5, 0, 0],
					"cubes": [
						{"origin": [-1.5, 38.5, -7], "size": [3, 6, 3], "inflate": 0.02, "uv": [0, 25]}
					]
				},
				{
					"name": "neck2",
					"parent": "neck_rotation",
					"pivot": [0, 44.5, -4],
					"rotation": [40, 0, 0],
					"cubes": [
						{"origin": [-1.5, 44.5, -7], "size": [3, 6, 3], "inflate": 0.01, "uv": [12, 19]}
					]
				},
				{
					"name": "steam",
					"parent": "neck2",
					"pivot": [0, 6, -2],
					"cubes": [
						{"origin": [5, 45, -6], "size": [0, 27, 15], "pivot": [4, 45, -5], "rotation": [-21.37221, 32.18826, -4.75346], "uv": [173, 132]},
						{"origin": [-5, 45, -6], "size": [0, 27, 15], "pivot": [-4, 45, -5], "rotation": [-21.37221, -32.18826, 4.75346], "uv": [173, 132], "mirror": true},
						{"origin": [0, 45, -6], "size": [0, 23, 15], "pivot": [1, 45, -5], "rotation": [-21.37221, -32.18826, 4.75346], "uv": [17, 153], "mirror": true},
						{"origin": [0, 45, -6], "size": [0, 23, 15], "pivot": [-1, 45, -5], "rotation": [-21.37221, 32.18826, -4.75346], "uv": [17, 153]}
					]
				},
				{
					"name": "neck3",
					"parent": "neck2",
					"pivot": [0, 50.5, -4],
					"rotation": [40, 0, 0],
					"cubes": [
						{"origin": [-1.5, 50.5, -7], "size": [3, 4, 3], "uv": [0, 18]}
					]
				},
				{
					"name": "head",
					"parent": "neck3",
					"pivot": [0, 54.5, -4],
					"rotation": [-42.5, 0, 0]
				},
				{
					"name": "head_ai",
					"parent": "head",
					"pivot": [0, 54.5, -4]
				},
				{
					"name": "head_rotation",
					"parent": "head_ai",
					"pivot": [0, 54.5, -4],
					"rotation": [90, 0, 0],
					"cubes": [
						{"origin": [-2.5, 54.5, -7.5], "size": [5, 6, 6], "inflate": 0.01, "uv": [0, 0]},
						{"origin": [2.5, 57, -6.5], "size": [0, 2, 2], "inflate": 0.02, "uv": [0, 11]},
						{"origin": [-2.5, 57, -6.5], "size": [0, 2, 2], "inflate": 0.02, "uv": [4, 11], "mirror": true}
					]
				},
				{
					"name": "eyes",
					"parent": "head_rotation",
					"pivot": [0, 25.5, -35.5]
				},
				{
					"name": "eye_left",
					"parent": "eyes",
					"pivot": [2.52, 60.02, -4]
				},
				{
					"name": "eye_closed_left",
					"parent": "eye_left",
					"pivot": [2.52, 60.02, -4],
					"cubes": [
						{"origin": [1.52, 58.52, -5], "size": [1, 2, 2], "inflate": 0.01, "uv": [32, 4]}
					]
				},
				{
					"name": "eye_open_left",
					"parent": "eye_left",
					"pivot": [2.42, 59.92, -4],
					"cubes": [
						{"origin": [1.42, 58.42, -5], "size": [1, 2, 2], "inflate": 0.01, "uv": [32, 8]}
					]
				},
				{
					"name": "eyelid_left",
					"parent": "eye_left",
					"pivot": [1.92, 60.02, -4],
					"cubes": [
						{"origin": [1.42, 58.52, -5], "size": [1, 2, 2], "inflate": 0.02, "uv": [32, 0]}
					]
				},
				{
					"name": "eye_right",
					"parent": "eyes",
					"pivot": [-2.52, 60.02, -4]
				},
				{
					"name": "eye_closed_right",
					"parent": "eye_right",
					"pivot": [-2.52, 60.02, -4],
					"cubes": [
						{"origin": [-2.52, 58.52, -5], "size": [1, 2, 2], "inflate": 0.01, "uv": [38, 4], "mirror": true}
					]
				},
				{
					"name": "eye_open_right",
					"parent": "eye_right",
					"pivot": [-2.42, 59.92, -4],
					"cubes": [
						{"origin": [-2.42, 58.42, -5], "size": [1, 2, 2], "inflate": 0.01, "uv": [38, 8], "mirror": true}
					]
				},
				{
					"name": "eyelid_right",
					"parent": "eye_right",
					"pivot": [-1.92, 60.02, -4],
					"cubes": [
						{"origin": [-2.42, 58.52, -5], "size": [1, 2, 2], "inflate": 0.02, "uv": [38, 0], "mirror": true}
					]
				},
				{
					"name": "head_fur",
					"parent": "head_rotation",
					"pivot": [0, 58, -2.5]
				},
				{
					"name": "head_fur_top",
					"parent": "head_fur",
					"pivot": [0, 59.5, -1.5],
					"rotation": [-32.5, 0, 0],
					"cubes": [
						{"origin": [-2, 59.5, -1.5], "size": [4, 0, 5], "uv": [25, 23]}
					]
				},
				{
					"name": "head_fur_top2",
					"parent": "head_fur_top",
					"pivot": [0, 59.5, 3.5],
					"rotation": [-10, 0, 0],
					"cubes": [
						{"origin": [-1.5, 59.5, 3.5], "size": [3, 0, 5], "uv": [19, 23]}
					]
				},
				{
					"name": "head_fur_left",
					"parent": "head_fur",
					"pivot": [2.5, 57.5, -5.5],
					"rotation": [0, -2, 45],
					"cubes": [
						{"origin": [2.5, 57.5, -5.5], "size": [5, 0, 4], "uv": [-4, 38]}
					]
				},
				{
					"name": "head_fur_left2",
					"parent": "head_fur_left",
					"pivot": [7.5, 57.5, -4],
					"rotation": [0, 0, 12.5],
					"cubes": [
						{"origin": [7.5, 57.5, -5], "size": [6, 0, 3], "uv": [7, 39]}
					]
				},
				{
					"name": "head_fur_right",
					"parent": "head_fur",
					"pivot": [-2.5, 57.5, -5.5],
					"rotation": [0, 2, -45],
					"cubes": [
						{"origin": [-7.5, 57.5, -5.5], "size": [5, 0, 4], "uv": [-4, 34], "mirror": true}
					]
				},
				{
					"name": "head_fur_right2",
					"parent": "head_fur_right",
					"pivot": [-7.5, 57.5, -4],
					"rotation": [0, 0, -12.5],
					"cubes": [
						{"origin": [-13.5, 57.5, -5], "size": [6, 0, 3], "uv": [7, 36], "mirror": true}
					]
				},
				{
					"name": "head_fur_top_left",
					"parent": "head_fur",
					"pivot": [3.5, 57.35, -4.25],
					"rotation": [-15, -45, 52.5],
					"cubes": [
						{"origin": [3.5, 57.35, -4.25], "size": [5, 0, 4], "uv": [8, 32]}
					]
				},
				{
					"name": "head_fur_top_left2",
					"parent": "head_fur_top_left",
					"pivot": [8.5, 57.35, -2.75],
					"rotation": [0, 0, 20],
					"cubes": [
						{"origin": [8.5, 57.35, -3.75], "size": [6, 0, 3], "uv": [19, 31]}
					]
				},
				{
					"name": "head_fur_top_right",
					"parent": "head_fur",
					"pivot": [-3.5, 57.35, -4.25],
					"rotation": [-15, 45, -52.5],
					"cubes": [
						{"origin": [-8.5, 57.35, -4.25], "size": [5, 0, 4], "uv": [8, 28], "mirror": true}
					]
				},
				{
					"name": "head_fur_top_right2",
					"parent": "head_fur_top_right",
					"pivot": [-8.5, 57.35, -2.75],
					"rotation": [0, 0, -20],
					"cubes": [
						{"origin": [-14.5, 57.35, -3.75], "size": [6, 0, 3], "uv": [19, 28], "mirror": true}
					]
				},
				{
					"name": "head_fur_bottom_left",
					"parent": "head_fur",
					"pivot": [2.5, 57.5, -4.5],
					"rotation": [10, 20, 45],
					"cubes": [
						{"origin": [2.3953, 57.5, -7.49817], "size": [5, 0, 3], "uv": [19, 37]}
					]
				},
				{
					"name": "head_fur_bottom_left2",
					"parent": "head_fur_bottom_left",
					"pivot": [7.3953, 57.5, -5.99817],
					"rotation": [0, 0, 12.5],
					"cubes": [
						{"origin": [7.3953, 57.5, -6.99817], "size": [5, 0, 2], "uv": [20, 42]}
					]
				},
				{
					"name": "head_fur_bottom_right",
					"parent": "head_fur",
					"pivot": [-2.5, 57.5, -4.5],
					"rotation": [10, -20, -45],
					"cubes": [
						{"origin": [-7.3953, 57.5, -7.49817], "size": [5, 0, 3], "uv": [19, 34], "mirror": true}
					]
				},
				{
					"name": "head_fur_bottom_right2",
					"parent": "head_fur_bottom_right",
					"pivot": [-7.3953, 57.5, -5.99817],
					"rotation": [0, 0, -12.5],
					"cubes": [
						{"origin": [-12.3953, 57.5, -6.99817], "size": [5, 0, 2], "uv": [20, 40], "mirror": true}
					]
				},
				{
					"name": "jaw",
					"parent": "head_rotation",
					"pivot": [0, 60.5, -6],
					"cubes": [
						{"origin": [-1.5, 60.5, -7], "size": [3, 3, 1], "inflate": 0.03, "uv": [16, 0]}
					]
				},
				{
					"name": "tongue",
					"parent": "jaw",
					"pivot": [0, 61, -6],
					"rotation": [-2.5, 0, 0],
					"cubes": [
						{"origin": [-0.5, 61, -7], "size": [1, 2, 1], "uv": [22, 5]}
					]
				},
				{
					"name": "tongue_bend",
					"parent": "tongue",
					"pivot": [0, 63, -6.5],
					"cubes": [
						{"origin": [-0.5, 63, -6.5], "size": [1, 2, 0], "inflate": 0.01, "uv": [25, 4]}
					]
				},
				{
					"name": "jaw2",
					"parent": "jaw",
					"pivot": [0, 63.5, -7],
					"cubes": [
						{"origin": [-1.5, 63.5, -7], "size": [3, 3, 1], "inflate": 0.01, "uv": [24, 0]},
						{"origin": [1.5, 64.5, -8], "size": [0, 1, 1], "pivot": [1.5, 66.5, -6], "rotation": [45, 0, 0], "uv": [46, 6]},
						{"origin": [1.5, 65.5, -7], "size": [0, 1, 1], "pivot": [1.5, 66.5, -6], "rotation": [45, 0, 0], "uv": [46, 5]},
						{"origin": [-1.5, 64.5, -8], "size": [0, 1, 1], "pivot": [-1.5, 66.5, -6], "rotation": [45, 0, 0], "uv": [44, 6], "mirror": true},
						{"origin": [-1.5, 65.5, -7], "size": [0, 1, 1], "pivot": [-1.5, 66.5, -6], "rotation": [45, 0, 0], "uv": [44, 5], "mirror": true}
					]
				},
				{
					"name": "muzzle",
					"parent": "head_rotation",
					"pivot": [0, 60.5, -6],
					"cubes": [
						{"origin": [-1.5, 60, -6], "size": [3, 5, 2], "inflate": 0.02, "uv": [22, 8]},
						{"origin": [1.5, 63.85, -9.55], "size": [0, 2, 2], "pivot": [-0.5, 68, -6], "rotation": [45, 0, 0], "uv": [48, 0]},
						{"origin": [1.5, 62.35, -11.05], "size": [0, 2, 2], "pivot": [-0.5, 68, -6], "rotation": [45, 0, 0], "uv": [48, 2]},
						{"origin": [-1.5, 63.85, -9.55], "size": [0, 2, 2], "pivot": [0.5, 68, -6], "rotation": [45, 0, 0], "uv": [44, 0], "mirror": true},
						{"origin": [-1.5, 62.35, -11.05], "size": [0, 2, 2], "pivot": [0.5, 68, -6], "rotation": [45, 0, 0], "uv": [44, 2], "mirror": true}
					]
				},
				{
					"name": "muzzle2",
					"parent": "muzzle",
					"pivot": [0, 65, -6],
					"cubes": [
						{"origin": [-2, 65, -6], "size": [4, 3, 3], "inflate": 0.01, "uv": [10, 12]},
						{"origin": [2, 65.75, -7.75], "size": [0, 2, 2], "pivot": [-0.5, 68, -6], "rotation": [45, 0, 0], "uv": [48, -2]},
						{"origin": [-2, 65.75, -7.75], "size": [0, 2, 2], "pivot": [0.5, 68, -6], "rotation": [45, 0, 0], "uv": [44, -2], "mirror": true},
						{"origin": [0.25, 68.02, -5], "size": [1, 0, 1], "pivot": [0.75, 68.02, -5], "rotation": [0, 22.5, 0], "uv": [-1, 1]},
						{"origin": [-1.25, 68.02, -5], "size": [1, 0, 1], "pivot": [-0.75, 68.02, -5], "rotation": [0, -22.5, 0], "uv": [-1, 0], "mirror": true},
						{"origin": [1, 68, -7], "size": [1, 0, 1], "pivot": [2, 68, -6], "rotation": [0, 45, 0], "uv": [1, 15], "mirror": true},
						{"origin": [0, 68, -7.5], "size": [2, 0, 1], "pivot": [2, 68, -6], "rotation": [0, 45, 0], "uv": [1, 15], "mirror": true},
						{"origin": [-2, 68, -7.5], "size": [2, 0, 1], "pivot": [-2, 68, -6], "rotation": [0, -45, 0], "uv": [1, 16]},
						{"origin": [-2, 68, -7], "size": [1, 0, 1], "pivot": [-2, 68, -6], "rotation": [0, -45, 0], "uv": [1, 16]}
					]
				},
				{
					"name": "mucus",
					"parent": "muzzle2",
					"pivot": [0.9, 68.02, -4.65],
					"cubes": [
						{"origin": [0.4, 68.02, -6.65], "size": [1, 0, 2], "inflate": 0.01, "uv": [0, 0]}
					]
				},
				{
					"name": "mucus2",
					"parent": "mucus",
					"pivot": [0.9, 68.02, -6.65],
					"cubes": [
						{"origin": [-0.1, 68.02, -8.65], "size": [2, 0, 2], "inflate": 0.01, "uv": [-2, 2]}
					]
				},
				{
					"name": "mucus3",
					"parent": "mucus2",
					"pivot": [0.9, 68.02, -8.65],
					"cubes": [
						{"origin": [-0.1, 68.02, -10.65], "size": [2, 0, 2], "inflate": 0.01, "uv": [-2, 4]}
					]
				},
				{
					"name": "mucus4",
					"parent": "muzzle2",
					"pivot": [-0.9, 68.02, -4.65]
				},
				{
					"name": "mucus5",
					"parent": "mucus4",
					"pivot": [-0.9, 68.02, -6.65]
				},
				{
					"name": "mucus6",
					"parent": "mucus5",
					"pivot": [-0.9, 68.02, -8.65]
				},
				{
					"name": "tail",
					"parent": "torso",
					"pivot": [0, 11, 9],
					"cubes": [
						{"origin": [-6.5, 6, 8], "size": [12, 12, 8], "inflate": 0.03, "uv": [216, 73]},
						{"origin": [-5.5, 6, 8], "size": [12, 12, 8], "inflate": 0.03, "uv": [216, 73], "mirror": true}
					]
				},
				{
					"name": "tail2",
					"parent": "tail",
					"pivot": [0, 12.5, 16],
					"cubes": [
						{"origin": [-5.5, 7, 14.5], "size": [10, 11, 8], "inflate": 0.02, "uv": [183, 90]},
						{"origin": [-4.5, 7, 14.5], "size": [10, 11, 8], "inflate": 0.02, "uv": [183, 90], "mirror": true}
					]
				},
				{
					"name": "tail3",
					"parent": "tail2",
					"pivot": [0, 14.5, 22.5],
					"cubes": [
						{"origin": [-4, 10, 21], "size": [7, 8, 7], "inflate": 0.01, "uv": [182, 113]},
						{"origin": [-3, 10, 21], "size": [7, 8, 7], "inflate": 0.01, "uv": [182, 113], "mirror": true}
					]
				},
				{
					"name": "tail_fin",
					"parent": "tail3",
					"pivot": [0.5, 18, 25],
					"rotation": [5, 0, 0],
					"cubes": [
						{"origin": [-0.5, 17, 17], "size": [0, 21, 16], "inflate": 0.01, "uv": [224, 91]}
					]
				},
				{
					"name": "tail4",
					"parent": "tail3",
					"pivot": [0, 15.5, 28],
					"cubes": [
						{"origin": [-3, 13, 27], "size": [5, 5, 6], "uv": [219, 96]},
						{"origin": [-2, 13, 27], "size": [5, 5, 6], "uv": [219, 96], "mirror": true}
					]
				},
				{
					"name": "tail5",
					"parent": "tail4",
					"pivot": [0, 16, 33],
					"cubes": [
						{"origin": [-2, 14.5, 31.5], "size": [3, 3, 4], "uv": [170, 105]},
						{"origin": [-1, 14.5, 31.5], "size": [3, 3, 4], "uv": [170, 105], "mirror": true}
					]
				},
				{
					"name": "legs",
					"parent": "body",
					"pivot": [0, 14, -7]
				},
				{
					"name": "leg_left",
					"parent": "legs",
					"pivot": [12, 13, -7],
					"rotation": [0, 0, -7.5],
					"cubes": [
						{"origin": [10, 10, -10], "size": [4, 5, 6], "uv": [236, 42]}
					]
				},
				{
					"name": "leg_left2",
					"parent": "leg_left",
					"pivot": [12.5, 10, -7],
					"cubes": [
						{"origin": [10, 0, -11], "size": [5, 10, 8], "uv": [230, 6]}
					]
				},
				{
					"name": "leg_left3",
					"parent": "leg_left2",
					"pivot": [12.5, 0, -7]
				},
				{
					"name": "leg_left3_rot",
					"parent": "leg_left3",
					"pivot": [10, 0, -7],
					"cubes": [
						{"origin": [10, -12, -11.5], "size": [5, 12, 9], "inflate": 0.01, "uv": [202, 0]},
						{"origin": [15.02, -8, -8], "size": [0, 5, 2], "uv": [196, -2]}
					]
				},
				{
					"name": "leg_left4",
					"parent": "leg_left3_rot",
					"pivot": [12, -12, -7],
					"cubes": [
						{"origin": [10, -16, -10], "size": [4, 4, 6], "uv": [182, 0]}
					]
				},
				{
					"name": "leg_right",
					"parent": "legs",
					"pivot": [-12, 13, -7],
					"rotation": [0, 0, 7.5],
					"cubes": [
						{"origin": [-14, 10, -10], "size": [4, 5, 6], "uv": [236, 53], "mirror": true}
					]
				},
				{
					"name": "leg_right2",
					"parent": "leg_right",
					"pivot": [-12.5, 10, -7],
					"cubes": [
						{"origin": [-15, 0, -11], "size": [5, 10, 8], "uv": [230, 24], "mirror": true}
					]
				},
				{
					"name": "leg_right3",
					"parent": "leg_right2",
					"pivot": [-12.5, 0, -7]
				},
				{
					"name": "leg_right3_rot",
					"parent": "leg_right3",
					"pivot": [-10, 0, -7],
					"cubes": [
						{"origin": [-15, -12, -11.5], "size": [5, 12, 9], "inflate": 0.01, "uv": [202, 21], "mirror": true},
						{"origin": [-15.02, -8, -8], "size": [0, 5, 2], "uv": [200, -2], "mirror": true}
					]
				},
				{
					"name": "leg_right4",
					"parent": "leg_right3_rot",
					"pivot": [-12, -12, -7],
					"cubes": [
						{"origin": [-14, -16, -10], "size": [4, 4, 6], "uv": [182, 10], "mirror": true}
					]
				}
			]
		}
	]
}